Date,Portfolio_Return,Actual_Loss,Historical_VaR_95,Historical_ES_95,Historical_Breach_95,Historical_VaR_99,Historical_ES_99,Historical_Breach_99,Parametric_Normal_VaR_95,Parametric_Normal_ES_95,Parametric_Normal_Breach_95,Parametric_Normal_VaR_99,Parametric_Normal_ES_99,Parametric_Normal_Breach_99,Monte_Carlo_Normal_VaR_95,Monte_Carlo_Normal_ES_95,Monte_Carlo_Normal_Breach_95,Monte_Carlo_Normal_VaR_99,Monte_Carlo_Normal_ES_99,Monte_Carlo_Normal_Breach_99
2019-01-02,0.0025733457436928,-0.0025733457436928,0.013690521447135489,0.018113190174040603,False,0.022788890237583206,0.02456357167818767,False,0.012624852494774073,0.015813516565347362,False,0.017825303558467464,0.02041117696623,False,0.012578321961223535,0.0157001863250119,False,0.017804675994861286,0.02022223377039925,False
2019-01-03,-0.0140768248415361,0.0140768248415361,0.013690521447135489,0.018113190174040603,True,0.022788890237583206,0.02456357167818767,False,0.012626111043223918,0.0158121005775895,True,0.017822200156470843,0.020405904627053245,False,0.012581220827439682,0.01569886803486571,True,0.017798528073545393,0.020216779621480593,False
2019-01-04,0.0205665405421471,-0.0205665405421471,0.013906872123152633,0.01814224192077282,False,0.022788890237583206,0.02456357167818767,False,0.012774157692379908,0.01598054571421428,False,0.018003515075192697,0.020603761867304327,False,0.012729837021215232,0.015866247542519706,False,0.01797106214047425,0.02041241013187806,False
2019-01-07,0.0060592407432318,-0.0060592407432318,0.013906872123152633,0.01814224192077282,False,0.022788890237583206,0.02456357167818767,False,0.01288370627499582,0.016134301220106548,False,0.01818516154459973,0.02082125830547862,False,0.012840432992943096,0.016018174370920357,False,0.018150091639163868,0.02062720813431446,False
2019-01-08,0.0050875411303901,-0.0050875411303901,0.013906872123152633,0.01814224192077282,False,0.022788890237583206,0.02456357167818767,False,0.012880539741042743,0.016134909339778163,False,0.018188151162885698,0.020827309010230756,False,0.012839034005764161,0.016018671323599045,False,0.01815241552510666,0.020633289120620776,False
2019-01-09,0.0045566190316705,-0.0045566190316705,0.013906872123152633,0.01814224192077282,False,0.022788890237583206,0.02456357167818767,False,0.012859181277780945,0.01611578234887645,False,0.01817043204906673,0.020811399527313135,False,0.012815588178345232,0.015999672840267733,False,0.018136951791420167,0.02061929129390231,False
2019-01-10,-4.363727212987613e-05,4.363727212987613e-05,0.013906872123152633,0.01814224192077282,False,0.022788890237583206,0.02456357167818767,False,0.012845085695236052,0.01610383121587859,False,0.01815983388885328,0.020802540426133567,False,0.012796817001142796,0.015987712759060534,False,0.018126988643692506,0.020610683657323704,False
2019-01-11,0.0002793411904492,-0.0002793411904492,0.013906872123152633,0.01814224192077282,False,0.022788890237583206,0.02456357167818767,False,0.0128539142654153,0.016108817021113157,False,0.018162395222785063,0.020801985438162883,False,0.012812982455028436,0.015992951619683955,False,0.018131792068298014,0.020610331469916497,False
2019-01-14,-0.0050365627357551,0.0050365627357551,0.013906872123152633,0.01814224192077282,False,0.022788890237583206,0.02456357167818767,False,0.012860455799873015,0.01611059725323928,False,0.018161171461423944,0.020796900459435157,False,0.01282433572356055,0.01599484592212043,False,0.01812687297004836,0.020604833319686513,False
2019-01-15,0.0084773931818056,-0.0084773931818056,0.013906872123152633,0.01814224192077282,False,0.022788890237583206,0.02456357167818767,False,0.012886697971906327,0.01613940232844528,False,0.01819159351952727,0.02082940092498883,False,0.012849373159492833,0.016023580780658655,False,0.01815630544632192,0.020637466827675012,False
2019-01-16,0.0016017047390219,-0.0016017047390219,0.013906872123152633,0.01814224192077282,False,0.022788890237583206,0.02456357167818767,False,0.012892875029566413,0.016150658066932833,False,0.018206053491450765,0.02084797949498587,False,0.012856695101333436,0.016034533434818164,False,0.0181639796019121,0.02065528602929322,False
2019-01-17,0.0048595597933648,-0.0048595597933648,0.013906872123152633,0.01814224192077282,False,0.022788890237583206,0.02456357167818767,False,0.012873142647575601,0.016130404201203742,False,0.018185470612009792,0.020826973714009475,False,0.012837935675141694,0.01601451347226852,False,0.018146923400995742,0.020635438812476682,False
2019-01-18,0.0054117148327949,-0.0054117148327949,0.013906872123152633,0.01814224192077282,False,0.022788890237583206,0.02456357167818767,False,0.012870604197655134,0.01612990243490104,False,0.018186253826978444,0.02082940859434351,False,0.012836175112087664,0.016013860857749827,False,0.018144213665321346,0.02063741640196419,False
2019-01-22,-0.0085238573002795,0.0085238573002795,0.013906872123152633,0.01814224192077282,False,0.022788890237583206,0.02456357167818767,False,0.01286958435962033,0.016127624034777324,False,0.018183181376812307,0.020825315502878788,False,0.012842443660682705,0.01601195119361759,False,0.018156245705724702,0.020633697407251312,False
2019-01-23,0.0008681602737759,-0.0008681602737759,0.013906872123152633,0.01814224192077282,False,0.022788890237583206,0.02456357167818767,False,0.012943083714263254,0.01620653781619092,False,0.018265511219971935,0.02091203622005169,False,0.012908288093419052,0.01609039004279465,False,0.01822512651708051,0.020719976177112916,False
2019-01-24,0.0029095950559651,-0.0029095950559651,0.013906872123152633,0.01814224192077282,False,0.022788890237583206,0.02456357167818767,False,0.012935491156236963,0.016198949398106323,False,0.018257925413852936,0.020904453771252534,False,0.012904939263726252,0.01608253446495153,False,0.018209091256059563,0.02071049869459207,False
2019-01-25,0.0076064382154609,-0.0076064382154609,0.013906872123152633,0.01814224192077282,False,0.022788890237583206,0.02456357167818767,False,0.012930253580315505,0.01619460531866049,False,0.018254145057818628,0.020901398003548986,False,0.012901402173230433,0.016078197360570846,False,0.018208358286595297,0.02070671097330924,False
2019-01-28,-0.0058024077156746,0.0058024077156746,0.013906872123152633,0.01814224192077282,False,0.022788890237583206,0.02456357167818767,False,0.012929652459540317,0.016193616426796977,False,0.01825291151402109,0.02089984999359151,False,0.012896510643206238,0.016077601696227673,False,0.01822059414334862,0.02070751409257351,False
2019-01-29,-0.0010384185106939,0.0010384185106939,0.013906872123152633,0.01814224192077282,False,0.022788890237583206,0.02456357167818767,False,0.012926979320371469,0.016190567194680133,False,0.018249624997924426,0.020896258481819058,False,0.012907200017851846,0.016074914815276706,False,0.01822406061966308,0.020705464135561437,False
2019-01-30,0.013402150679145,-0.013402150679145,0.013906872123152633,0.01814224192077282,False,0.022788890237583206,0.02456357167818767,False,0.01287308356053078,0.016130035251447204,False,0.01818490616415145,0.0208261579804313,False,0.01284685180741724,0.01601472475504311,False,0.0181640315012686,0.020636083845760524,False
2019-01-31,0.0090471824317198,-0.0090471824317198,0.013906872123152633,0.01814224192077282,False,0.022788890237583206,0.02456357167818767,False,0.012904391804722302,0.01617943873139735,False,0.018245726262199627,0.02090165255905184,False,0.01287516128304868,0.0160634965060283,False,0.018216689641430733,0.020711513123957973,False
2019-02-01,-0.0023714588661334,0.0023714588661334,0.013906872123152633,0.01814224192077282,False,0.022788890237583206,0.02456357167818767,False,0.012872085761905934,0.01615318375926531,False,0.018223289022204853,0.02088412248469909,False,0.012841545027717102,0.01603672210613398,False,0.018197332136945864,0.020693354799727635,False
2019-02-04,0.0043762398315829,-0.0043762398315829,0.013690521447135489,0.017848504943866726,False,0.022788890237583206,0.02456357167818767,False,0.012683206242958588,0.0159317122809981,False,0.017981254675479633,0.020615657419953158,False,0.012642638589880344,0.01581776760512114,False,0.017951580867420196,0.02043006676910551,False
2019-02-05,0.005189421356743,-0.005189421356743,0.013544292171854995,0.017030345895163317,False,0.02002930458997021,0.023692654581424204,False,0.012318996532657597,0.015504134597729572,False,0.01751369696892393,0.0200967109334652,False,0.01227300070275281,0.015392223401147988,False,0.0175132262954451,0.019913455953322542,False
2019-02-06,-0.0021874468108988,0.0021874468108988,0.013544292171854995,0.017030345895163317,False,0.02002930458997021,0.023692654581424204,False,0.012298537548056682,0.015471874298226917,False,0.017473991002114983,0.020047434593074835,False,0.01225798151921907,0.015360537301478076,False,0.017478251948671763,0.01986422585415731,False
2019-02-07,-0.0054839317234878,0.0054839317234878,0.013544292171854995,0.017030345895163317,False,0.02002930458997021,0.023692654581424204,False,0.012248350529300053,0.01541485514794297,False,0.017412661333997315,0.019980564351587314,False,0.012200996963111953,0.015303696923332964,False,0.017401123596161337,0.019799547235681277,False
2019-02-08,0.0024024618912814,-0.0024024618912814,0.013353344079382809,0.016094630848752484,False,0.01747576275610726,0.021274067330100635,False,0.011889251706631625,0.014984913739281892,False,0.016938024030784576,0.019448476669406748,False,0.011848285150553901,0.014876799730795537,False,0.016931891711577492,0.019270503053679347,False
2019-02-11,-0.0015368843296035,0.0015368843296035,0.013353344079382809,0.016094630848752484,False,0.01747576275610726,0.021274067330100635,False,0.011884433098936371,0.014972359753899676,False,0.016920589652901594,0.019424769223236545,False,0.011843921535719013,0.014864478795742202,False,0.016926053231698632,0.01924686586717027,False
2019-02-12,0.0086472059211877,-0.0086472059211877,0.013353344079382809,0.016094630848752484,False,0.01747576275610726,0.021274067330100635,False,0.011878642465589484,0.01495143060947034,False,0.01689010934252413,0.019382012212531042,False,0.011848737265951731,0.014844395363175956,False,0.01690090124599313,0.019205120991850108,False
2019-02-13,0.0001242051482889,-0.0001242051482889,0.013353344079382809,0.016094630848752484,False,0.01747576275610726,0.021274067330100635,False,0.011885498906523972,0.01496472105116981,False,0.01690745911401383,0.019404579689967637,False,0.011849504084242278,0.014857424599825851,False,0.01690518407850797,0.019228056323268846,False
2019-02-14,0.0013980396515202,-0.0013980396515202,0.013353344079382809,0.016094630848752484,False,0.01747576275610726,0.021274067330100635,False,0.011879924203467623,0.014947269438720701,False,0.016882514140299315,0.01937000303869619,False,0.011839289420686452,0.01483995893614755,False,0.016884311061871805,0.019189308867937748,False
2019-02-15,0.0066170687652628,-0.0066170687652628,0.013353344079382809,0.016094630848752484,False,0.01747576275610726,0.021274067330100635,False,0.011868411316000454,0.01492348043780711,False,0.01685097991291753,0.019328513395940064,False,0.011822218477562206,0.014816767516995363,False,0.01684088884465391,0.019148223451145422,False
2019-02-19,0.0039784489949638,-0.0039784489949638,0.013353344079382809,0.016094630848752484,False,0.01747576275610726,0.021274067330100635,False,0.01185892180284287,0.014918716848267243,False,0.01684919799578159,0.01933056400551114,False,0.01181009299508798,0.014811618770758359,False,0.016841476021363055,0.019149528993566808,False
2019-02-20,-6.996420319658741e-05,6.996420319658741e-05,0.013353344079382809,0.016094630848752484,False,0.01747576275610726,0.021274067330100635,False,0.011818114996408315,0.014876562159920984,False,0.01680619290386875,0.01928646583765329,False,0.011776887841460386,0.014770145844611596,False,0.016790307078202275,0.01910714903387091,False
2019-02-21,-0.0058207999193678,0.0058207999193678,0.013353344079382809,0.016094630848752484,False,0.01747576275610726,0.021274067330100635,False,0.011778390720632016,0.01483261311983185,False,0.01675957838202756,0.019236425208373736,False,0.011744989370439687,0.014727194816887283,False,0.016754219304169128,0.019059761662551453,False
2019-02-22,0.0060614779502862,-0.0060614779502862,0.013353344079382809,0.016094630848752484,False,0.01747576275610726,0.021274067330100635,False,0.011824419052134962,0.014882537997487587,False,0.01681196166254254,0.01929196842510514,False,0.011784144355306806,0.01477653741113149,False,0.01679295593089953,0.019113349199490447,False
2019-02-25,0.0007078179572579,-0.0007078179572579,0.013353344079382809,0.016094630848752484,False,0.01747576275610726,0.021274067330100635,False,0.0117930208691911,0.014836037028996588,False,0.01675593206800278,0.01922369110215464,False,0.011745990529510758,0.014730727021109022,False,0.016730303587021433,0.019045852595067074,False
2019-02-26,0.0012144174994259,-0.0012144174994259,0.013353344079382809,0.016094630848752484,False,0.01747576275610726,0.021274067330100635,False,0.011793174322670585,0.014828416554971188,False,0.01674340687968524,0.01920486158325732,False,0.011737457612208544,0.014723459545781758,False,0.01671452584587209,0.019027283044490927,False
2019-02-27,-0.0036589680470048,0.0036589680470048,0.013353344079382809,0.016094630848752484,False,0.01747576275610726,0.021274067330100635,False,0.01170236396100283,0.014725875343119811,False,0.016633464458018297,0.01908540593195286,False,0.011658589521582554,0.01462173389967596,False,0.016617034194221444,0.01890808548739823,False
2019-02-28,-0.0028441275197942,0.0028441275197942,0.013353344079382809,0.016094630848752484,False,0.01747576275610726,0.021274067330100635,False,0.011695372276464852,0.01471800372760805,False,0.016625037677820417,0.019076265564479736,False,0.011644635991028359,0.014613280713500616,False,0.016590323288052475,0.01889674585838547,False
2019-03-01,-0.0001715434853287,0.0001715434853287,0.013353344079382809,0.016094630848752484,False,0.01747576275610726,0.021274067330100635,False,0.011637820519829714,0.014651953744738664,False,0.016553626007227186,0.01899796218728276,False,0.011590880475328757,0.01454745789416551,False,0.016511975673341773,0.01881815475481129,False
2019-03-04,-0.0002381952657466,0.0002381952657466,0.013353344079382809,0.016094630848752484,False,0.01747576275610726,0.021274067330100635,False,0.011647684618345689,0.014660554929318859,False,0.01656143039610448,0.019004742405695392,False,0.011594805297553855,0.014555981865978172,False,0.016491025348486326,0.01882298843274417,False
2019-03-05,0.0002577493766792,-0.0002577493766792,0.013353344079382809,0.016094630848752484,False,0.01747576275610726,0.021274067330100635,False,0.011656333458006147,0.01466444993946838,False,0.01656232612750718,0.019001782979876976,False,0.011608047480354168,0.01456024016671946,False,0.016489121065201836,0.018820210647089185,False
2019-03-06,-0.003241872808095,0.003241872808095,0.013353344079382809,0.016094630848752484,False,0.01747576275610726,0.021274067330100635,False,0.011664531633557042,0.014671054376447897,False,0.01656792504541747,0.01900608944235783,False,0.011613197238413201,0.01456682953014552,False,0.01650491276378137,0.01882402774386319,False
2019-03-07,-0.0052406715395467,0.0052406715395467,0.013353344079382809,0.016094630848752484,False,0.01747576275610726,0.021274067330100635,False,0.011679450756912856,0.01468722970010906,False,0.016584892929028226,0.019024076051959327,False,0.011627128504602995,0.014583059022501635,False,0.01652855383747568,0.01884195584487015,False
2019-03-08,0.0013053640642486,-0.0013053640642486,0.013353344079382809,0.016094630848752484,False,0.01747576275610726,0.021274067330100635,False,0.011722917257248479,0.014732240273730633,False,0.016630877686974126,0.01907131298886212,False,0.011671380168333743,0.01462800400339592,False,0.016576453638695945,0.018889185196929486,False
2019-03-11,0.0096748739613446,-0.0096748739613446,0.013353344079382809,0.016094630848752484,False,0.01747576275610726,0.021274067330100635,False,0.011709861065010145,0.014706374510498055,False,0.016596930129064116,0.019026977403782817,False,0.011654892029351868,0.014602722150760241,False,0.01652380629359966,0.018844924267422628,False
2019-03-12,0.0051927401531336,-0.0051927401531336,0.013353344079382809,0.016094630848752484,False,0.01747576275610726,0.021274067330100635,False,0.011719602051277242,0.014726409802145343,False,0.016623460287906167,0.0190618558144146,False,0.011663660965624888,0.014621958928245568,False,0.016551527167993428,0.018879959128098624,False
2019-03-13,0.0051978834986246,-0.0051978834986246,0.013353344079382809,0.016094630848752484,False,0.01747576275610726,0.021274067330100635,False,0.011681116225551845,0.014688189546443966,False,0.016585407585232723,0.019024018477940864,False,0.011622376992310874,0.014583704403624855,False,0.01650876968234693,0.018841223148042756,False
2019-03-14,-0.0038562599885139,0.0038562599885139,0.013353344079382809,0.016094630848752484,False,0.01747576275610726,0.021274067330100635,False,0.011670052260060512,0.014680033516073027,False,0.016579086224780774,0.01902005533144087,False,0.011613355781616154,0.014575155779655211,False,0.016509167100103264,0.01883807767992783,False
2019-03-15,0.0063054121504884,-0.0063054121504884,0.013353344079382809,0.016094630848752484,False,0.01747576275610726,0.021274067330100635,False,0.011685030915336323,0.014696533556781083,False,0.016596546135627662,0.019038749022342708,False,0.011629614979060782,0.014591461282921433,False,0.016508045909393823,0.018855172726789878,False
2019-03-18,0.0020162358109164,-0.0020162358109164,0.013353344079382809,0.016094630848752484,False,0.01747576275610726,0.021274067330100635,False,0.01167029636818613,0.01468587080899263,False,0.016588452361181415,0.019033957307147048,False,0.011609179951124761,0.014580524029155465,False,0.0164926413465081,0.018849531548987317,False
2019-03-19,0.0009104915993466,-0.0009104915993466,0.013353344079382809,0.016094630848752484,False,0.01747576275610726,0.021274067330100635,False,0.011561086550281497,0.014562200298447278,False,0.0164556583328486,0.01888943626093783,False,0.01149649119030681,0.014457399180157935,False,0.016361102227416602,0.01870552806494128,False
2019-03-20,0.0028519313329018,-0.0028519313329018,0.013353344079382809,0.016094630848752484,False,0.01747576275610726,0.021274067330100635,False,0.011557725225791054,0.014558883239069407,False,0.016452369201146944,0.01888618302639403,False,0.011501790484356933,0.014454199205925488,False,0.016356719557293488,0.018702716146875423,False
2019-03-21,0.0082621530308706,-0.0082621530308706,0.013353344079382809,0.016094630848752484,False,0.01747576275610726,0.021274067330100635,False,0.011553091621108102,0.014554973812339705,False,0.016448916671649064,0.018883317774975733,False,0.011490742186515255,0.01445066475925342,False,0.016370914165981115,0.018696031651268187,False
2019-03-22,-0.0097306428834906,0.0097306428834906,0.012853195187592228,0.015982483027586654,False,0.01747576275610726,0.021274067330100635,False,0.011385060986615531,0.01436767174100624,False,0.016249455895253808,0.01866822866804665,False,0.011329066440494927,0.014263997074149644,False,0.016161902421789245,0.01848113055378276,False
2019-03-25,0.0006927809367438,-0.0006927809367438,0.012066647183601897,0.01590223493494989,False,0.01747576275610726,0.021274067330100635,False,0.011331102268776592,0.014303655387309235,False,0.016179093993530114,0.018589710443632734,False,0.011275394760119949,0.014200142211484697,False,0.016101532865728435,0.01839995322215169,False
2019-03-26,0.0032574939104178,-0.0032574939104178,0.012066647183601897,0.01590223493494989,False,0.01747576275610726,0.021274067330100635,False,0.011223621935009226,0.014148992149448258,False,0.015994662190949777,0.018367015276114507,False,0.011160163159917694,0.014047555897182666,False,0.015887797310561176,0.018178936972000678,False
2019-03-27,-0.0026412980600369,0.0026412980600369,0.01179522305000401,0.015758128555683953,False,0.01747576275610726,0.021274067330100635,False,0.011067040346381054,0.013969843719725532,False,0.015801275924821265,0.018155328244213224,False,0.011009797332094824,0.013869263867463823,False,0.01568930963926087,0.017967456887304886,False
2019-03-28,0.0006671794145433,-0.0006671794145433,0.01179522305000401,0.015758128555683953,False,0.01747576275610726,0.021274067330100635,False,0.011042581856178455,0.013942177811984868,False,0.015771586398178838,0.01812303763588401,False,0.010977902639353426,0.013841051394504294,False,0.01565637947170346,0.01793463972089327,False
2019-03-29,0.0043609184365297,-0.0043609184365297,0.01179522305000401,0.015758128555683953,False,0.01747576275610726,0.021274067330100635,False,0.011031468885391135,0.013918012163741689,False,0.015739185574906268,0.018080051636253515,False,0.010968887162528352,0.013817984426407318,False,0.015627004376341385,0.01789456089813606,False
2019-04-01,0.004624396207811,-0.004624396207811,0.01164293642472413,0.015610603794152016,False,0.01747576275610726,0.021274067330100635,False,0.010871914726003441,0.013736276757013409,False,0.015543455609985806,0.017866333605992976,False,0.010808451136227219,0.013636989808903327,False,0.015441616828865636,0.017680541384758552,False
2019-04-02,0.0020688041182902,-0.0020688041182902,0.01164293642472413,0.015610603794152016,False,0.01747576275610726,0.021274067330100635,False,0.010871671761584623,0.013735320093462624,False,0.015542048660484881,0.017864347876298953,False,0.01079995413837056,0.013635674945678073,False,0.01544242114977995,0.017677818757074148,False
2019-04-03,0.0001112054364807,-0.0001112054364807,0.01164293642472413,0.015610603794152016,False,0.01747576275610726,0.021274067330100635,False,0.010868849785574213,0.013725767418144347,False,0.015528249462791563,0.017845090362530108,False,0.010801146477346008,0.013626443020872972,False,0.015438215639011427,0.017658676549129015,False
2019-04-04,0.0019145659234795,-0.0019145659234795,0.01164293642472413,0.015610603794152016,False,0.01747576275610726,0.021274067330100635,False,0.010875882261165579,0.013732343673101404,False,0.015534537879733143,0.017851008803588305,False,0.010800399786376988,0.013632543813991687,False,0.015430087088644334,0.017664719907349507,False
2019-04-05,0.0033273879795621,-0.0033273879795621,0.011399927118840933,0.01554863203340163,False,0.01747576275610726,0.021274067330100635,False,0.01074232062886797,0.01357927537943431,False,0.015369162473509265,0.01766981430956051,False,0.010672325423307094,0.01347998345217491,False,0.015268714537459626,0.017484618486639215,False
2019-04-08,0.000883628712486,-0.000883628712486,0.011399927118840933,0.01554863203340163,False,0.01747576275610726,0.021274067330100635,False,0.010743027081218486,0.013578901012847013,False,0.015368106198312942,0.017667881535338877,False,0.010672533006426472,0.0134796611698239,False,0.015266841246818527,0.017482817154708768,False
2019-04-09,-0.0015130708768985,0.0015130708768985,0.011399927118840933,0.01554863203340163,False,0.01747576275610726,0.021274067330100635,False,0.010722866975381804,0.013542457305205355,False,0.015321388865859337,0.017607958881798405,False,0.0106543547765382,0.013443899587549126,False,0.015231421558097626,0.017423784231072433,False
2019-04-10,0.0036526781000761,-0.0036526781000761,0.011399927118840933,0.01554863203340163,False,0.01747576275610726,0.021274067330100635,False,0.0107219923264561,0.013541510539975475,False,0.015320396601122605,0.017606908133750453,False,0.010654591729915645,0.013443024756967077,False,0.015232897340359866,0.0174225939430725,False
2019-04-11,-0.0037973584474548,0.0037973584474548,0.011399927118840933,0.01554863203340163,False,0.01747576275610726,0.021274067330100635,False,0.01072139278528606,0.013541328736514147,False,0.015320478356088985,0.01760732865655454,False,0.010655865436555436,0.013443114512057566,False,0.01523125580648668,0.017423340526547194,False
2019-04-12,0.002215198570329,-0.002215198570329,0.011399927118840933,0.01554863203340163,False,0.01747576275610726,0.021274067330100635,False,0.010740061694444773,0.013561918322893251,False,0.015342279733163013,0.017630687622649924,False,0.010674063889126069,0.013463632233021614,False,0.0152647183344498,0.017445923745357122,False
2019-04-15,7.06693532481761e-07,-7.06693532481761e-07,0.011399927118840933,0.01554863203340163,False,0.01747576275610726,0.021274067330100635,False,0.01074198943859716,0.013561026134928449,False,0.015339608397997603,0.017625729440293288,False,0.010664915306789117,0.01346305821671848,False,0.015268815701051843,0.01744076196770776,False
2019-04-16,-0.001473891742843,0.001473891742843,0.011399927118840933,0.01554863203340163,False,0.01747576275610726,0.021274067330100635,False,0.010734233138803357,0.013540785474837688,False,0.015311491124658485,0.017587487872080105,False,0.010658126383058034,0.013443024379280273,False,0.015229672968117218,0.01740357624273212,False
2019-04-17,-0.0003118348121109,0.0003118348121109,0.011399927118840933,0.01554863203340163,False,0.01747576275610726,0.021274067330100635,False,0.010738520923597726,0.013545350106856466,False,0.015316230424698986,0.017592451683658913,False,0.010659695439347928,0.013447311862294241,False,0.015225280270346782,0.017408213506607283,False
2019-04-18,0.0022674585435511,-0.0022674585435511,0.011399927118840933,0.01554863203340163,False,0.01747576275610726,0.021274067330100635,False,0.010691699578270104,0.013492861202656383,False,0.015260165753039548,0.017531790858422026,False,0.010618175367687733,0.01339516643785731,False,0.015169842231527097,0.017348517211145695,False
2019-04-22,9.18047514997577e-05,-9.18047514997577e-05,0.011399927118840933,0.01554863203340163,False,0.01747576275610726,0.021274067330100635,False,0.010592422301576242,0.013380758431995305,False,0.015139971141603616,0.017401195306950643,False,0.010522099095985985,0.013283367112428226,False,0.015049911614032973,0.017219701256674082,False
2019-04-23,0.0068896990063408,-0.0068896990063408,0.011399927118840933,0.01554863203340163,False,0.01747576275610726,0.021274067330100635,False,0.010582299168782163,0.013370023886800886,False,0.015128850845045234,0.01738957918046718,False,0.010515602578563378,0.013272414558604019,False,0.015038555941859268,0.017207661024694385,False
2019-04-24,0.0003929353539138,-0.0003929353539138,0.011399927118840933,0.01554863203340163,False,0.01747576275610726,0.021274067330100635,False,0.010468725147169348,0.013245640933527817,False,0.014997648337362439,0.017249611080571485,False,0.010394630666697928,0.013148298744504511,False,0.014910092709519119,0.01706789614552714,False
2019-04-25,0.0006015367195899,-0.0006015367195899,0.011399927118840933,0.01554863203340163,False,0.01747576275610726,0.021274067330100635,False,0.01046194955031508,0.013238585433258412,False,0.014990416240864193,0.01724215199409188,False,0.010389007503367903,0.01314110244818692,False,0.014900640201652396,0.017060591537040332,False
2019-04-26,0.0037616833341686,-0.0037616833341686,0.011399927118840933,0.01554863203340163,False,0.01747576275610726,0.021274067330100635,False,0.01045297248319776,0.01321757140117766,False,0.014961807865505466,0.017203782142792064,False,0.010375019651944381,0.013120127992079626,False,0.014867257556142918,0.017022861808280484,False
2019-04-29,-0.000831186348972,0.000831186348972,0.011399927118840933,0.01554863203340163,False,0.01747576275610726,0.021274067330100635,False,0.010451707632984135,0.013217055239474048,False,0.01496176406519616,0.017204345497600356,False,0.010375587534715135,0.013119511843859002,False,0.014868131886196118,0.017023939276442933,False
2019-04-30,-0.0002492910744268,0.0002492910744268,0.011399927118840933,0.01554863203340163,False,0.01747576275610726,0.021274067330100635,False,0.010415360380088888,0.013176304142209239,False,0.014918234501267466,0.017157244599785387,False,0.010336556704657086,0.013078829202857951,False,0.014828497270403198,0.01697600191809073,False
2019-05-01,-0.0039762875257116,0.0039762875257116,0.011399927118840933,0.01554863203340163,False,0.01747576275610726,0.021274067330100635,False,0.01042285936078978,0.013183636817551341,False,0.014925462251490364,0.017164337483306945,False,0.010344493460009641,0.013086237898175639,False,0.0148345630129753,0.016982930812111868,False
2019-05-02,-0.0034742122329609,0.0034742122329609,0.011399927118840933,0.01554863203340163,False,0.01747576275610726,0.021274067330100635,False,0.010418724836779749,0.013178937087003002,False,0.014920405921708922,0.017158822794625057,False,0.010337676410724294,0.013081713275319144,False,0.014831336859058249,0.016978029019669015,False
2019-05-03,0.0093579739225326,-0.0093579739225326,0.011399927118840933,0.01554863203340163,False,0.01747576275610726,0.021274067330100635,False,0.010443216566904749,0.01320536018066662,False,0.014948047548262799,0.017188030676358122,False,0.010364627334295759,0.013107942130503347,False,0.014857610367870552,0.017006944254563793,False
2019-05-06,-0.0024278409847074,0.0024278409847074,0.011399927118840933,0.01554863203340163,False,0.01747576275610726,0.021274067330100635,False,0.01043669832767813,0.013195986066118935,False,0.014936871609284027,0.017174538741750716,False,0.01035247868395099,0.013098767755319488,False,0.01484703683077251,0.01699339121266408,False
2019-05-07,-0.0095209283971138,0.0095209283971138,0.011399927118840933,0.01554863203340163,False,0.01747576275610726,0.021274067330100635,False,0.010459300449690682,0.013218664632339802,False,0.014959598405566314,0.01719732753109376,False,0.010375598734969125,0.013121406113575776,False,0.014870146435102372,0.01701618364756725,False
2019-05-08,-0.0024220956594616,0.0024220956594616,0.011399927118840933,0.01554863203340163,False,0.01747576275610726,0.021274067330100635,False,0.01054436131853907,0.013316083187274159,False,0.015064813652652175,0.01731256434555829,False,0.010465812137121796,0.013218339922883526,False,0.014974653643897157,0.017130756243536743,False
2019-05-09,-0.0013765627171662,0.0013765627171662,0.011399927118840933,0.01554863203340163,False,0.01747576275610726,0.021274067330100635,False,0.010567060976465295,0.013336924416763525,False,0.01508448236535264,0.017330725950401443,False,0.010487737145415222,0.013239192107200728,False,0.014995025412981276,0.01714886350482856,False
2019-05-10,0.0023330606260547,-0.0023330606260547,0.011399927118840933,0.01554863203340163,False,0.01747576275610726,0.021274067330100635,False,0.010572505279557788,0.013333240596235996,False,0.015075039443218948,0.01731388050118764,False,0.010496415615117476,0.013236400619599067,False,0.014985684165779622,0.017133647839989056,False
2019-05-13,-0.0156247744896159,0.0156247744896159,0.011399927118840933,0.01554863203340163,True,0.01747576275610726,0.021274067330100635,False,0.010569862902887984,0.013331003582320143,True,0.015073058180143522,0.01731222797037837,True,0.01049421789788768,0.013234195237122836,True,0.014983933065701102,0.017132026230700613,True
2019-05-14,0.0055158989444107,-0.0055158989444107,0.01164293642472413,0.01586793865295021,False,0.01747576275610726,0.021274067330100635,False,0.010752855706504437,0.013545674085833261,False,0.015307714728976433,0.017572573811017785,False,0.010682068952740655,0.013447694372392112,False,0.015205229309745504,0.01739188318210727,False
2019-05-15,0.0070166468803361,-0.0070166468803361,0.01164293642472413,0.01586793865295021,False,0.01747576275610726,0.021274067330100635,False,0.010648994451586475,0.013431419999301296,False,0.015186903613230985,0.01744333454282128,False,0.01058188319930273,0.013334401009569957,False,0.015085987064620526,0.01726631716320905,False
2019-05-16,0.0044725681949554,-0.0044725681949554,0.01164293642472413,0.01586793865295021,False,0.01747576275610726,0.021274067330100635,False,0.010650511236292376,0.01343807966613409,False,0.015196808019284039,0.01745740961152077,False,0.010587630542512166,0.013341220680684454,False,0.015083249734968057,0.017279714770668156,False
2019-05-17,-0.005757147578331,0.005757147578331,0.01164293642472413,0.01586793865295021,False,0.01747576275610726,0.021274067330100635,False,0.010628951719088887,0.013417848015639125,False,0.015177414144394687,0.01743909258108246,False,0.010563933474861174,0.013320948436661845,False,0.015067579033226567,0.017261608859449325,False
2019-05-20,-0.007290423653559,0.007290423653559,0.01164293642472413,0.01586793865295021,False,0.01747576275610726,0.021274067330100635,False,0.010667960078664553,0.013461433768882713,False,0.015223887859756483,0.017489278371564363,False,0.010604353732560936,0.013364641481499103,False,0.015119449377101557,0.01731235897418517,False
2019-05-21,0.0055518719216874,-0.0055518719216874,0.01164293642472413,0.01586793865295021,False,0.01747576275610726,0.021274067330100635,False,0.010734887218776938,0.013533281686411432,False,0.01529884038654573,0.017568221443354518,False,0.010673335638912282,0.013436708225197222,False,0.015202085213904582,0.0173907375491566,False
2019-05-22,-0.0013447629518515,0.0013447629518515,0.01164293642472413,0.01586793865295021,False,0.01747576275610726,0.021274067330100635,False,0.010716743753337645,0.013518031750404917,False,0.015285416031644102,0.017557143619993745,False,0.010655844342010768,0.013421404797327433,False,0.01519282597324641,0.017379668220592604,False
2019-05-23,-0.0053032583905072,0.0053032583905072,0.01164293642472413,0.01586793865295021,False,0.01747576275610726,0.021274067330100635,False,0.010732652262596102,0.013531714715540037,False,0.015297694859930423,0.01756761762493118,False,0.010670518015344015,0.013434960568169682,False,0.015211566002115831,0.017390884755338423,False
2019-05-24,0.0011143835237482,-0.0011143835237482,0.01164293642472413,0.01586793865295021,False,0.01747576275610726,0.021274067330100635,False,0.010775671334976002,0.013578255178315783,False,0.01534645703287672,0.01761923549844092,False,0.010715908331050452,0.013481157621481086,False,0.015262592354422086,0.01744232116679,False
2019-05-28,-0.0038017059616881,0.0038017059616881,0.01164293642472413,0.01586793865295021,False,0.01747576275610726,0.021274067330100635,False,0.010771885561681415,0.013574557148142843,False,0.01534281436145809,0.017615663983029935,False,0.010710762243036081,0.01347728655898646,False,0.015257368307873508,0.017438590788137868,False
2019-05-29,-0.0040850485692647,0.0040850485692647,0.01164293642472413,0.01586793865295021,False,0.01747576275610726,0.021274067330100635,False,0.010788531920432982,0.013592940169950104,False,0.0153622930760287,0.01763655105881846,False,0.010734772203884297,0.013494810118296095,False,0.01529516606650694,0.017462497391930253,False
2019-05-30,0.0048809958999719,-0.0048809958999719,0.01164293642472413,0.01586793865295021,False,0.01747576275610726,0.021274067330100635,False,0.010821643873138756,0.01362421001738572,False,0.015392400705262448,0.01766516481760146,False,0.010758348925547776,0.013525735271140732,False,0.01532748761599863,0.017491384207623025,False
2019-05-31,-0.0048530547170292,0.0048530547170292,0.01164293642472413,0.01586793865295021,False,0.01747576275610726,0.021274067330100635,False,0.01079368904388283,0.013597435861559605,False,0.01536637145808668,0.017640093047274246,False,0.010729677050108473,0.013498865171103247,False,0.015284139017512695,0.017465213418962584,False
2019-06-03,-0.0030187714633346,0.0030187714633346,0.01164293642472413,0.01586793865295021,False,0.01747576275610726,0.021274067330100635,False,0.010833246888389861,0.013635961927280657,False,0.015404246555535291,0.017677131415212852,False,0.01077127696142638,0.013537435859450782,False,0.015316261308936903,0.01750103597855898,False
2019-06-04,0.0134892019085817,-0.0134892019085817,0.01164293642472413,0.01586793865295021,False,0.01747576275610726,0.021274067330100635,False,0.010857864142880955,0.01366115892375105,False,0.015429809321916685,0.01770316432813036,False,0.010780347245036896,0.01356183302460017,False,0.015319954202365977,0.01752708634830346,False
2019-06-05,0.0045762176922193,-0.0045762176922193,0.01164293642472413,0.01586793865295021,False,0.01747576275610726,0.021274067330100635,False,0.010897202919852154,0.01372204154065922,False,0.01550428434492591,0.017795110505692435,False,0.010828761589872758,0.013621767945601177,False,0.015412730873299179,0.017618141307751498,False
2019-06-06,0.0057226500665285,-0.0057226500665285,0.01164293642472413,0.01586793865295021,False,0.01747576275610726,0.021274067330100635,False,0.010896694641636777,0.01372273395961197,False,0.015505734305874949,0.017797534181905647,False,0.010823798487547246,0.013622332659905211,False,0.01542031769849883,0.017620864529225493,False
2019-06-07,0.0114074444766456,-0.0114074444766456,0.01164293642472413,0.01586793865295021,False,0.01747576275610726,0.021274067330100635,False,0.010887529017241224,0.013717270570111717,False,0.015502606724676538,0.017797408958607965,False,0.01081636539250088,0.013616945639818667,False,0.015414601486150462,0.01762076865250097,False
2019-06-10,0.0013737452388381,-0.0013737452388381,0.01164293642472413,0.01586793865295021,False,0.01747576275610726,0.021274067330100635,False,0.010905199153194189,0.013750229555141436,False,0.015545211726668735,0.01785241257876371,False,0.010836120818944887,0.013649447364797986,False,0.015450359372358502,0.01767329711585966,False
2019-06-11,0.0001873814610006,-0.0001873814610006,0.01164293642472413,0.01586793865295021,False,0.01747576275610726,0.021274067330100635,False,0.010904373320150753,0.013749466138743522,False,0.015544487690084069,0.01785173915947215,False,0.010831009920702198,0.013647942085268955,False,0.015428242170097849,0.01767127708026957,False
2019-06-12,-0.0012192247138663,0.0012192247138663,0.01164293642472413,0.01586793865295021,False,0.01747576275610726,0.021274067330100635,False,0.010908585477220236,0.013753533036636538,False,0.015548462941282615,0.01785559661154437,False,0.010835538763900456,0.013652022886948348,False,0.015432338958387123,0.017675088068216705,False
2019-06-13,0.0047379496048059,-0.0047379496048059,0.01164293642472413,0.01586793865295021,False,0.01747576275610726,0.021274067330100635,False,0.010910075745227715,0.013755117682725033,False,0.015550107132243704,0.01785731733918809,False,0.010834233401174679,0.013653522766532292,False,0.015435488721283442,0.017676901807079558,False
2019-06-14,-0.00104926214575,0.00104926214575,0.01164293642472413,0.01586793865295021,False,0.01747576275610726,0.021274067330100635,False,0.010909623622780872,0.013753848019683122,False,0.015548321667756704,0.01785486888341766,False,0.010833699278637927,0.013651950213308143,False,0.015446061711720525,0.017674975610723828,False
2019-06-17,0.0019128351491154,-0.0019128351491154,0.01164293642472413,0.01586793865295021,False,0.01747576275610726,0.021274067330100635,False,0.010892313510342684,0.0137348141392185,False,0.015528200230240607,0.0178333495420139,False,0.01081669707438276,0.013632594830274935,False,0.015439267680344381,0.017651341409723464,False
2019-06-18,0.0095828790557227,-0.0095828790557227,0.01164293642472413,0.01586793865295021,False,0.01747576275610726,0.021274067330100635,False,0.01087871686773893,0.01372116447978345,False,0.01551451712150853,0.01781962343884554,False,0.010804230537293603,0.013619085068333646,False,0.015422328086541124,0.017637665017451072,False
2019-06-19,0.003037250343311,-0.003037250343311,0.01164293642472413,0.01586793865295021,False,0.01747576275610726,0.021274067330100635,False,0.01087445691849197,0.013727044976641015,False,0.015526795412905125,0.017840125208584218,False,0.010797871822720146,0.013624347033551261,False,0.015437857591040003,0.017656661433100282,False
2019-06-20,0.0104513251641985,-0.0104513251641985,0.01164293642472413,0.01586793865295021,False,0.01747576275610726,0.021274067330100635,False,0.010865862810811632,0.013719318424487445,False,0.015519616217539832,0.017833649564523414,False,0.010793323888847836,0.013617085167606636,False,0.01543112457222493,0.01765137690104794,False
2019-06-21,-0.0021539684952938,0.0021539684952938,0.01164293642472413,0.01586793865295021,False,0.01747576275610726,0.021274067330100635,False,0.010848452610743567,0.013712059125010107,False,0.015518761308529756,0.01784102661200717,False,0.010760803368530605,0.013609236229153844,False,0.01541236121561525,0.017660770321090133,False
2019-06-24,0.0032372179537625,-0.0032372179537625,0.01164293642472413,0.01586793865295021,False,0.01747576275610726,0.021274067330100635,False,0.010862332525391163,0.01372674787746624,False,0.015533960371682387,0.017856881608846763,False,0.010771400815516363,0.013623954593017903,False,0.015425805792462052,0.017677391499610735,False
2019-06-25,-0.0073045331553302,0.0073045331553302,0.01164293642472413,0.01586793865295021,False,0.01747576275610726,0.021274067330100635,False,0.010743022305875632,0.013591788788309736,False,0.01538912812194705,0.017699358779304165,False,0.010652723039502135,0.013489474119631271,False,0.015248535728703203,0.017519929310181495,False
2019-06-26,-0.0018911674568784,0.0018911674568784,0.01164293642472413,0.01586793865295021,False,0.01747576275610726,0.021274067330100635,False,0.010806527964922942,0.013662582254212475,False,0.01546451959965524,0.017780660364045044,False,0.010715592869750113,0.013559959627577757,False,0.015330869308509635,0.017600552078202072,False
2019-06-27,0.0036366062836537,-0.0036366062836537,0.01164293642472413,0.01586793865295021,False,0.01747576275610726,0.021274067330100635,False,0.010775835401684117,0.01362794671329234,False,0.01542739636136785,0.017740339535510505,False,0.010682079266640292,0.013524763139838846,False,0.015301225701826378,0.017558185971326815,False
2019-06-28,0.0026513930068157,-0.0026513930068157,0.01164293642472413,0.01586793865295021,False,0.01747576275610726,0.021274067330100635,False,0.010776121593154595,0.013627904570339806,False,0.015427147066170053,0.017739823974806362,False,0.010681532901745873,0.013524660087077858,False,0.015303242533800956,0.017557422148871096,False
2019-07-01,0.003631804748641,-0.003631804748641,0.01164293642472413,0.01586793865295021,False,0.01747576275610726,0.021274067330100635,False,0.010772071010260417,0.013624395911304396,False,0.01542398031689566,0.01773709670315156,False,0.010675220854203029,0.013521120617064647,False,0.015299987994561936,0.017554442129958086,False
2019-07-02,0.0067791507932025,-0.0067791507932025,0.01164293642472413,0.01586793865295021,False,0.01747576275610726,0.021274067330100635,False,0.010765803041612329,0.013619342862479417,False,0.015419693783402404,0.017733795418901754,False,0.010665770126514503,0.013516240950181228,False,0.015298554871041205,0.017552672613339333,False
2019-07-03,0.0067525817132846,-0.0067525817132846,0.01164293642472413,0.01586793865295021,False,0.01747576275610726,0.021274067330100635,False,0.010748644094969317,0.013606456212897664,False,0.01540950260486067,0.01772706889487246,False,0.010649507336978193,0.013503241093785114,False,0.01530308216730555,0.01754542768368945,False
2019-07-05,-0.0052896054418298,0.0052896054418298,0.01164293642472413,0.01586793865295021,False,0.01747576275610726,0.021274067330100635,False,0.010746997943473157,0.0136036877653367,False,0.015406026080006012,0.017722682234774523,False,0.010648701566018656,0.01350027346094986,False,0.015300053564817851,0.01754065585522164,False
2019-07-08,-0.0046444468289447,0.0046444468289447,0.01164293642472413,0.01586793865295021,False,0.01747576275610726,0.021274067330100635,False,0.010789789945391063,0.013644164427393959,False,0.015445041951427065,0.017759820462253453,False,0.010677987358360608,0.013540079626865119,False,0.01532362125067909,0.017574492874542692,False
2019-07-09,0.00220049663849,-0.00220049663849,0.01164293642472413,0.01586793865295021,False,0.01747576275610726,0.021274067330100635,False,0.010830718798812035,0.013685761776203143,False,0.015487061066310441,0.017802381698981375,False,0.010715823826019795,0.013581618525436403,False,0.015366846380144353,0.017617141335749285,False
2019-07-10,0.0056694187721679,-0.0056694187721679,0.01164293642472413,0.01586793865295021,False,0.01747576275610726,0.021274067330100635,False,0.010828375651684121,0.013683708614155004,False,0.015485190861199366,0.01780074665966069,False,0.010712932156146847,0.013579562025594846,False,0.015364860310788927,0.01761557286614154,False
2019-07-11,-0.0031806881959378,0.0031806881959378,0.01164293642472413,0.01586793865295021,False,0.01747576275610726,0.021274067330100635,False,0.010784214329486775,0.01363922212927276,False,0.015440499225179954,0.017755791330282097,False,0.010674840770901682,0.013535505591705842,False,0.015324688171748823,0.017572522523923148,False
2019-07-12,0.0044016252111961,-0.0044016252111961,0.01164293642472413,0.01586793865295021,False,0.01747576275610726,0.021274067330100635,False,0.010805571845109318,0.013654092112104063,False,0.015451276103877995,0.017761307090795354,False,0.010684524904893493,0.013550377587756799,False,0.0153507411449813,0.01757561807741221,False
2019-07-15,0.0020860329571698,-0.0020860329571698,0.01164293642472413,0.01586793865295021,False,0.01747576275610726,0.021274067330100635,False,0.010797140729117099,0.013647615960849764,False,0.015446033375946038,0.017757649757629678,False,0.010676201045955017,0.01354377071700128,False,0.015346995708650127,0.017571552490730415,False
2019-07-16,-0.0044426852815811,0.0044426852815811,0.01164293642472413,0.01586793865295021,False,0.01747576275610726,0.021274067330100635,False,0.010780115945412274,0.013630279967324811,False,0.01542850103440373,0.017739865037918863,False,0.010659189491693838,0.013526512847709535,False,0.015329627452009525,0.017553905744033385,False
2019-07-17,0.0006778075211369,-0.0006778075211369,0.01164293642472413,0.01586793865295021,False,0.01747576275610726,0.021274067330100635,False,0.010813689564195521,0.013666707927275286,False,0.015466729850859331,0.0177804086058684,False,0.010691608916635563,0.013562790069968763,False,0.015372399347565622,0.017593538377904356,False
2019-07-18,0.0038832526306029,-0.0038832526306029,0.01164293642472413,0.01586793865295021,False,0.01747576275610726,0.021274067330100635,False,0.010809111913303214,0.013662057144328487,False,0.015462032927550063,0.017775652375516815,False,0.010699223827902365,0.013558113119704686,False,0.015389516080975007,0.017587338008705676,False
2019-07-19,-0.0067328222567092,0.0067328222567092,0.01164293642472413,0.01586793865295021,False,0.01747576275610726,0.021274067330100635,False,0.010787598331055238,0.0136411949599967,False,0.015441581722181923,0.017755729426657377,False,0.01067718525014344,0.013537168626527204,False,0.015365890119969982,0.017567965676101104,False
2019-07-22,0.0033296074351452,-0.0033296074351452,0.01164293642472413,0.01586793865295021,False,0.01747576275610726,0.021274067330100635,False,0.010828523026220296,0.013687702069317596,False,0.015491610879589529,0.017810285688832746,False,0.010716432509734147,0.013583381573157489,False,0.015412044452721967,0.017621687494358697,False
2019-07-23,0.002556678153781,-0.002556678153781,0.01164293642472413,0.01586793865295021,False,0.01747576275610726,0.021274067330100635,False,0.010810551918193153,0.013670224397248704,False,0.015474444525370614,0.017793519490570883,False,0.010698775946903993,0.013566301342735397,False,0.015388115251228322,0.01760686411006559,False
2019-07-24,0.005266065969571,-0.005266065969571,0.01164293642472413,0.01586793865295021,False,0.01747576275610726,0.021274067330100635,False,0.010812229393399441,0.013671082479206778,False,0.015474785637010545,0.017793196108503054,False,0.01070471287107754,0.013567256155947742,False,0.015394571735682167,0.017606210787110003,False
2019-07-25,-0.0062974306516683,0.0062974306516683,0.01164293642472413,0.01586793865295021,False,0.01747576275610726,0.021274067330100635,False,0.010808574719801662,0.013664317649053891,False,0.015466058551704513,0.017781946816105957,False,0.010699917402182025,0.013560487542972809,False,0.015392510956851168,0.017594379825399603,False
2019-07-26,0.0059738314441986,-0.0059738314441986,0.01164293642472413,0.01586793865295021,False,0.01747576275610726,0.021274067330100635,False,0.010808689879520151,0.013664450919040123,False,0.015466203247792803,0.017782106198865128,False,0.010698856980878406,0.01356002187690321,False,0.01538680546525488,0.017593970325240838,False
2019-07-29,-0.0005262689312498,0.0005262689312498,0.01164293642472413,0.01586793865295021,False,0.01747576275610726,0.021274067330100635,False,0.010758678760415363,0.01361356832799054,False,0.015414770829014546,0.01772996705273091,False,0.010650114639846359,0.013509131185118964,False,0.01533638339264143,0.017541745320769145,False
2019-07-30,-0.001072550356095,0.001072550356095,0.01164293642472413,0.01586793865295021,False,0.01747576275610726,0.021274067330100635,False,0.010711178515166925,0.013560113987546285,False,0.015357559940057929,0.017667927641203902,False,0.010606233320343137,0.013455730762209172,False,0.015274353587746642,0.017480681326957397,False
2019-07-31,-0.0081924678171159,0.0081924678171159,0.01164293642472413,0.01586793865295021,False,0.01747576275610726,0.021274067330100635,False,0.010726555792351313,0.01357280224260711,False,0.01536855164144842,0.017676738657941414,False,0.01062180415621784,0.013468548686799526,False,0.015284217118974328,0.017490024631373013,False
2019-08-01,0.0028493919081152,-0.0028493919081152,0.01164293642472413,0.01586793865295021,False,0.01747576275610726,0.021274067330100635,False,0.01078172387142676,0.013636147647978379,False,0.015437056272851761,0.017751874759498704,False,0.010674546315932065,0.013532485491365235,False,0.015335126139972238,0.017569371469633582,False
2019-08-02,-0.0054166124013259,0.0054166124013259,0.01164293642472413,0.01586793865295021,False,0.01747576275610726,0.021274067330100635,False,0.010783071648158126,0.013635591470641254,False,0.015435298855764787,0.017748573315168235,False,0.010668944252598745,0.013531733376899112,False,0.015365072332041088,0.01756062118883794,False
2019-08-05,-0.0153078873767617,0.0153078873767617,0.01164293642472413,0.01586793865295021,True,0.01747576275610726,0.021274067330100635,False,0.010831075045268342,0.013686222322555593,True,0.015487587417391707,0.017802992632923016,False,0.010715341565076263,0.013582457070418948,True,0.015420929109497413,0.01761583262259113,False
2019-08-06,0.011926438434845,-0.011926438434845,0.01179522305000401,0.016139212279308642,False,0.01747576275610726,0.021274067330100635,False,0.011017933395966528,0.013902672297219882,False,0.015722707293583,0.0180621100804523,False,0.01090004797428737,0.01379766277830006,False,0.01564006822033474,0.017871717205790234,False
2019-08-07,0.0039367699935878,-0.0039367699935878,0.01179522305000401,0.016139212279308642,False,0.01747576275610726,0.021274067330100635,False,0.011039549819924223,0.013940341129178743,False,0.01577050388591745,0.018122924505353005,False,0.010922666373377493,0.013834174560277515,False,0.015678333682558273,0.017929821229903064,False
2019-08-08,0.01447270028809,-0.01447270028809,0.01179522305000401,0.016139212279308642,False,0.01747576275610726,0.021274067330100635,False,0.011032759034931415,0.013935057782740142,False,0.015766171610275,0.018119814699429814,False,0.010914255937800276,0.013829216245225174,False,0.01568771833847762,0.017928108590687015,False
2019-08-09,-0.0059714590123176,0.0059714590123176,0.01179522305000401,0.016139212279308642,False,0.01747576275610726,0.021274067330100635,False,0.01107140481286531,0.013997451262728377,False,0.015843547953635493,0.018216449437490612,False,0.010952150792072011,0.013890398826903851,False,0.01575694292479451,0.018022500019410036,False
2019-08-12,-0.0021135645340151,0.0021135645340151,0.01179522305000401,0.016139212279308642,False,0.01747576275610726,0.021274067330100635,False,0.011095602683002132,0.014024983264014306,False,0.015873183519778268,0.01824878884476737,False,0.010977346116881184,0.013917714259280152,False,0.0157843880550292,0.018054217875850473,False
2019-08-13,0.0101201586604591,-0.0101201586604591,0.01179522305000401,0.016139212279308642,False,0.01747576275610726,0.021274067330100635,False,0.011078046653952187,0.014005343027816754,False,0.01585222831883757,0.018226143438863095,False,0.010958668201770763,0.013898052176093266,False,0.015765462920929403,0.018028485610706427,False
2019-08-14,-0.0137660831340058,0.0137660831340058,0.01179522305000401,0.016139212279308642,True,0.01747576275610726,0.021274067330100635,False,0.011091468173886735,0.014028579425917514,True,0.015881657104658334,0.018263531681023164,False,0.010968656051009029,0.013920877982689265,True,0.01579372945774979,0.018065391722698144,False
2019-08-15,0.0039914409909387,-0.0039914409909387,0.012671118595820234,0.01628994252812614,False,0.01747576275610726,0.021274067330100635,False,0.0111830864862092,0.014136977654976774,False,0.016000642092777056,0.018396124480913146,False,0.011070054030624036,0.014028509305124557,False,0.015894016537718485,0.018192636909446832,False
2019-08-16,0.0073521128794816,-0.0073521128794816,0.012671118595820234,0.01628994252812614,False,0.01747576275610726,0.021274067330100635,False,0.011183036184927617,0.014136985721524145,False,0.016000686984664607,0.018396216706672634,False,0.01106074576468666,0.014027900617742627,False,0.0158714606056446,0.01819139735334808,False
2019-08-19,0.0041803462586412,-0.0041803462586412,0.012671118595820234,0.01628994252812614,False,0.01747576275610726,0.021274067330100635,False,0.011184980562248887,0.01414374191464862,False,0.016010479041157544,0.0184099109448483,False,0.011068047765173216,0.014034618174869049,False,0.015882393476856858,0.01820420582688089,False
2019-08-20,-0.0017637469682964,0.0017637469682964,0.012671118595820234,0.01628994252812614,False,0.01747576275610726,0.021274067330100635,False,0.011183208974100679,0.014143002515039606,False,0.016010390868341835,0.018410659833835347,False,0.011067008674669886,0.014033599298780775,False,0.01589956895659851,0.018203418801677303,False
2019-08-21,0.003665981158002,-0.003665981158002,0.012671118595820234,0.01628994252812614,False,0.01747576275610726,0.021274067330100635,False,0.011198432031834077,0.014158651998320679,False,0.0160263093913685,0.01842692417017433,False,0.011086633649607304,0.014049192160031204,False,0.015913188926717725,0.018218872109458658,False
2019-08-22,-0.0026405225686084,0.0026405225686084,0.012671118595820234,0.01628994252812614,False,0.01747576275610726,0.021274067330100635,False,0.011195077164222914,0.014156284691561667,False,0.01602456515497165,0.018425980804389626,False,0.011084147546521437,0.014046680427774015,False,0.015906728117994186,0.018217667814129545,False
2019-08-23,-0.0119609461706582,0.0119609461706582,0.012671118595820234,0.01628994252812614,False,0.01747576275610726,0.021274067330100635,False,0.01119932833349154,0.014160960246864342,True,0.01602950846325315,0.01843126827202306,False,0.011091593508897948,0.014051306324689547,True,0.015915331029040053,0.01822156304263163,False
2019-08-26,0.0074114374429521,-0.0074114374429521,0.01274057891789619,0.01628994252812614,False,0.01747576275610726,0.021274067330100635,False,0.01132448073387669,0.014297882825734633,False,0.01617385706489004,0.01858516199690772,False,0.011218451630424587,0.014187452196875852,False,0.016078500506242672,0.01837257446164339,False
2019-08-27,0.0024206338034531,-0.0024206338034531,0.01274057891789619,0.01628994252812614,False,0.01747576275610726,0.021274067330100635,False,0.01132781626618571,0.01430438748970694,False,0.01618236119249934,0.01859623615795811,False,0.011222625748154755,0.014193784714278682,False,0.016088278100640712,0.018383060883768076,False
2019-08-28,0.0035462905678323,-0.0035462905678323,0.01274057891789619,0.01628994252812614,False,0.01747576275610726,0.021274067330100635,False,0.011310395116334424,0.014286862569968455,False,0.01616477080242446,0.01857856161483798,False,0.011199928603925319,0.014176349577530377,False,0.016059435419327063,0.018364347445347137,False
2019-08-29,0.0070990337249694,-0.0070990337249694,0.01274057891789619,0.01628994252812614,False,0.01747576275610726,0.021274067330100635,False,0.011310272170370433,0.014284227646406552,False,0.016160551025849935,0.018572304729327686,False,0.011200539234945473,0.01417374541479587,False,0.016059848456857418,0.018358375111005555,False
2019-08-30,-0.0011070104544387,0.0011070104544387,0.01274057891789619,0.01628994252812614,False,0.01747576275610726,0.021274067330100635,False,0.011289534383621876,0.014267840681447323,False,0.016146909074630445,0.01856219111289603,False,0.01118090569557328,0.014157251304377855,False,0.016041613881766566,0.018347857052604496,False
2019-09-03,-0.0024203584874886,0.0024203584874886,0.01274057891789619,0.01628994252812614,False,0.01747576275610726,0.021274067330100635,False,0.011293622938859745,0.014272145494932236,False,0.016151350329433396,0.01856680774410674,False,0.011181063732434179,0.014161636319636102,False,0.016044949310535173,0.01835261714484257,False
2019-09-04,0.0093843484586604,-0.0093843484586604,0.01274057891789619,0.01628994252812614,False,0.01747576275610726,0.021274067330100635,False,0.01128449364503964,0.014261980022826564,False,0.016140531113329824,0.01855514823068271,False,0.011173667031773263,0.014151598441314625,False,0.01603871886071728,0.018342917252844745,False
2019-09-05,0.0024995398711034,-0.0024995398711034,0.01274057891789619,0.01628994252812614,False,0.01747576275610726,0.021274067330100635,False,0.011255926343053361,0.014240081696115918,False,0.01612284036616347,0.018542865743979235,False,0.011145119576395749,0.014129100508182073,False,0.01602324046961081,0.018329963326935438,False
2019-09-06,0.0002058293903349,-0.0002058293903349,0.01274057891789619,0.01628994252812614,False,0.01747576275610726,0.021274067330100635,False,0.011234199476028838,0.014217826966049136,False,0.01610025259756423,0.018519849900495433,False,0.011115801787932368,0.014105583323952014,False,0.01600265161775334,0.01830499271138898,False
2019-09-09,-0.0044339038479982,0.0044339038479982,0.01274057891789619,0.01628994252812614,False,0.01747576275610726,0.021274067330100635,False,0.01120921287356889,0.01419061124460829,False,0.01607163048383099,0.018489420064353102,False,0.011106521400237497,0.014078839367021109,False,0.01595153301109691,0.018276753189835904,False
2019-09-10,-0.0056021547756041,0.0056021547756041,0.01274057891789619,0.01628994252812614,False,0.01747576275610726,0.021274067330100635,False,0.011245685530110298,0.014229638494604594,False,0.016112269473970348,0.018532130723108674,False,0.01114570554270713,0.014117394377015261,False,0.01603146490223815,0.018318034617710473,False
2019-09-11,0.0057457643843519,-0.0057457643843519,0.01274057891789619,0.01628994252812614,False,0.01747576275610726,0.021274067330100635,False,0.011291667201818734,0.014279763896338496,False,0.01616500923142932,0.018588230872582812,False,0.01118946642069588,0.01416686501869523,False,0.01606559509868517,0.018372471343547584,False
2019-09-12,0.0014230852016231,-0.0014230852016231,0.01274057891789619,0.01628994252812614,False,0.01747576275610726,0.021274067330100635,False,0.01128567420937293,0.014276979101122727,False,0.016164248547037366,0.01859007190217527,False,0.01118647396614982,0.01416412228725499,False,0.016071991986945516,0.01837403593857615,False
2019-09-13,-0.00667189865529,0.00667189865529,0.01274057891789619,0.01628994252812614,False,0.01747576275610726,0.021274067330100635,False,0.011290986521353349,0.01428020967254412,False,0.01616616570993186,0.01859030086040652,False,0.01119023844582381,0.014167383645661655,False,0.01607049880147358,0.01837444951819863,False
2019-09-16,0.0014489463278673,-0.0014489463278673,0.01274057891789619,0.01628994252812614,False,0.01747576275610726,0.021274067330100635,False,0.011326478321477765,0.014320575627395415,False,0.016209606858928725,0.018637694745350042,False,0.011225555867484222,0.01420671107839916,False,0.016084957380741966,0.01841977660761598,False
2019-09-17,0.0035946364332925,-0.0035946364332925,0.01274057891789619,0.01628994252812614,False,0.01747576275610726,0.021274067330100635,False,0.011287893703477847,0.014278676525141636,False,0.01616561658740679,0.018591016565505745,False,0.011188779430466351,0.014164395555954478,False,0.016046952191415068,0.018372612834819644,False
2019-09-18,4.126825890599107e-05,-4.126825890599107e-05,0.01274057891789619,0.01628994252812614,False,0.01747576275610726,0.021274067330100635,False,0.011284706517938961,0.014276379490954845,False,0.016163881166131377,0.018590003019805595,False,0.011185191401014295,0.014162300318672482,False,0.016042508103626122,0.01837163875752855,False
2019-09-19,0.0015981636858445,-0.0015981636858445,0.01274057891789619,0.01628994252812614,False,0.01747576275610726,0.021274067330100635,False,0.01128278018300491,0.014274388480901842,False,0.016161849351352564,0.018587918756206037,False,0.011182281449031314,0.014160340333580752,False,0.016040003120907673,0.018369926574676294,False
2019-09-20,-0.0001194344207841,0.0001194344207841,0.01274057891789619,0.01628994252812614,False,0.01747576275610726,0.021274067330100635,False,0.011284351559902634,0.014270417242205317,False,0.016154381174216123,0.01857595574927336,False,0.011187086638588932,0.014156663801803663,False,0.01603412806123286,0.01835864674523526,False
2019-09-23,0.0008136940455249,-0.0008136940455249,0.01274057891789619,0.01628994252812614,False,0.01747576275610726,0.021274067330100635,False,0.011268540488412663,0.014253355624000836,False,0.016136530563016813,0.018557090996909394,False,0.011170937578823845,0.014138615335179827,False,0.01602259925640442,0.01833880580256803,False
2019-09-24,-0.0032551167601133,0.0032551167601133,0.01274057891789619,0.01628994252812614,False,0.01747576275610726,0.021274067330100635,False,0.011259376434428696,0.014243881676337283,False,0.016126861097713257,0.018547170220772357,False,0.011160066458210043,0.014129355825658703,False,0.01601377694295585,0.018329316370601704,False
2019-09-25,-0.0005349837985999,0.0005349837985999,0.01274057891789619,0.01628994252812614,False,0.01747576275610726,0.021274067330100635,False,0.011278752153413925,0.014264870709337029,False,0.016148868000290476,0.01857048545364596,False,0.011180775442860792,0.014150001317638222,False,0.0160319297393894,0.01835214384933251,False
2019-09-26,-0.0005097675306753,0.0005097675306753,0.01274057891789619,0.01628994252812614,False,0.01747576275610726,0.021274067330100635,False,0.011279378267446722,0.014265525364236207,False,0.016149540662148836,0.018571181260955128,False,0.011172448121225007,0.014149195297520439,False,0.016033096538441597,0.018350832926868982,False
2019-09-27,-0.0055376924470409,0.0055376924470409,0.01274057891789619,0.01628994252812614,False,0.01747576275610726,0.021274067330100635,False,0.01128889066341705,0.014274859885659312,False,0.016158762959238307,0.018580259309214562,False,0.011185707292233464,0.014158552883923007,False,0.01604062250921469,0.018359361228823482,False
2019-09-30,0.0023959453432394,-0.0023959453432394,0.01274057891789619,0.01628994252812614,False,0.01747576275610726,0.021274067330100635,False,0.011329259497023137,0.014319439765550395,False,0.016205999665924585,0.018630910998591464,False,0.011222555015924117,0.014203119001884087,False,0.016088200598247837,0.01840953014262744,False
2019-10-01,-0.0053737421949413,0.0053737421949413,0.01274057891789619,0.01628994252812614,False,0.01747576275610726,0.021274067330100635,False,0.011322119501745841,0.01431273746755156,False,0.016199573519214267,0.018624839806096444,False,0.011208371267937493,0.01419660986714056,False,0.016087339553275643,0.01840601011487031,False
2019-10-02,-0.0091251153421836,0.0091251153421836,0.01274057891789619,0.01628994252812614,False,0.01747576275610726,0.021274067330100635,False,0.0113664387302587,0.014360662479488482,False,0.016249773486440296,0.018677963913107682,False,0.011255417270783444,0.014244733916166314,False,0.016134196821816004,0.018458862182470413,False
2019-10-03,0.0085251675809719,-0.0085251675809719,0.01274057891789619,0.01628994252812614,False,0.01747576275610726,0.021274067330100635,False,0.011423145203846916,0.01442613828105509,False,0.01632078201882297,0.018756084004287833,False,0.011316203648834663,0.014310711204212158,False,0.016207503798513285,0.018538014832276253,False
2019-10-04,0.0105710109605441,-0.0105710109605441,0.01274057891789619,0.01628994252812614,False,0.01747576275610726,0.021274067330100635,False,0.011338940422963227,0.014338612016803942,False,0.01623116016943377,0.01866376857058741,False,0.011228072267398559,0.014222541909819059,False,0.016098812189789372,0.018445492265227532,False
2019-10-07,-0.0054174802575102,0.0054174802575102,0.01274057891789619,0.01628994252812614,False,0.01747576275610726,0.021274067330100635,False,0.011293742242166152,0.014299371690756638,False,0.01619567876387078,0.018633118736436076,False,0.011179154174161047,0.014182489767356213,False,0.016063491352243626,0.018413585686914678,False
2019-10-08,-0.0081050591865255,0.0081050591865255,0.01274057891789619,0.01628994252812614,False,0.01747576275610726,0.021274067330100635,False,0.011307372361065689,0.014314881379840801,False,0.016212374308462583,0.01865133853395979,False,0.011189434630091507,0.014196760482240783,False,0.016089785302293692,0.018429947061482915,False
2019-10-09,0.0052469023645015,-0.0052469023645015,0.01274057891789619,0.01628994252812614,False,0.01747576275610726,0.021274067330100635,False,0.011381611762980817,0.014397376896245175,False,0.016300078759823908,0.018745738349409853,False,0.01126442346151347,0.014278798688042608,False,0.016167011422446125,0.018523549716421176,False
2019-10-10,0.0003531531121387,-0.0003531531121387,0.011891485848582243,0.015376790794200085,False,0.016302208701052093,0.018873901067079434,False,0.011000436883254798,0.01394891699389364,False,0.015809167495286238,0.018200261741236994,False,0.01090061887774423,0.013833075118472545,False,0.015711218791500114,0.017985028308060827,False
2019-10-11,0.0040602545650058,-0.0040602545650058,0.011891485848582243,0.015376790794200085,False,0.016302208701052093,0.018873901067079434,False,0.010958291865275869,0.01390214101703112,False,0.015759469761022663,0.018146808492700207,False,0.010861996744312813,0.013783787077245776,False,0.015590674532066983,0.017926138803481383,False
2019-10-14,0.0015806920470142,-0.0015806920470142,0.011891485848582243,0.015376790794200085,False,0.016302208701052093,0.018873901067079434,False,0.010940366160497693,0.013872504081355323,False,0.015722443993700822,0.018100285406162524,False,0.01085411393419731,0.013754341221922211,False,0.015561163505366635,0.017879971074041524,False
2019-10-15,0.0036761139432746,-0.0036761139432746,0.011891485848582243,0.015376790794200085,False,0.016302208701052093,0.018873901067079434,False,0.010905412698040285,0.013834705665058138,False,0.015682850643536594,0.018058384917234924,False,0.010819354681819476,0.013716510010520893,False,0.015522956616785166,0.017837752125168617,False
2019-10-16,-0.0001597170559985,0.0001597170559985,0.011891485848582243,0.015376790794200085,False,0.016302208701052093,0.018873901067079434,False,0.010844610801305266,0.013745715673316302,False,0.015576076262583338,0.017928751168320555,False,0.010768582503273777,0.013628365614525796,False,0.015406733298722523,0.017710259042674856,False
2019-10-17,0.0015679235523033,-0.0015679235523033,0.011891485848582243,0.015376790794200085,False,0.016302208701052093,0.018873901067079434,False,0.01084016583797947,0.01374102465361137,False,0.01557123000136906,0.017923705365657714,False,0.01076279803895221,0.013623771278757064,False,0.015405438863689693,0.017705523068842557,False
2019-10-18,-0.0043135124252297,0.0043135124252297,0.011891485848582243,0.015376790794200085,False,0.016302208701052093,0.018873901067079434,False,0.010718818810724633,0.013602103069836188,False,0.015421220305633835,0.01775944343846965,False,0.010656177073455795,0.01348539969964134,False,0.015256998794174534,0.01754279835122918,False
2019-10-21,0.0027087666762289,-0.0027087666762289,0.011891485848582243,0.015376790794200085,False,0.016302208701052093,0.018873901067079434,False,0.010743723844313087,0.01362973472540324,False,0.015450572237313479,0.0177910065467146,False,0.010677240411553362,0.013513034479318488,False,0.015288213717170674,0.01757425543793951,False
2019-10-22,-0.0016881165394674,0.0016881165394674,0.011891485848582243,0.015376790794200085,False,0.016302208701052093,0.018873901067079434,False,0.010728797758159646,0.013614949129046658,False,0.015435875278561781,0.017776423519321523,False,0.010660636973323699,0.013498283868163981,False,0.015274136191928113,0.017559678399227008,False
2019-10-23,0.0021998151987886,-0.0021998151987886,0.011891485848582243,0.015376790794200085,False,0.016302208701052093,0.018873901067079434,False,0.01073030624128177,0.013616589554345089,False,0.015437598948613584,0.017778254188968612,False,0.010666984527746864,0.013499745553143242,False,0.015270470518749281,0.01756111011672659,False
2019-10-24,0.0037518289869283,-0.0037518289869283,0.01179522305000401,0.014615506234714616,False,0.01579551524615597,0.016959324771767398,False,0.010393692408028898,0.013218751638623644,False,0.015001133629675641,0.017292138695767668,False,0.010344857913281165,0.013104000024528136,False,0.014841106980541384,0.017079897484880827,False
2019-10-25,0.0030071348332644,-0.0030071348332644,0.01179522305000401,0.014615506234714616,False,0.01579551524615597,0.016959324771767398,False,0.010346403378929614,0.013148370493952097,False,0.014916183243238986,0.017188461567891437,False,0.010301924402780382,0.01303442542519623,False,0.01476390126614446,0.016978380582110947,False
2019-10-28,0.0016116782348819,-0.0016116782348819,0.011582967923982572,0.014615506234714616,False,0.01579551524615597,0.016959324771767398,False,0.010212699356273731,0.012995727722428428,False,0.014751591665633862,0.017008511455806168,False,0.01017345814635138,0.012882435307583125,False,0.014585483137636975,0.0167999095085019,False
2019-10-29,-0.002339578075577,0.002339578075577,0.011582967923982572,0.014615506234714616,False,0.01579551524615597,0.016959324771767398,False,0.010131240682821884,0.012903753346407665,False,0.014652982738847183,0.01690137473335489,False,0.010082698993143981,0.012789690680224904,False,0.014480973024253978,0.016691047707049385,False
2019-10-30,0.0061886693047275,-0.0061886693047275,0.011582967923982572,0.014615506234714616,False,0.01579551524615597,0.016959324771767398,False,0.01014992230263718,0.01291627160523598,False,0.014661612419514523,0.016905006185633807,False,0.010108459569656765,0.0128026596575891,False,0.014489485625484307,0.01669550332121832,False
2019-10-31,0.0032467030500187,-0.0032467030500187,0.011582967923982572,0.014615506234714616,False,0.01579551524615597,0.016959324771767398,False,0.010144680070669293,0.012907561862728022,False,0.014650714960631108,0.01689129672050005,False,0.010099347408547295,0.012793986953258406,False,0.014481991250132964,0.016681025412469713,False
2019-11-01,0.0054976679907473,-0.0054976679907473,0.011582967923982572,0.014615506234714616,False,0.01579551524615597,0.016959324771767398,False,0.010133486892481445,0.012887000585180039,False,0.014624243176354962,0.016857227798839563,False,0.010085639036223466,0.012773836777161282,False,0.014436464398555927,0.01664623602123954,False
2019-11-04,8.968640999681945e-05,-8.968640999681945e-05,0.011582967923982572,0.014615506234714616,False,0.01579551524615597,0.016959324771767398,False,0.010043089373268537,0.012788089832269024,False,0.014519961267234269,0.016746042012688624,False,0.009991149574003773,0.012674771340043049,False,0.014369583881339985,0.016535202580953777,False
2019-11-05,-0.0049813311150341,0.0049813311150341,0.011582967923982572,0.014615506234714616,False,0.01579551524615597,0.016959324771767398,False,0.01005021497327466,0.012795071650800516,False,0.014526852371380641,0.016752816516063147,False,0.009994665067853443,0.012681401124601692,False,0.014363904423529649,0.016540720884793126,False
2019-11-06,0.0013830383192865,-0.0013830383192865,0.011582967923982572,0.014615506234714616,False,0.01579551524615597,0.016959324771767398,False,0.010097123730435803,0.012844897473415553,False,0.014578518624410529,0.016806848387364196,False,0.010051605455960696,0.012730418191628026,False,0.014398088470924613,0.016591915196307865,False
2019-11-07,-0.0037066754619197,0.0037066754619197,0.011582967923982572,0.014615506234714616,False,0.01579551524615597,0.016959324771767398,False,0.010029591458015824,0.012744686020956176,False,0.014457689274331954,0.01665951758690356,False,0.009999177252096744,0.012631392672617878,False,0.014308694210597186,0.01644599675194685,False
2019-11-08,0.0001881674899157,-0.0001881674899157,0.011582967923982572,0.014615506234714616,False,0.01579551524615597,0.016959324771767398,False,0.010037850699915477,0.012753981521841895,False,0.014467638570131012,0.01667030724546781,False,0.010012182692597727,0.012639969637396007,False,0.014318618301267058,0.01645217061031653,False
2019-11-11,-0.0013262367948988,0.0013262367948988,0.011582967923982572,0.014615506234714616,False,0.01579551524615597,0.016959324771767398,False,0.009962896810193241,0.012668623155851797,False,0.014375715828100464,0.01656994690765819,False,0.009949416723872987,0.012554373359124528,False,0.01421390677320337,0.016349553481673173,False
2019-11-12,0.0028881694925901,-0.0028881694925901,0.01090079649632568,0.01434643974438864,False,0.01579551524615597,0.016959324771767398,False,0.009787501942291605,0.012462370071208371,False,0.014149993725179156,0.01631920007954869,False,0.00976423712515253,0.012348908925127387,False,0.013996399805252685,0.016099163914692283,False
2019-11-13,0.0020895261608246,-0.0020895261608246,0.01090079649632568,0.01434643974438864,False,0.01579551524615597,0.016959324771767398,False,0.009774928588395768,0.012450155305962178,False,0.014138005200128001,0.016307502354918308,False,0.009753033121534456,0.012336677607700063,False,0.01398485586849467,0.016087343651517455,False
2019-11-14,0.0030802825120023,-0.0030802825120023,0.01090079649632568,0.01434643974438864,False,0.01579551524615597,0.016959324771767398,False,0.009745911595593834,0.012419222089886354,False,0.014105863003434273,0.016273806181167853,False,0.009726128546617346,0.012305650887385408,False,0.01394484185804256,0.016052904040785805,False
2019-11-15,0.0041350264368327,-0.0041350264368327,0.01090079649632568,0.01434643974438864,False,0.01579551524615597,0.016959324771767398,False,0.009738905864583215,0.012404796582697651,False,0.01408675622255961,0.016248682271650654,False,0.009714757384186286,0.01229115704197346,False,0.013927313408093183,0.01602738707140477,False
2019-11-18,0.001300231605401,-0.001300231605401,0.01090079649632568,0.01434643974438864,False,0.01579551524615597,0.016959324771767398,False,0.00973654350327682,0.0124035654574452,False,0.014086238815004948,0.016249082249297147,False,0.009715726169481333,0.012290215464726343,False,0.013917712411956789,0.016028404511865976,False
2019-11-19,0.0019962107184056,-0.0019962107184056,0.01009938549680505,0.014049409905023376,False,0.01579551524615597,0.016959324771767398,False,0.009556466784456711,0.012193556205296087,False,0.013857344575321983,0.015995913975018712,False,0.009534613673987596,0.01208082918627753,False,0.013692746444922002,0.01577669489416478,False
2019-11-20,-0.0008418374838926,0.0008418374838926,0.009636271364621037,0.013889721673032015,False,0.01579551524615597,0.016959324771767398,False,0.009417745105354059,0.012033619496016093,False,0.013684022912084844,0.015805387808213216,False,0.009391644794605055,0.011922029937549091,False,0.013536187861425363,0.015587854961341624,False
2019-11-21,-0.0032736240964088,0.0032736240964088,0.009636271364621037,0.013889721673032015,False,0.01579551524615597,0.016959324771767398,False,0.009432937751554106,0.012048320107275249,False,0.013698413089421727,0.01581937896575962,False,0.009407794407464344,0.011936673824406878,False,0.013550360898663886,0.015601889509013582,False
2019-11-22,0.0010257612218116,-0.0010257612218116,0.009636271364621037,0.013889721673032015,False,0.01579551524615597,0.016959324771767398,False,0.009422959944650942,0.01203693955992627,False,0.013686147527244856,0.01580597583965737,False,0.009396907538650464,0.011925233234553481,False,0.013537358795381647,0.015587912099722939,False
2019-11-25,0.0059278672855281,-0.0059278672855281,0.009636271364621037,0.013889721673032015,False,0.01579551524615597,0.016959324771767398,False,0.009403903539120953,0.012002280356916254,False,0.01364164423143238,0.01574881932663627,False,0.009378234440786924,0.011891161652537082,False,0.013496685889098794,0.01553165487845852,False
2019-11-26,0.0032748125376007,-0.0032748125376007,0.009636271364621037,0.013889721673032015,False,0.01579551524615597,0.016959324771767398,False,0.00939980344092814,0.012001616574091142,False,0.013643148483372924,0.01575311028684503,False,0.009370821283918779,0.011890379489581375,False,0.013497623868476345,0.01553581853454332,False
2019-11-27,0.0021541453692003,-0.0021541453692003,0.009636271364621037,0.013889721673032015,False,0.01579551524615597,0.016959324771767398,False,0.009320131861547423,0.01188791758362541,False,0.013507980971446388,0.015590347965458388,False,0.009295910007528189,0.011777746098096628,False,0.013368130155083122,0.015374172945957243,False
2019-11-29,-0.0021196709021473,0.0021196709021473,0.009636271364621037,0.013889721673032015,False,0.01579551524615597,0.016959324771767398,False,0.009309962612710117,0.011877795623087505,False,0.01349788884596905,0.015580294188817186,False,0.009286047265203825,0.01176758502292749,False,0.01335638119477862,0.015364115106844742,False
2019-12-02,-0.0087004732374225,0.0087004732374225,0.009636271364621037,0.013889721673032015,False,0.01579551524615597,0.016959324771767398,False,0.009333522489096063,0.011900368796028182,False,0.013519839489501381,0.015601444657058547,False,0.009310479736101754,0.01179026678916838,False,0.01337674884477347,0.01538575358433699,False
2019-12-03,0.0009897990368145,-0.0009897990368145,0.009636271364621037,0.013889721673032015,False,0.01579551524615597,0.016959324771767398,False,0.009394021728075097,0.011954983473329194,False,0.013570741488269304,0.01564757452203541,False,0.009372271719787821,0.011844969657693848,False,0.013425189459628445,0.015432359378103291,False
2019-12-04,0.0015322792560416,-0.0015322792560416,0.009342812522395204,0.013215408926201109,False,0.015469499804317338,0.01607191823300083,False,0.009120228057288836,0.011631223496955606,False,0.013215456847820085,0.015251769294267256,False,0.009087126346132502,0.01152227497408838,False,0.013086785044182451,0.015039157791963917,False
2019-12-05,0.0003266996285929,-0.0003266996285929,0.009342812522395204,0.013215408926201109,False,0.015469499804317338,0.01607191823300083,False,0.009121067019047977,0.011631991526302156,False,0.013216180124598825,0.015252435047821407,False,0.00908137430933091,0.011522851573021745,False,0.013086721238562997,0.015039668828065995,False
2019-12-06,0.0037320953965765,-0.0037320953965765,0.008934026395041098,0.012689682392003439,False,0.014731728094390148,0.0158546939296703,False,0.008900514449825129,0.011371959174872102,False,0.012931239250170489,0.014935477718635102,False,0.008857167531658579,0.011263930602865986,False,0.012794302481624767,0.01472581361320342,False
2019-12-09,-0.0020018746719191,0.0020018746719191,0.008934026395041098,0.012689682392003439,False,0.014731728094390148,0.0158546939296703,False,0.008900476510594708,0.011371960791482675,False,0.012931265823290954,0.014935536369890824,False,0.0088615660511337,0.011263643664975523,False,0.0127886125910982,0.014725613067833133,False
2019-12-10,-0.0002145314815062,0.0002145314815062,0.008934026395041098,0.012689682392003439,False,0.014731728094390148,0.0158546939296703,False,0.008915757470347768,0.011388371492253408,False,0.012948389298513508,0.01495357601790255,False,0.0088771295732238,0.011280041218883671,False,0.012806174050424045,0.014743591737753138,False
2019-12-11,0.0050646360473318,-0.0050646360473318,0.008934026395041098,0.012689682392003439,False,0.014731728094390148,0.0158546939296703,False,0.008927290673291977,0.011398915715405888,False,0.012958309556068665,0.014962694254144811,False,0.008887968571833561,0.011290614973901554,False,0.012815741828325395,0.014752692668349571,False
2019-12-12,0.0014929510885951,-0.0014929510885951,0.008934026395041098,0.012689682392003439,False,0.014731728094390148,0.0158546939296703,False,0.008912089260482313,0.01138587717428815,False,0.012946635610606444,0.014952774307306713,False,0.008869194294263525,0.011277506654515521,False,0.012802780734863514,0.014742269894113551,False
2019-12-13,0.0040483622828396,-0.0040483622828396,0.008632416198283198,0.012329837236686285,False,0.014731728094390148,0.0158546939296703,False,0.008739134361620084,0.011184096507283853,False,0.012726668234644595,0.014709430437099264,False,0.008696767949612218,0.011076894783837759,False,0.012568486020967518,0.014501088022609854,False
2019-12-16,0.0034489616746803,-0.0034489616746803,0.00853781524009345,0.012117497482562578,False,0.014731728094390148,0.0158546939296703,False,0.00859854503270801,0.011023398038029606,False,0.01255328253773393,0.014519737067096385,False,0.008565238164449119,0.010916804039469532,False,0.012383479808542904,0.014312613870122108,False
2019-12-17,-7.720447084360593e-05,7.720447084360593e-05,0.00853781524009345,0.012117497482562578,False,0.014731728094390148,0.0158546939296703,False,0.008597337140285695,0.011022656849785092,False,0.012552835801765904,0.014519668808727744,False,0.008569309408541179,0.010915705321196853,False,0.01240890747792944,0.014312481154993985,False
2019-12-18,-0.0014156052647502,0.0014156052647502,0.008374732032855874,0.011973095428845016,False,0.014731728094390148,0.0158546939296703,False,0.008482800770142475,0.010889514348426353,False,0.012407954348939338,0.014359698560447444,False,0.008455224266879151,0.010782706657132789,False,0.012254267931510163,0.014151946213806572,False
2019-12-19,0.003910917549094,-0.003910917549094,0.008153133933350218,0.011945651770725586,False,0.014731728094390148,0.0158546939296703,False,0.008405149861866537,0.010799385896106264,False,0.012309953583870544,0.01425157902820097,False,0.008388210801339125,0.010692384482678438,False,0.012142498578098848,0.01404163539806216,False
2019-12-20,0.0031758858482916,-0.0031758858482916,0.007744822472487601,0.011289777867948063,False,0.014104990746726696,0.0150215713243311,False,0.00814556175630033,0.010494726268886905,False,0.011976857502068611,0.013881931824452434,False,0.00812604018695712,0.01038894215297837,False,0.011793750314787178,0.013676321525173942,False
2019-12-23,0.0014409072093393,-0.0014409072093393,0.00729818387953316,0.010764584102464562,False,0.01392456140484625,0.01500316223597123,False,0.00794082023935932,0.01025555980465384,False,0.011715971703447162,0.013593128831107444,False,0.007914454138934391,0.010150751035346585,False,0.011534001970324077,0.013389446187208347,False
2019-12-24,0.0021286500929836,-0.0021286500929836,0.00729818387953316,0.010764584102464562,False,0.01392456140484625,0.01500316223597123,False,0.007430619190045959,0.009583447626929404,False,0.010941706807540584,0.012687560771207253,False,0.007388318322855946,0.009484570289781873,False,0.010731842157964792,0.01249247617574451,False
2019-12-26,0.0059963381981039,-0.0059963381981039,0.00729818387953316,0.010764584102464562,False,0.01392456140484625,0.01500316223597123,False,0.007432537260035131,0.009582719346868919,False,0.010939308896408493,0.012683016780692204,False,0.007393804855861339,0.009484197699459958,False,0.01073203585071473,0.012488045569648039,False
2019-12-27,-0.0001435151322473,0.0001435151322473,0.00729818387953316,0.010764584102464562,False,0.01392456140484625,0.01500316223597123,False,0.0074306522567737085,0.009584776453353023,False,0.010943853152663155,0.012690757923334342,False,0.007392051486754688,0.00948623359505947,False,0.010739720318142203,0.012495968423817536,False
2019-12-30,-0.0042557618912563,0.0042557618912563,0.00729818387953316,0.010764584102464562,False,0.01392456140484625,0.01500316223597123,False,0.007438632757718883,0.009587924491321983,False,0.01094395230058126,0.012686938145574601,False,0.007398939102761335,0.009489795585462854,False,0.010738692699739894,0.012492599149768977,False
2019-12-31,-0.0002318799884871,0.0002318799884871,0.00729818387953316,0.010764584102464562,False,0.01392456140484625,0.01500316223597123,False,0.00748215348821778,0.009635561767750222,False,0.010994186781786777,0.012740510973628492,False,0.007444029481074976,0.009537114614026867,False,0.010790651500917825,0.01254611755930843,False
2020-01-02,0.0112758067405252,-0.0112758067405252,0.007039503024976581,0.01024255324185094,False,0.01288156602196546,0.014899581666794467,False,0.007280401867649482,0.009396625794361844,False,0.010731790514151232,0.012447959748614502,False,0.007242929295696709,0.009300059362106787,False,0.01049895988413066,0.012254297954798038,False
2020-01-03,-0.000248566921176,0.000248566921176,0.007039503024976581,0.01024255324185094,False,0.01288156602196546,0.014899581666794467,False,0.0071351249657143545,0.009205001813513651,False,0.010510925306111097,0.012189508994955193,False,0.007087691261485849,0.009110425995585713,False,0.010305917024911453,0.011993080816071559,False
2020-01-06,0.0035745634922872,-0.0035745634922872,0.007039503024976581,0.01024255324185094,False,0.01288156602196546,0.014899581666794467,False,0.007144313714226459,0.009210115124349374,False,0.010513467348124783,0.01218874602719704,False,0.007091666733831967,0.009115146564722149,False,0.010307311796716052,0.011990284993045153,False
2020-01-07,-0.0015523766865029,0.0015523766865029,0.007039503024976581,0.01024255324185094,False,0.01288156602196546,0.014899581666794467,False,0.007143597204599436,0.009207679162934366,False,0.01050994655285277,0.012183830828326506,False,0.00708844052990785,0.009113191284010032,False,0.010302683616697806,0.011987355555339092,False
2020-01-08,0.0015635740843707,-0.0015635740843707,0.007039503024976581,0.01024255324185094,False,0.01288156602196546,0.014899581666794467,False,0.00716367827794239,0.009226653913564056,False,0.010528223304070957,0.012201210398022489,False,0.0071169132946983845,0.009132020728359691,False,0.010314182179008924,0.01200468242179565,False
2020-01-09,0.0046848882784139,-0.0046848882784139,0.007039503024976581,0.01024255324185094,False,0.01288156602196546,0.014899581666794467,False,0.00715681883081208,0.009219685076228829,False,0.010521185450437197,0.0121940838335005,False,0.007108163282561534,0.009124918904481255,False,0.010299468978957884,0.011997718279567172,False
2020-01-10,0.0008917565189315,-0.0008917565189315,0.007039503024976581,0.01024255324185094,False,0.01288156602196546,0.014899581666794467,False,0.007148092638320403,0.0092132188255821,False,0.010516145038796474,0.012190876140324504,False,0.007102772734476164,0.009118566346667864,False,0.010299944191061592,0.011995248514150245,False
2020-01-13,0.0039153610384909,-0.0039153610384909,0.007039503024976581,0.01024255324185094,False,0.01288156602196546,0.014899581666794467,False,0.007100053666007774,0.0091590001452788,False,0.01045802746670597,0.012127747083108213,False,0.0070501700806112405,0.009064480589711486,False,0.010236688021278195,0.011931855571765144,False
2020-01-14,-0.0006992178326584,0.0006992178326584,0.007039503024976581,0.01024255324185094,False,0.01288156602196546,0.014899581666794467,False,0.007086431053756984,0.009137281079078411,False,0.010431200198328838,0.012094353928672818,False,0.0070343229184590276,0.009042933761972634,False,0.01022013489398802,0.011899084934952509,False
2020-01-15,0.0032077278108055,-0.0032077278108055,0.007039503024976581,0.01024255324185094,False,0.01288156602196546,0.014899581666794467,False,0.007097277954860691,0.009148545422022666,False,0.010442727913032116,0.012106220171277084,False,0.007047394850768863,0.009054244392506124,False,0.01023134655875714,0.011911103608627975,False
2020-01-16,0.0048576019828446,-0.0048576019828446,0.007039503024976581,0.01024255324185094,False,0.01288156602196546,0.014899581666794467,False,0.007097081405868337,0.00914662041379911,False,0.010439712387989445,0.012101802937975581,False,0.007042888843437979,0.009052136643551197,False,0.01023601118432381,0.0119063754402386,False
2020-01-17,0.0010494584209818,-0.0010494584209818,0.007039503024976581,0.01024255324185094,False,0.01288156602196546,0.014899581666794467,False,0.007096188957345808,0.009144938179272108,False,0.010437531862900631,0.01209898192941733,False,0.00704754255013566,0.00905008171700402,False,0.010221598363130375,0.011903525563834626,False
2020-01-21,0.0013696901218937,-0.0013696901218937,0.006705406636070559,0.010104781315422454,False,0.01288156602196546,0.014899581666794467,False,0.006996721704044721,0.009029930264426589,False,0.010312719057960825,0.011961566296917968,False,0.006945358284253639,0.00893569331241047,False,0.01011995462572658,0.011767419098429866,False
2020-01-22,0.0014626672567871,-0.0014626672567871,0.006705406636070559,0.010104781315422454,False,0.01288156602196546,0.014899581666794467,False,0.00699479126920983,0.00902801905652271,False,0.010310819980682461,0.011959682811877767,False,0.006939076106688622,0.008933841098485601,False,0.010115703644132008,0.011765483035240706,False
2020-01-23,0.0030004346624898,-0.0030004346624898,0.006705406636070559,0.010104781315422454,False,0.01288156602196546,0.014899581666794467,False,0.006998260214161036,0.00903089894130019,False,0.01031332821652815,0.011961713344520765,False,0.0069506911401075915,0.008936503761332154,False,0.010116504733256695,0.011767478456506796,False
2020-01-24,-0.0031666128837332,0.0031666128837332,0.006705406636070559,0.010104781315422454,False,0.01288156602196546,0.014899581666794467,False,0.006989682046102435,0.00901546112957975,False,0.010293562529060725,0.011936384772491256,False,0.006934249495349561,0.008920671519110008,False,0.010119411616440926,0.011739744131348014,False
2020-01-27,-0.0074410579755948,0.0074410579755948,0.006705406636070559,0.010104781315422454,True,0.01288156602196546,0.014899581666794467,False,0.006959453403089697,0.008980231584608636,True,0.010255177822777201,0.011893944543549095,False,0.006899334018402954,0.008885567444937934,True,0.010080790904665404,0.011697617990494567,False
2020-01-28,0.0051264624180901,-0.0051264624180901,0.007039503024976581,0.01015926098610596,False,0.01288156602196546,0.014899581666794467,False,0.007030604345417088,0.00906295162185372,False,0.010345197015456178,0.011993345789099564,False,0.006982396022574648,0.008967853338198268,False,0.01016160009751097,0.011796165804739302,False
2020-01-29,0.0028444375126646,-0.0028444375126646,0.007039503024976581,0.01015926098610596,False,0.01288156602196546,0.014899581666794467,False,0.006969735927177276,0.008978210734972788,False,0.010245394547661447,0.0118741837461127,False,0.006907581723812629,0.008883382637375842,False,0.010064153527423519,0.011679041319542673,False
2020-01-30,0.0022265609731428,-0.0022265609731428,0.007039503024976581,0.01015926098610596,False,0.01288156602196546,0.014899581666794467,False,0.006951621181677649,0.00894919112350038,False,0.010209494855051545,0.011829440662568498,False,0.006889045360354884,0.00885465866395542,False,0.010023342966974644,0.011635305991910514,False
2020-01-31,-0.0085330952046071,0.0085330952046071,0.007039503024976581,0.01015926098610596,True,0.01288156602196546,0.014899581666794467,False,0.006926915924092585,0.0089228820639491,True,0.010182173927249563,0.0118008191183441,False,0.006869065044482729,0.008828109158191108,True,0.009989239526810934,0.011607490665249916,False
2020-02-03,0.0056123262495942,-0.0056123262495942,0.00729818387953316,0.010254851105417354,False,0.01288156602196546,0.014899581666794467,False,0.007031621710652607,0.009041069376870567,False,0.010308866983887228,0.011938445129894082,False,0.006978472796479539,0.008945867995498744,False,0.010124330499578112,0.011743977379957013,False
2020-02-04,0.0071742524302374,-0.0071742524302374,0.00729818387953316,0.010254851105417354,False,0.01288156602196546,0.014899581666794467,False,0.007032556443597471,0.009042671309311065,False,0.010310889864799385,0.01194100908173603,False,0.006977858362319541,0.008947366410090888,False,0.01012257308606926,0.011747199891327604,False
2020-02-05,0.0034408253339635,-0.0034408253339635,0.00729818387953316,0.010254851105417354,False,0.01288156602196546,0.014899581666794467,False,0.0070155833680091,0.009030899384935788,False,0.010302399442685923,0.011936736576064692,False,0.006967653619495093,0.00893462165481689,False,0.010101611540777797,0.011742155549961277,False
2020-02-06,0.0052136218535934,-0.0052136218535934,0.00729818387953316,0.010254851105417354,False,0.01288156602196546,0.014899581666794467,False,0.006955927457624812,0.008965157459977485,False,0.01023281773884563,0.011862219368547035,False,0.006893612436785138,0.008869873029924839,False,0.01004505876419746,0.011667583526612407,False
2020-02-07,-0.0003145887455576,0.0003145887455576,0.00729818387953316,0.010254851105417354,False,0.01288156602196546,0.014899581666794467,False,0.006955679010711677,0.008967702489696089,False,0.010237125224510967,0.011868792247109627,False,0.006896038925871819,0.008872582527442673,False,0.010055205300763625,0.011673535933870055,False
2020-02-10,0.0069470941652178,-0.0069470941652178,0.00729818387953316,0.010254851105417354,False,0.01288156602196546,0.014899581666794467,False,0.006947615541959358,0.00895883262413194,False,0.010227746588320182,0.011858759656778281,False,0.006886693549802326,0.008863780942835362,False,0.010046594588517744,0.011663698475869344,False
2020-02-11,-0.0007879522034123,0.0007879522034123,0.00729818387953316,0.010254851105417354,False,0.01288156602196546,0.014899581666794467,False,0.0069384603520042465,0.008945624058676391,False,0.010211980673476447,0.01183970662366612,False,0.006877523083932782,0.008850934870468424,False,0.01002976416361265,0.011644533946736368,False
2020-02-12,0.003877038464094,-0.003877038464094,0.00729818387953316,0.010254851105417354,False,0.01288156602196546,0.014899581666794467,False,0.006943730226642839,0.008951305795010724,False,0.010217922260953485,0.011845982213779721,False,0.006881336922358528,0.008856501291433417,False,0.010034108224559671,0.011650681985941339,False
2020-02-13,0.0008743512806778,-0.0008743512806778,0.00729818387953316,0.010254851105417354,False,0.01288156602196546,0.014899581666794467,False,0.00693951705416215,0.008948541369585892,False,0.010216071876775642,0.011845306702966837,False,0.0068762693908520816,0.008853461745782013,False,0.010028403040106389,0.011650242046962215,False
2020-02-14,0.0028590426460289,-0.0028590426460289,0.00729818387953316,0.010254851105417354,False,0.01288156602196546,0.014899581666794467,False,0.006940455904011825,0.008943883197482128,False,0.010207882440256147,0.011832578315365718,False,0.006878264415792458,0.008849613276164861,False,0.01003342212614489,0.011638020547474254,False
2020-02-18,0.0023576839228201,-0.0023576839228201,0.00729818387953316,0.010254851105417354,False,0.01288156602196546,0.014899581666794467,False,0.0069411151005981395,0.008943572359101698,False,0.010206959588918011,0.01183086880617665,False,0.006880049784186006,0.00884910247640761,False,0.010025522941467198,0.011635083161780578,False
2020-02-19,0.0051698101810332,-0.0051698101810332,0.00729818387953316,0.010254851105417354,False,0.01288156602196546,0.014899581666794467,False,0.006932066006042798,0.00893469131171254,False,0.010198184565586474,0.011822230062079506,False,0.006868244147379905,0.008840433455189874,False,0.01001530694966159,0.011626695668942167,False
2020-02-20,-0.0017847416275088,0.0017847416275088,0.00729818387953316,0.010254851105417354,False,0.01288156602196546,0.014899581666794467,False,0.006868408021227477,0.008866029864027047,False,0.010126366340862074,0.011746354237903944,False,0.006805388944566423,0.008772741969660505,False,0.009943808522886646,0.011552672808725368,False
2020-02-21,-0.0047997362663053,0.0047997362663053,0.00729818387953316,0.010254851105417354,False,0.01288156602196546,0.014899581666794467,False,0.00688721638948431,0.008881643291348435,False,0.010139964021000486,0.011757360954359293,False,0.006822168316677226,0.008788532278695627,False,0.009961796525710572,0.011564242248844477,False
2020-02-24,-0.0185735228008234,0.0185735228008234,0.00729818387953316,0.010254851105417354,True,0.01288156602196546,0.014899581666794467,True,0.006932069974406901,0.008932294932526964,True,0.010194273762845287,0.011816372677710177,True,0.006874624231969017,0.008838724116910468,True,0.010017250502424593,0.01162326541712516,True
2020-02-25,-0.0205351345364512,0.0205351345364512,0.007379621806475728,0.011121696462762983,True,0.014552403297811295,0.016502061555733666,True,0.00726866008722586,0.009334284772645748,True,0.010637525497545437,0.01231266086026328,True,0.007228517351982629,0.0092379631586963,True,0.01041446037792474,0.012116539562280128,True
2020-02-26,-0.0005863811987164,0.0005863811987164,0.007806258641606673,0.0121289331212904,False,0.015469499804317338,0.018244477275630167,False,0.007622616794558841,0.009761011854993475,False,0.011110164752106655,0.012844313850187876,False,0.007576054803228228,0.009659798296277675,False,0.010886516002031115,0.012648223046915166,False
2020-02-27,-0.0282842755014075,0.0282842755014075,0.007806258641606673,0.0121289331212904,True,0.015469499804317338,0.018244477275630167,True,0.007606253860309876,0.009742786309910299,True,0.011090764051482925,0.012823402649957232,True,0.00755634511881909,0.009641760174898774,True,0.010869877280736929,0.012628482426773528,True
2020-02-28,-0.0024433840877911,0.0024433840877911,0.008153133933350218,0.013681180530127476,False,0.0171286361283317,0.022464310946227365,False,0.008246091346150699,0.010516601258096604,False,0.011949107852553193,0.013790396578306788,False,0.008208763280144511,0.010410445749408298,False,0.011720982547181728,0.013588664079905999,False
2020-03-02,0.0295808765996574,-0.0295808765996574,0.008153133933350218,0.013681180530127476,False,0.0171286361283317,0.022464310946227365,False,0.00826034699785777,0.010532237592757338,False,0.011965615285563058,0.01380802368753698,False,0.00823405340157715,0.010429054559725934,False,0.011745815079549641,0.013628448716695201,False
2020-03-03,-0.0116495225541495,0.0116495225541495,0.008153133933350218,0.013681180530127476,True,0.0171286361283317,0.022464310946227365,False,0.00863466306429244,0.011031442070582737,True,0.012543614166331669,0.014487301854804695,False,0.008604745473229623,0.010923719053428439,True,0.012356448066949823,0.014298555618972546,False
2020-03-04,0.0253831699089875,-0.0253831699089875,0.008379812880236055,0.0139471078175916,False,0.0171286361283317,0.022464310946227365,False,0.008747639052699801,0.011164574988981914,False,0.012689464463758949,0.01464949858073443,False,0.008716471596146838,0.011056647711623457,False,0.012500427328106148,0.014463044134523182,False
2020-03-05,-0.0126736913380171,0.0126736913380171,0.008379812880236055,0.0139471078175916,True,0.0171286361283317,0.022464310946227365,False,0.008943122784661356,0.011440838240193686,True,0.013016693004051444,0.01504223593791632,False,0.008916544903941245,0.011329530091545496,True,0.012818355506609312,0.014849018530480778,False
2020-03-06,-0.0003645785667768,0.0003645785667768,0.008625153122655568,0.014265615212469293,False,0.0171286361283317,0.022464310946227365,False,0.00909963700296735,0.011622908408145642,False,0.013214886892143457,0.015261154633995938,False,0.00907894809014742,0.011511541988639998,False,0.013039918053132763,0.015065131792191083,False
2020-03-09,-0.0429355671361069,0.0429355671361069,0.008625153122655568,0.014265615212469293,True,0.0171286361283317,0.022464310946227365,True,0.00909750644744415,0.011610034901686238,True,0.013195235459730472,0.015232791116982006,True,0.009063076474895916,0.011497950415493627,True,0.013002553717220151,0.015037196121288563,True
2020-03-10,0.0208935722732118,-0.0208935722732118,0.008934026395041098,0.01689908397390655,False,0.019573944785993558,0.030584992391321866,False,0.010275563095381886,0.013038459338359865,False,0.014781621553614527,0.017022215032575533,False,0.010216337291747856,0.012916525129276797,False,0.01460227482818146,0.016804499081659076,False
2020-03-11,-0.0382816650583573,0.0382816650583573,0.008934026395041098,0.01689908397390655,True,0.019573944785993558,0.030584992391321866,True,0.010405733885370394,0.013217648113240311,True,0.014991736679547325,0.017272081697343646,True,0.010348735491022179,0.013092732404294687,True,0.014808856389885307,0.017044732304848143,True
2020-03-12,-0.0659376687377238,0.0659376687377238,0.009342812522395204,0.0191418954905353,True,0.024487196428578842,0.03650050256529056,True,0.011252782518215694,0.01424489950488669,True,0.0161326813164703,0.01855916324667752,True,0.011196103510950088,0.014106120947291892,True,0.015812935973642764,0.018304095314289556,True
2020-03-13,0.0462730320718602,-0.0462730320718602,0.009636271364621037,0.0234816447475053,False,0.033382944175451804,0.04905163364406267,False,0.013406632466740577,0.016872503606024047,False,0.01905918565327628,0.021869862418042355,False,0.013351893695952782,0.016710005079624234,False,0.01874329093380668,0.02156758381500864,False
2020-03-16,-0.0624805293070208,0.0624805293070208,0.009636271364621037,0.0234816447475053,True,0.033382944175451804,0.04905163364406267,True,0.014044830078187234,0.017717801204879154,True,0.020035146455191447,0.02301377266158408,True,0.013979392580028012,0.017549873182504682,True,0.01972355350236861,0.022692787272242772,True
2020-03-17,0.029254109344745,-0.029254109344745,0.010786026702352961,0.027539328318546087,False,0.04065515511800955,0.057117921726950495,False,0.015709748541342272,0.01974126061954567,False,0.022284815971263222,0.025554203917239393,False,0.01561935446151824,0.01956428754759387,False,0.021986512988108973,0.025204443056610865,False
2020-03-18,-0.0421279035830936,0.0421279035830936,0.010786026702352961,0.027539328318546087,True,0.04065515511800955,0.057117921726950495,True,0.01588795089936237,0.019991562439322066,True,0.02258060667169998,0.02590846427040319,True,0.015755603464445614,0.019811796375918376,True,0.022220080953503293,0.02555750776599849,True
2020-03-19,0.0049597750210644,-0.0049597750210644,0.01182080554322928,0.0298838191669264,False,0.04253981199513038,0.057117921726950495,False,0.016658994494199726,0.020907277784735293,False,0.023587598093751824,0.027032778440912928,False,0.016556393443081602,0.020712650050473073,False,0.023150461465074122,0.026649837027339696,False
2020-03-20,-0.0097430966273439,0.0097430966273439,0.01182080554322928,0.0298838191669264,False,0.04253981199513038,0.057117921726950495,False,0.016576556835039332,0.02081882546956471,False,0.023495351021133738,0.02693565373343292,False,0.01647006834635061,0.02062449700686341,False,0.02305238904179864,0.02655736854509966,False
2020-03-23,0.004821972608753,-0.004821972608753,0.01182080554322928,0.0298838191669264,False,0.04253981199513038,0.057117921726950495,False,0.016649689011780003,0.020899931633924076,False,0.023581488121402174,0.027028257404679252,False,0.016584362156545792,0.020701421634620153,False,0.023159366286210892,0.026638032005499218,False
2020-03-24,0.0591573174709817,-0.0591573174709817,0.01182080554322928,0.0298838191669264,False,0.04253981199513038,0.057117921726950495,False,0.0166474498035891,0.020898713339339268,False,0.02358091394004735,0.027028511141627264,False,0.016554887619043033,0.02070019611200664,False,0.02329260893023429,0.026648946148399008,False
2020-03-25,0.0016291740898489,-0.0016291740898489,0.01182080554322928,0.0298838191669264,False,0.04253981199513038,0.057117921726950495,False,0.01749016825235656,0.022018313638479385,False,0.024875204107070156,0.02854734092716247,False,0.01740260390179927,0.02180904470780594,False,0.02446509336943426,0.028140266883028967,False
2020-03-26,0.0394287597049489,-0.0394287597049489,0.01182080554322928,0.0298838191669264,False,0.04253981199513038,0.057117921726950495,False,0.017486796387966935,0.022015062726333065,False,0.024872029505925715,0.028544264413236584,False,0.017431260802607935,0.021807079352879327,False,0.024539117516374737,0.02814117172385411,False
2020-03-27,-0.0161430173491694,0.0161430173491694,0.01182080554322928,0.0298838191669264,True,0.04253981199513038,0.057117921726950495,False,0.01780005983532368,0.0224435423132724,False,0.025373201081070666,0.029138871466342718,False,0.01771239550564608,0.022230971100422565,False,0.0250169091420348,0.02872173793036235,False
2020-03-30,0.0210979292580558,-0.0210979292580558,0.012352956012705583,0.030205516949888798,False,0.04253981199513038,0.057117921726950495,False,0.017959463622106982,0.022622338049318184,False,0.025564231555688478,0.029345628002035853,False,0.017875748687218532,0.022409508414331435,False,0.025205914539198553,0.02892767383790703,False
2020-03-31,-0.0144974844720141,0.0144974844720141,0.012352956012705583,0.030205516949888798,True,0.04253981199513038,0.057117921726950495,False,0.018008521695439136,0.022703195514411148,False,0.025665151843743548,0.029472336268917595,False,0.0179229396754671,0.022489553652135653,False,0.02530851421682188,0.029051893484978112,False
2020-04-01,-0.024403715599262,0.024403715599262,0.013274506825810866,0.030345808729427028,True,0.04253981199513038,0.057117921726950495,False,0.018132424411281427,0.02284372973234313,True,0.025816179183195873,0.029636851062059936,False,0.018036292532409733,0.022628641440803905,True,0.02543514110480991,0.029215723348761834,False
2020-04-02,0.0180321576101922,-0.0180321576101922,0.014168353869910352,0.03116408814983135,False,0.04253981199513038,0.057117921726950495,False,0.01841578755308608,0.023172334922930714,False,0.026173328417078437,0.030030689708270414,False,0.018305857747049632,0.022956285456613393,False,0.025802546050958268,0.029606616422623945,False
2020-04-03,-0.0081134691280391,0.0081134691280391,0.014168353869910352,0.03116408814983135,False,0.04253981199513038,0.057117921726950495,False,0.018445019080257058,0.02322393485622591,False,0.026239040990495503,0.030114542124985634,False,0.01833975060573489,0.023006659370505403,False,0.025882728952881656,0.02968795263315984,False
2020-04-06,0.0483744647190104,-0.0483744647190104,0.014168353869910352,0.03116408814983135,False,0.04253981199513038,0.057117921726950495,False,0.018501593733171954,0.02328573925009903,False,0.02630414492442813,0.030183887160449833,False,0.018392593336202665,0.023068359949034344,False,0.025954782048324326,0.02975692115762902,False
2020-04-07,-0.002591592381188,0.002591592381188,0.014168353869910352,0.03116408814983135,False,0.04253981199513038,0.057117921726950495,False,0.01895283066619082,0.02390230235536102,False,0.027025015362033607,0.03103883021998998,False,0.01882924056070951,0.023679763956842827,False,0.0266669411151334,0.030597419131485976,False
2020-04-08,0.0159439856987127,-0.0159439856987127,0.014168353869910352,0.03116408814983135,False,0.04253981199513038,0.057117921726950495,False,0.018977763007366494,0.023927223330581348,False,0.027049929166263007,0.031063734806904216,False,0.018846529512935386,0.023704424851452535,False,0.026701946974603527,0.03062188899207368,False
2020-04-09,0.0107304037797053,-0.0107304037797053,0.014168353869910352,0.03116408814983135,False,0.04253981199513038,0.057117921726950495,False,0.01895957151236665,0.023924470853340978,False,0.027056917450177662,0.03108324348951331,False,0.018849896554121545,0.023701899970007892,False,0.026701726854797832,0.03064089964966039,False
2020-04-13,-0.0002061297623989,0.0002061297623989,0.014168353869910352,0.03116408814983135,False,0.04253981199513038,0.057117921726950495,False,0.01895328801347771,0.023925243914864027,False,0.027062142625858494,0.031094191241017678,False,0.01882503154605232,0.02370238131589886,False,0.026700684931840322,0.030652760715700614,False
2020-04-14,0.0238013844903347,-0.0238013844903347,0.014168353869910352,0.03116408814983135,False,0.04253981199513038,0.057117921726950495,False,0.018954198098116236,0.023926175018499498,False,0.027063086990766934,0.031095152651454912,False,0.018830354395509678,0.0237041918737019,False,0.026738156255472836,0.030655680474823713,False
2020-04-15,-0.0068343484093662,0.0068343484093662,0.014168353869910352,0.03116408814983135,False,0.04253981199513038,0.057117921726950495,False,0.018999825634107754,0.024009077548846784,False,0.027169507002778596,0.03123180112734542,False,0.018878176127426944,0.02378660619009993,False,0.026833702257322522,0.03078868443684338,False
2020-04-16,0.0086312813060761,-0.0086312813060761,0.014168353869910352,0.03116408814983135,False,0.04253981199513038,0.057117921726950495,False,0.019041287592763242,0.024054444591343854,False,0.02721733783472029,0.03128279881921263,False,0.018923707381418797,0.023832066097993997,False,0.026904266565920276,0.030839017272392234,False
2020-04-17,0.0076044329535855,-0.0076044329535855,0.014168353869910352,0.03116408814983135,False,0.04253981199513038,0.057117921726950495,False,0.019032449092631295,0.024049827426486214,False,0.02721538398817104,0.03128426829929469,False,0.018931872270953744,0.023827525960438502,False,0.026892554772297576,0.030839300660596168,False
2020-04-20,-0.0073304349150605,0.0073304349150605,0.014168353869910352,0.03116408814983135,False,0.04253981199513038,0.057117921726950495,False,0.019015269819283562,0.02403591796723356,False,0.027203537514959193,0.031275073508771775,False,0.018963682752194372,0.023813863937784507,False,0.026887077250210088,0.030830738554117013,False
2020-04-21,-0.0198756547675899,0.0198756547675899,0.014168353869910352,0.03116408814983135,True,0.04253981199513038,0.057117921726950495,False,0.019079496840756698,0.02410201129248039,True,0.027270808325690225,0.03134385781392944,False,0.019026918755022267,0.02387992775465555,True,0.026958661329745913,0.030899460231798903,False
2020-04-22,0.0172036765787103,-0.0172036765787103,0.014943206069625266,0.031577793557183334,False,0.04253981199513038,0.057117921726950495,False,0.019275992990080742,0.024327829232699317,False,0.027515125924773096,0.03161195416099733,False,0.01921642217803817,0.02410502915849657,False,0.027209038248173556,0.031165220966553164,False
2020-04-23,0.0019928678605577,-0.0019928678605577,0.014943206069625266,0.031577793557183334,False,0.04253981199513038,0.057117921726950495,False,0.01928436816527114,0.024355202493529717,False,0.027554485428349314,0.031666720318698154,False,0.0192316963042793,0.024132232056673458,False,0.0272376023268622,0.031219864759881838,False
2020-04-24,0.0093448972483122,-0.0093448972483122,0.014943206069625266,0.031577793557183334,False,0.04253981199513038,0.057117921726950495,False,0.019289320760610733,0.02435961584592838,False,0.027558558562427483,0.03167035614926914,False,0.019234390087125817,0.024136639436659463,False,0.02724180129854012,0.031223615473964718,False
2020-04-27,0.0030592663929494,-0.0030592663929494,0.014943206069625266,0.031577793557183334,False,0.04253981199513038,0.057117921726950495,False,0.019268368750070923,0.024343681722526076,False,0.02754579031660047,0.031661657200371764,False,0.019213203973735677,0.02412075126103221,False,0.02722803917894358,0.031214902222256383,False
2020-04-28,-0.0049142456901275,0.0049142456901275,0.014943206069625266,0.031577793557183334,False,0.04253981199513038,0.057117921726950495,False,0.019256373143579447,0.024332000776343135,False,0.027534307895411687,0.0316504299555535,False,0.019190770093101828,0.02410892356871163,False,0.02722598296052082,0.0312038162386418,False
2020-04-29,0.019128903493383,-0.019128903493383,0.014943206069625266,0.031577793557183334,False,0.04253981199513038,0.057117921726950495,False,0.01926276027768338,0.02433905738333196,False,0.02754178688519539,0.031658451859890746,False,0.019198278296483667,0.02411619554735158,False,0.027245501801602946,0.031212402775845617,False
2020-04-30,-0.0088798977846788,0.0088798977846788,0.014943206069625266,0.031577793557183334,False,0.04253981199513038,0.057117921726950495,False,0.019258965520305968,0.024357267017628373,False,0.027573879496180835,0.03170838911365573,False,0.01917672699767284,0.024133924018605504,False,0.027289760640803087,0.03126057685715521,False
2020-05-01,-0.0149973135676546,0.0149973135676546,0.014943206069625266,0.031577793557183334,True,0.04253981199513038,0.057117921726950495,False,0.019337193005554105,0.024436834819327756,False,0.027654292928258214,0.03178988948640561,False,0.019273588322561583,0.024212439328943423,False,0.02733405984949934,0.031340298348438045,False
2020-05-04,0.0036026457045852,-0.0036026457045852,0.0151681291626635,0.031577793557183334,False,0.04253981199513038,0.057117921726950495,False,0.019451488056234784,0.024567392811419515,False,0.027795111510138217,0.03194389663465577,False,0.019402956796634518,0.02434252661598121,False,0.027484263550350156,0.031492933945316263,False
2020-05-05,0.0058859428762664,-0.0058859428762664,0.0151681291626635,0.031577793557183334,False,0.04253981199513038,0.057117921726950495,False,0.019372975524104417,0.024482270597746165,False,0.027705819126430484,0.03184924407522633,False,0.019315649717128104,0.024257675807938483,False,0.02739931336362254,0.031399017613570515,False
2020-05-06,-0.0063281092124574,0.0063281092124574,0.0151681291626635,0.031577793557183334,False,0.04253981199513038,0.057117921726950495,False,0.01934412424980055,0.024454532243661863,False,0.02767878293424613,0.031823110414866296,False,0.01929566547496342,0.024229953873074413,False,0.027370937677572916,0.03137288463805877,False
2020-05-07,0.0136900778857266,-0.0136900778857266,0.0151681291626635,0.031577793557183334,False,0.04253981199513038,0.057117921726950495,False,0.019376269029987927,0.02448981152456088,False,0.0277160398294758,0.03186290925928141,False,0.0193195995131988,0.024264216861204807,False,0.02739232539205801,0.0314108962782036,False
2020-05-08,0.0065428895139001,-0.0065428895139001,0.0151681291626635,0.031577793557183334,False,0.04253981199513038,0.057117921726950495,False,0.019375154548417223,0.024499954481976515,False,0.02773328531284817,0.03188928405557919,False,0.019306588703974805,0.02427323953368846,False,0.027400486646807058,0.031435134651612316,False
2020-05-11,-0.0001791845683269,0.0001791845683269,0.014772390474616367,0.03152952733241709,False,0.04253981199513038,0.057117921726950495,False,0.019222105113749794,0.02433055024025969,False,0.027553562521616958,0.0316962981987813,False,0.01915759999522344,0.024103998784673817,False,0.027223156241785167,0.031243121461549873,False
2020-05-12,-0.0105706880477019,0.0105706880477019,0.014772390474616367,0.03152952733241709,False,0.04253981199513038,0.057117921726950495,False,0.019239366921843994,0.024346410120123698,False,0.027568537899094896,0.03171013667100681,False,0.019174484058033084,0.02411972317350246,False,0.02722902344760433,0.03125686284547485,False
2020-05-13,-0.007360757423928,0.007360757423928,0.014772390474616367,0.03152952733241709,False,0.04253981199513038,0.057117921726950495,False,0.01933447079069966,0.02444780263806854,False,0.02767389804177596,0.03182059664549535,False,0.019263646398038955,0.02422086797011315,False,0.027349284470501348,0.03136636852873123,False
2020-05-14,0.0109099474861259,-0.0109099474861259,0.014772390474616367,0.03152952733241709,False,0.04253981199513038,0.057117921726950495,False,0.01939594194563371,0.02451286537789886,False,0.027741226778782237,0.031890838007873706,False,0.019329985718930923,0.024285873094005903,False,0.027418894962831855,0.03143640958666408,False
2020-05-15,0.0037937859339447,-0.0037937859339447,0.014772390474616367,0.03152952733241709,False,0.04253981199513038,0.057117921726950495,False,0.01934542250389172,0.024466448418046145,False,0.027697398150444443,0.03185033632103509,False,0.01927620044961691,0.024239039080133543,False,0.027371728032459863,0.03139490635945472,False
2020-05-18,0.0113164310136256,-0.0113164310136256,0.014772390474616367,0.03152952733241709,False,0.04253981199513038,0.057117921726950495,False,0.01928564519063823,0.024402748601242894,False,0.027631223553781278,0.03178098073779049,False,0.01922553158494491,0.02417536467214898,False,0.027285645570985714,0.031325978142811836,False
2020-05-19,-0.0025395507590562,0.0025395507590562,0.014772390474616367,0.03152952733241709,False,0.04253981199513038,0.057117921726950495,False,0.019286098312648502,0.024409174556813927,False,0.02764141788024484,0.031796018782855914,False,0.019222549629334926,0.024181498628951043,False,0.02731151493343262,0.03134056812987585,False
2020-05-20,0.0127423204696904,-0.0127423204696904,0.014772390474616367,0.03152952733241709,False,0.04253981199513038,0.057117921726950495,False,0.019292692796534963,0.024416230208432477,False,0.027648764491094133,0.03180373938147832,False,0.01923636531457734,0.024188625367223267,False,0.02732999652748369,0.03134865669426356,False
2020-05-21,-0.0071711520294785,0.0071711520294785,0.014772390474616367,0.03152952733241709,False,0.04253981199513038,0.057117921726950495,False,0.01924779091352679,0.024378258655852934,False,0.02761516541184692,0.03177576051080929,False,0.019193024586391896,0.024150507105307084,False,0.027302802630682993,0.03132001150909356,False
2020-05-22,0.0037131630774787,-0.0037131630774787,0.014772390474616367,0.03152952733241709,False,0.04253981199513038,0.057117921726950495,False,0.019298576073702944,0.02443352585437454,False,0.02767326041105448,0.031837490255952325,False,0.019241797548705586,0.02420574187459288,False,0.027363066178376694,0.03138214694443768,False
2020-05-26,-0.0005607116708887,0.0005607116708887,0.014772390474616367,0.03152952733241709,False,0.04253981199513038,0.057117921726950495,False,0.019264582198167363,0.0243985324826689,False,0.027637636438774402,0.03180105573401567,False,0.019204744121990004,0.024170658299816145,False,0.027329310151058567,0.03134556528021823,False
2020-05-27,0.0072189961034831,-0.0072189961034831,0.014772390474616367,0.03152952733241709,False,0.04253981199513038,0.057117921726950495,False,0.019244279011302476,0.024376652762263206,False,0.0276147620542707,0.03177690284664388,False,0.019194341144859288,0.024149676697111867,False,0.027316073204272075,0.03132357476628207,False
2020-05-28,-0.0012971325791504,0.0012971325791504,0.014772390474616367,0.03152952733241709,False,0.04253981199513038,0.057117921726950495,False,0.01924132206149041,0.024375320413404997,False,0.027614454696128242,0.03177791297203428,False,0.01917840111694869,0.02414853649745744,False,0.027319592844382054,0.031324860093646184,False
2020-05-29,0.0079775621305616,-0.0079775621305616,0.014772390474616367,0.03152952733241709,False,0.04253981199513038,0.057117921726950495,False,0.019219353378858276,0.024351384189815473,False,0.027589277114647478,0.03175113979699841,False,0.019155460615174796,0.024124844365134655,False,0.0272995078768886,0.031298369918997884,False
2020-06-01,0.0017106498403431,-0.0017106498403431,0.014772390474616367,0.03152952733241709,False,0.04253981199513038,0.057117921726950495,False,0.019184090722116794,0.024318337445097236,False,0.027557628429708384,0.03172128812417725,False,0.019122619587005157,0.024091693254056988,False,0.027256043738211444,0.03126794034424261,False
2020-06-02,0.0032904620843342,-0.0032904620843342,0.014772390474616367,0.03152952733241709,False,0.04253981199513038,0.057117921726950495,False,0.019189385013840352,0.024313007790851427,False,0.027545595931938224,0.031700640049864795,False,0.01912323977060709,0.024086815427041487,False,0.02723380376003835,0.031248684405819505,False
2020-06-03,0.0010206598182494,-0.0010206598182494,0.014772390474616367,0.03152952733241709,False,0.04253981199513038,0.057117921726950495,False,0.019192479815484588,0.024315582261783097,False,0.027547842116623207,0.031702464268070066,False,0.01912567725072825,0.024089425434640738,False,0.027235442535194093,0.03125070897680189,False
2020-06-04,-0.0041206585447787,0.0041206585447787,0.014772390474616367,0.03152952733241709,False,0.04253981199513038,0.057117921726950495,False,0.019205188801940134,0.024326741862651532,False,0.027558024181538507,0.03171138984597406,False,0.019127307284616382,0.024100894160951878,False,0.027259197677628962,0.03126111973688193,False
2020-06-05,0.0107427336520232,-0.0107427336520232,0.014772390474616367,0.03152952733241709,False,0.04253981199513038,0.057117921726950495,False,0.019244530937089513,0.024360299428824235,False,0.027587932156418263,0.03173660677696801,False,0.0191620280837215,0.02413486357501141,False,0.027286450620504533,0.03128787202483624,False
2020-06-08,0.0091667864352997,-0.0091667864352997,0.014772390474616367,0.03152952733241709,False,0.04253981199513038,0.057117921726950495,False,0.019233054411922947,0.024355427807403598,False,0.0275872276906317,0.03174125861230925,False,0.019143403956438886,0.024130505764363663,False,0.02728989524024829,0.03129443251077066,False
2020-06-09,0.0025466284051513,-0.0025466284051513,0.014772390474616367,0.03152952733241709,False,0.04253981199513038,0.057117921726950495,False,0.019215170328395134,0.02434212496965131,False,0.027576815245363387,0.03173456136605946,False,0.019124224952314507,0.024116902068069573,False,0.027273021230243177,0.03128704294580271,False
2020-06-10,0.0058824608916554,-0.0058824608916554,0.014772390474616367,0.03152952733241709,False,0.04253981199513038,0.057117921726950495,False,0.019199477741533806,0.024326272547112972,False,0.027560861979547442,0.031718478480183936,False,0.019103955541334944,0.02410140351757942,False,0.0272428071710224,0.03127274870327255,False
2020-06-11,-0.03274875832671,0.03274875832671,0.014772390474616367,0.03152952733241709,True,0.04253981199513038,0.057117921726950495,False,0.019197565491473643,0.024325037516552725,True,0.027560054219264427,0.03171821991663575,True,0.01908183324700247,0.02410076155475084,True,0.027236124802398624,0.03127536964500079,True
2020-06-12,0.0050615490015956,-0.0050615490015956,0.0151681291626635,0.03289502308311366,False,0.04253981199513038,0.057117921726950495,False,0.019626234448638438,0.024830393879278094,False,0.028113794081044044,0.03233415006198254,False,0.01951977191801473,0.02460345807742347,False,0.027825473890075877,0.03188347293724157,False
2020-06-15,0.0066194011945239,-0.0066194011945239,0.0151681291626635,0.03289502308311366,False,0.04253981199513038,0.057117921726950495,False,0.01961801738288619,0.024823288948714668,False,0.028107390817090194,0.03232864869322586,False,0.019512444153065862,0.024596330550308798,False,0.027814607261903126,0.03187804791038385,False
2020-06-16,0.0088516050827601,-0.0088516050827601,0.0151681291626635,0.03289502308311366,False,0.04253981199513038,0.057117921726950495,False,0.019618498063131717,0.024820880369398543,False,0.028103159350609645,0.03232207415789162,False,0.01951241150499432,0.02459406578261326,False,0.02781355010269092,0.03187169826053902,False
2020-06-17,0.0002433677107393,-0.0002433677107393,0.0151681291626635,0.03289502308311366,False,0.04253981199513038,0.057117921726950495,False,0.01961088411041278,0.024817240488217956,False,0.028102026784484403,0.03232416439783317,False,0.019504855844892515,0.024590227260483755,False,0.0278109350142866,0.03187337920094408,False
2020-06-18,0.0026535989911245,-0.0026535989911245,0.0151681291626635,0.03289502308311366,False,0.04253981199513038,0.057117921726950495,False,0.019627431506100235,0.024827618657915912,False,0.028108512675683085,0.0323256473043713,False,0.019518380043644236,0.024600774265126062,False,0.02779564318625784,0.031874624554534194,False
2020-06-19,-0.0005117044280513,0.0005117044280513,0.0151681291626635,0.03289502308311366,False,0.04253981199513038,0.057117921726950495,False,0.019606664180037457,0.024806460857589016,False,0.02808710851793869,0.03230392648830428,False,0.01949454901474439,0.024579568063763612,False,0.02777271915362338,0.0318527224508158,False
2020-06-22,0.0065581518029802,-0.0065581518029802,0.0151681291626635,0.03289502308311366,False,0.04253981199513038,0.057117921726950495,False,0.019620647813126297,0.024820187387512502,False,0.02810067283673159,0.03231728230716629,False,0.01950896331570726,0.024593514983581585,False,0.02777569457680974,0.031866493944201595,False
2020-06-23,0.0038653081659377,-0.0038653081659377,0.0151681291626635,0.03289502308311366,False,0.04253981199513038,0.057117921726950495,False,0.019556013134004673,0.02475321961729849,False,0.02803223307630176,0.03224695050728666,False,0.019443740467724173,0.024526577852103864,False,0.027710649950291447,0.031796273583195755,False
2020-06-24,-0.0137348749405305,0.0137348749405305,0.0151681291626635,0.03289502308311366,False,0.04253981199513038,0.057117921726950495,False,0.0195332115695315,0.024730475043732516,False,0.02800952445935062,0.03222428810758141,False,0.019421629493027563,0.024504151958055248,False,0.02767947887103625,0.03177436472753245,False
2020-06-25,0.0071542178297711,-0.0071542178297711,0.0151681291626635,0.03289502308311366,False,0.04253981199513038,0.057117921726950495,False,0.019657423848097072,0.024868590023987877,False,0.02815641091060754,0.03238244906935433,False,0.01954961907447044,0.024641820102555407,False,0.027845084826016057,0.03193115859886779,False
2020-06-26,-0.0125941628962438,0.0125941628962438,0.0151681291626635,0.03289502308311366,False,0.04253981199513038,0.057117921726950495,False,0.019649041543233287,0.024862653872177076,False,0.0281520180818895,0.032380039968614854,False,0.019542681774217478,0.02463576053866705,False,0.027843982500603822,0.03192838744597725,False
2020-06-29,0.0080573268136688,-0.0080573268136688,0.0151681291626635,0.03289502308311366,False,0.04253981199513038,0.057117921726950495,False,0.01975961836142249,0.02498483346167008,False,0.028281518073869725,0.03251894932360943,False,0.019638650105576225,0.02475724846417352,False,0.02798390467865026,0.032064864684896666,False
2020-06-30,0.0097190030188931,-0.0097190030188931,0.0151681291626635,0.03289502308311366,False,0.04253981199513038,0.057117921726950495,False,0.019758966244413322,0.0249853145137335,False,0.028282714063208064,0.03252106426574632,False,0.019639078038483446,0.024757741380031128,False,0.027973932424862246,0.03206633319532825,False
2020-07-01,0.0046595631074728,-0.0046595631074728,0.0151681291626635,0.03289502308311366,False,0.04253981199513038,0.057117921726950495,False,0.019758715974569283,0.024988015028003206,False,0.028287276281617223,0.03252801944685174,False,0.019635600107354233,0.024760467050444022,False,0.027969728784046254,0.03207339637188009,False
2020-07-02,0.004431273214821,-0.004431273214821,0.0151681291626635,0.03289502308311366,False,0.04253981199513038,0.057117921726950495,False,0.019712822597349466,0.02494057284225272,False,0.028238856923989156,0.032478344070181055,False,0.0196018004126155,0.024713447358620143,False,0.02790727961302394,0.032024297203583345,False
2020-07-06,0.0124004000102361,-0.0124004000102361,0.0151681291626635,0.03289502308311366,False,0.04253981199513038,0.057117921726950495,False,0.01967177337590912,0.024898317858646518,False,0.028195841202786145,0.03243435052621222,False,0.01956149873856525,0.02467119413243145,False,0.027866349568882284,0.031980183192695834,False
2020-07-07,-0.0020899216612685,0.0020899216612685,0.0151681291626635,0.03289502308311366,False,0.04253981199513038,0.057117921726950495,False,0.01966530356629937,0.02490056920420932,False,0.028203594886053025,0.03244917670214265,False,0.01955100612144396,0.024673251556178215,False,0.027861850864042723,0.03199463010671648,False
2020-07-08,0.0064851228890033,-0.0064851228890033,0.0151681291626635,0.03289502308311366,False,0.04253981199513038,0.057117921726950495,False,0.01969281176720612,0.02492718085588698,False,0.028229640888280668,0.032474495640383946,False,0.01957634446201059,0.024699489586044544,False,0.027900672029184517,0.03201878348391451,False
2020-07-09,0.0026074396503218,-0.0026074396503218,0.0151681291626635,0.03289502308311366,False,0.04253981199513038,0.057117921726950495,False,0.019657824387799616,0.024893127294471136,False,0.028196176489864114,0.03244178852936309,False,0.019547108268414413,0.02466565821994127,False,0.027856968273805675,0.031986104512790846,False
2020-07-10,0.0043971860738187,-0.0043971860738187,0.0151681291626635,0.03289502308311366,False,0.04253981199513038,0.057117921726950495,False,0.01966258136204226,0.024897269550019415,False,0.028199930908046535,0.03244504443635404,False,0.019522169411145002,0.024670298400825543,False,0.027837385153380124,0.03199150616771668,False
2020-07-13,-0.0077588294998922,0.0077588294998922,0.0151681291626635,0.03289502308311366,False,0.04253981199513038,0.057117921726950495,False,0.019656132047275694,0.02489153035364102,False,0.028194639738460953,0.032440329143127875,False,0.019510252100637684,0.02466457104986717,False,0.02783000746191779,0.03198683246261909,False
2020-07-14,0.0079402592539207,-0.0079402592539207,0.0151681291626635,0.03289502308311366,False,0.04253981199513038,0.057117921726950495,False,0.019681713107502892,0.02492024029753135,False,0.0282253237527824,0.03247355055144298,False,0.019549152543994898,0.024693441374257514,False,0.02788144288580102,0.032020343275882365,False
2020-07-15,0.0033825235441133,-0.0033825235441133,0.0151681291626635,0.03289502308311366,False,0.04253981199513038,0.057117921726950495,False,0.019665499537003268,0.024907287648945273,False,0.028214428479995727,0.03246529975015735,False,0.019535456347503057,0.02468038699851739,False,0.027876172414111167,0.032011286889211996,False
2020-07-16,-0.0034910584642401,0.0034910584642401,0.0151681291626635,0.03289502308311366,False,0.04253981199513038,0.057117921726950495,False,0.019666799541680997,0.024908409085701286,False,0.028215437254955344,0.032466163713989166,False,0.019525421607146563,0.024681605372478665,False,0.027897181892436538,0.032012006565304556,False
2020-07-17,0.0022661361966412,-0.0022661361966412,0.0151681291626635,0.03289502308311366,False,0.04253981199513038,0.057117921726950495,False,0.01964344246794079,0.0248824125280735,False,0.028187775398244293,0.032436361346065874,False,0.01950725382736954,0.024655809854218405,False,0.027872746828351704,0.031982456051454104,False
2020-07-20,0.011540172172864,-0.011540172172864,0.0151681291626635,0.03289502308311366,False,0.04253981199513038,0.057117921726950495,False,0.01964667606508259,0.02488538693094892,False,0.028190586270674906,0.03243896202276999,False,0.01951239897082062,0.024658811254640825,False,0.027871677238372555,0.03198524726190283,False
2020-07-21,0.0001728765846907,-0.0001728765846907,0.0151681291626635,0.03289502308311366,False,0.04253981199513038,0.057117921726950495,False,0.01963938596401668,0.02488537352973258,False,0.0281951638736491,0.032449440725458925,False,0.01948292695339233,0.024659392533970433,False,0.02790722510689147,0.03199715620696662,False
2020-07-22,0.0060358401153648,-0.0060358401153648,0.0151681291626635,0.03289502308311366,False,0.04253981199513038,0.057117921726950495,False,0.019655151897818957,0.02489996914444976,False,0.02820902111246305,0.0324623488843655,False,0.019503579719133878,0.02467422234768707,False,0.02791536829294666,0.03201106398370978,False
2020-07-23,-0.0076427745477894,0.0076427745477894,0.0151681291626635,0.03289502308311366,False,0.04253981199513038,0.057117921726950495,False,0.019598379423987518,0.024841306765232666,False,0.028149166357069308,0.0324009614946234,False,0.019438573399333185,0.024615533352015277,False,0.027837546129903624,0.03194989310584994,False
2020-07-24,-0.0036750776392444,0.0036750776392444,0.0151681291626635,0.03289502308311366,False,0.04253981199513038,0.057117921726950495,False,0.01966608276691189,0.02491237281959688,False,0.028222354008123094,0.03247687616423349,False,0.019510319026393975,0.02468639441271631,False,0.027904111121177973,0.03202546507828642,False
2020-07-27,0.0095986343933842,-0.0095986343933842,0.0151681291626635,0.03289502308311366,False,0.04253981199513038,0.057117921726950495,False,0.019683779600904755,0.024931365665593466,False,0.02824216453200431,0.03249773769973035,False,0.019529562644711857,0.024705401224961065,False,0.027926012133789476,0.03204645925154309,False
2020-07-28,-0.0030833353441809,0.0030833353441809,0.0151681291626635,0.03289502308311366,False,0.04253981199513038,0.057117921726950495,False,0.01965943613307619,0.02491168162059475,False,0.028225420202835506,0.03248477196790656,False,0.01949924078867698,0.0246860914085967,False,0.027923608650257475,0.032035038772088784,False
2020-07-29,0.0085868331328595,-0.0085868331328595,0.0151681291626635,0.03289502308311366,False,0.04253981199513038,0.057117921726950495,False,0.01962109962437786,0.02486879779513003,False,0.028179667391324676,0.03243533147238681,False,0.019464365841276903,0.024643096370103857,False,0.027871054019818306,0.03198503779694053,False
2020-07-30,8.949405007195335e-05,-8.949405007195335e-05,0.0151681291626635,0.03289502308311366,False,0.04253981199513038,0.057117921726950495,False,0.019612241106514376,0.02486351902250514,False,0.028176647146017274,0.03243521425098352,False,0.01946273631164135,0.024638062133724298,False,0.027892284538465085,0.031984540199312246,False
2020-07-31,0.0088569880922422,-0.0088569880922422,0.0151681291626635,0.03289502308311366,False,0.04253981199513038,0.057117921726950495,False,0.019579408515070996,0.024827940720949494,False,0.028139336525293324,0.03239567697401495,False,0.019430372116403367,0.024602668480350167,False,0.027854928594828035,0.031945679462914815,False
2020-08-03,0.0053203979364081,-0.0053203979364081,0.014772390474616367,0.032871132790105416,False,0.04253981199513038,0.057117921726950495,False,0.019427332926529546,0.02466178721071081,False,0.027964300994517566,0.03220922483661405,False,0.019267575935616735,0.024437340267948436,False,0.02768723617701041,0.03176122492794887,False
2020-08-04,0.0075712644902837,-0.0075712644902837,0.014772390474616367,0.032871132790105416,False,0.04253981199513038,0.057117921726950495,False,0.019427756030732088,0.02465560499725821,False,0.02795395136428793,0.032193518569593516,False,0.019269602001144966,0.02443158668979988,False,0.02767533164481682,0.0317465803385269,False
2020-08-05,0.0027476569161636,-0.0027476569161636,0.014772390474616367,0.032871132790105416,False,0.04253981199513038,0.057117921726950495,False,0.019422035372054277,0.024652124293407247,False,0.027951883889264492,0.03219326760439775,False,0.01926315830092018,0.02442764218821845,False,0.027662288235595564,0.031745423919508554,False
2020-08-06,0.0090933993869952,-0.0090933993869952,0.014772390474616367,0.032871132790105416,False,0.04253981199513038,0.057117921726950495,False,0.019422669996776967,0.024641005602225013,False,0.027933349814228636,0.032165202080962525,False,0.019260463601971894,0.024417155816455868,False,0.027643344693200733,0.03171920676067279,False
2020-08-07,-0.00631440400912,0.00631440400912,0.014772390474616367,0.032871132790105416,False,0.04253981199513038,0.057117921726950495,False,0.01936569458444015,0.024584864463777573,False,0.027877735034570396,0.032110263862590645,False,0.019203533676282296,0.0243610425913701,False,0.02758775939490479,0.031664538113554165,False
2020-08-10,-0.0012862710411318,0.0012862710411318,0.014772390474616367,0.032871132790105416,False,0.04253981199513038,0.057117921726950495,False,0.019394457484359712,0.024616665569860932,False,0.027911453000977533,0.032146445687326025,False,0.01923373549172188,0.024393590680755826,False,0.0276367231406608,0.03170293492099312,False
2020-08-11,-0.018468431571818,0.018468431571818,0.014772390474616367,0.032871132790105416,True,0.04253981199513038,0.057117921726950495,False,0.0194203126462228,0.024637498212645065,False,0.027929116843809047,0.03216003647691681,False,0.019261740770834146,0.024414668806013333,False,0.027666317374072838,0.03171704148461135,False
2020-08-12,0.0093454295759359,-0.0093454295759359,0.01562745064748772,0.03313814186734875,False,0.04253981199513038,0.057117921726950495,False,0.01948193029718311,0.024709990887975514,False,0.028008470772659305,0.032248209596407756,False,0.01936597050534219,0.024487525266775518,False,0.027677870441933455,0.03181266646106471,False
2020-08-13,0.0012520924074536,-0.0012520924074536,0.01562745064748772,0.03313814186734875,False,0.04253981199513038,0.057117921726950495,False,0.01947622536943379,0.02470827719481953,False,0.02800927522304672,0.03225225077138286,False,0.0193594953294006,0.02448588324109581,False,0.027667828800476142,0.031816866091081954,False
2020-08-14,-0.00170947314316,0.00170947314316,0.01562745064748772,0.03313814186734875,False,0.04253981199513038,0.057117921726950495,False,0.019490340090154823,0.02471977901885567,False,0.028019128522356294,0.03225998512059133,False,0.019372696484968158,0.024498391655917214,False,0.02766252168168806,0.03182777130777656,False
2020-08-17,0.007929971651949,-0.007929971651949,0.01562745064748772,0.03313814186734875,False,0.04253981199513038,0.057117921726950495,False,0.01951342530811848,0.024742743806544593,False,0.02804201732836295,0.032282776262674145,False,0.019393398544024113,0.024521718316381027,False,0.02769035405467952,0.03185113190925197,False
2020-08-18,0.0060520234162766,-0.0060520234162766,0.01562745064748772,0.03313814186734875,False,0.04253981199513038,0.057117921726950495,False,0.019484843509153763,0.024716751459986332,False,0.028017658715103432,0.0322605175871849,False,0.019363802359230714,0.024496104278696217,False,0.02765393384965078,0.03183043168701628,False
2020-08-19,-0.0093324528744501,0.0093324528744501,0.01562745064748772,0.03313814186734875,False,0.04253981199513038,0.057117921726950495,False,0.01948001231104295,0.024713117546627972,False,0.028014780190785352,0.03225861001080438,False,0.01936573521419287,0.024492481766464395,False,0.02764825361761006,0.03182885784895427,False
2020-08-20,0.0075582286183779,-0.0075582286183779,0.01562745064748772,0.03313814186734875,False,0.04253981199513038,0.057117921726950495,False,0.019531800266163735,0.02477126165056491,False,0.028076934506281636,0.03232591889756803,False,0.019404094574419245,0.024550535641864393,False,0.027670856273415145,0.031897978870864596,False
2020-08-21,0.0031483503542353,-0.0031483503542353,0.01562745064748772,0.03313814186734875,False,0.04253981199513038,0.057117921726950495,False,0.019419419535270602,0.024650166311662586,False,0.0279503409604014,0.03219225816850034,False,0.019294042641856038,0.024429950311611093,False,0.02753725276733294,0.03176570508582814,False
2020-08-24,0.0044407734826518,-0.0044407734826518,0.01562745064748772,0.03313814186734875,False,0.04253981199513038,0.057117921726950495,False,0.019427206525160064,0.024655599526703955,False,0.027954289135463856,0.032194297530450826,False,0.019298860845602783,0.024435635503047174,False,0.027538261570853137,0.03176862908483801,False
2020-08-25,0.0020167252707993,-0.0020167252707993,0.01562745064748772,0.03313814186734875,False,0.04253981199513038,0.057117921726950495,False,0.019421549943695604,0.024650558733253544,False,0.027949636854032827,0.03219014462738488,False,0.019272810364470153,0.024430943968568486,False,0.027530562486651762,0.03176517731573027,False
2020-08-26,0.0103512053033973,-0.0103512053033973,0.01562745064748772,0.03313814186734875,False,0.04253981199513038,0.057117921726950495,False,0.019426357911302716,0.024655033833429124,False,0.027953901942004433,0.03219413977376952,False,0.01928236235240518,0.024435335489890426,False,0.027536828720164535,0.03176889742706545,False
2020-08-27,-0.0050408426907106,0.0050408426907106,0.01562745064748772,0.03313814186734875,False,0.04253981199513038,0.057117921726950495,False,0.019426329719554943,0.02465830321098093,False,0.027959251816867644,0.03220216383963351,False,0.019291097175584825,0.02443861304193413,False,0.02753930766149403,0.031777266415102715,False
2020-08-28,0.0063132326658182,-0.0063132326658182,0.01562745064748772,0.03313814186734875,False,0.04253981199513038,0.057117921726950495,False,0.019450852162372405,0.024685057935225744,False,0.027987414928650672,0.03223213723843765,False,0.019326136937269256,0.02446490865733478,False,0.027559967190319973,0.031806934055618095,False
2020-08-31,0.0022455642719374,-0.0022455642719374,0.01562745064748772,0.03313814186734875,False,0.04253981199513038,0.057117921726950495,False,0.019419491478520304,0.024654605110462104,False,0.027957534888935983,0.032202993434532964,False,0.01929644919702169,0.024434398118673213,False,0.02752816384716195,0.031777738676108454,False
2020-09-01,0.0105066462540618,-0.0105066462540618,0.01562745064748772,0.03313814186734875,False,0.04253981199513038,0.057117921726950495,False,0.019430569037429176,0.02466124265949178,False,0.027961371153814488,0.0322032290368071,False,0.019305403032302874,0.024441343457561084,False,0.027518441354273667,0.03177897957946568,False
2020-09-02,0.0080869179424894,-0.0080869179424894,0.01562745064748772,0.03313814186734875,False,0.04253981199513038,0.057117921726950495,False,0.019421040460462894,0.02465742995178595,False,0.027961164693483122,0.032207657907760465,False,0.019292043853984774,0.024438050585722917,False,0.0275394252195578,0.031783586609566525,False
2020-09-03,-0.0270879833152641,0.0270879833152641,0.01562745064748772,0.03313814186734875,True,0.04253981199513038,0.057117921726950495,False,0.01940172329112146,0.024641213899882518,True,0.027946905193787078,0.032195913284808975,False,0.019268226942498634,0.024421914371344434,True,0.027520198059816956,0.03177249808983922,False
2020-09-04,-0.0099811533429023,0.0099811533429023,0.01742199517162609,0.03398006232627911,False,0.04253981199513038,0.057117921726950495,False,0.019693516708460805,0.024984114416694944,False,0.02832205012258536,0.032612503937129826,False,0.019530077835092193,0.024763914016521903,False,0.0279244509223727,0.03218603571790024,False
2020-09-08,-0.0220050751628223,0.0220050751628223,0.01742199517162609,0.03398006232627911,True,0.04253981199513038,0.057117921726950495,False,0.019731391241883865,0.025027160840399767,True,0.028368359587290556,0.03266300758888373,False,0.01956541713358517,0.02480716564124493,True,0.027977121181809207,0.03223729883842531,False
2020-09-09,0.0161615342248358,-0.0161615342248358,0.018526231747770967,0.03425211183327945,False,0.04253981199513038,0.057117921726950495,False,0.019974887401159342,0.025304315516387337,False,0.028666750042472926,0.03298869369559419,False,0.019812672720052424,0.025083759448469918,False,0.0282765250709325,0.03256132487767347,False
2020-09-10,-0.0113965007807852,0.0113965007807852,0.018526231747770967,0.03425211183327945,False,0.04253981199513038,0.057117921726950495,False,0.01997507967690708,0.025319533280547812,False,0.028691447664493934,0.03302557636127775,False,0.01980860028094054,0.025098637432838293,False,0.028305643417373745,0.03259712071868788,False
2020-09-11,-0.0011129805927409,0.0011129805927409,0.018526231747770967,0.03425211183327945,False,0.04253981199513038,0.057117921726950495,False,0.020018578863959923,0.025369282057836444,False,0.02874513942356755,0.033084336277059784,False,0.019848817603122137,0.025148730396321387,False,0.028375079647769266,0.03265626459612376,False
2020-09-14,0.0107940085238923,-0.0107940085238923,0.018526231747770967,0.03425211183327945,False,0.04253981199513038,0.057117921726950495,False,0.02002997733277471,0.025380972866404696,False,0.02875701467467994,0.033096448603504594,False,0.019862862402638015,0.025160682075877575,False,0.028377277502723168,0.0326691558083429,False
2020-09-15,0.004719002238714,-0.004719002238714,0.018526231747770967,0.03425211183327945,False,0.04253981199513038,0.057117921726950495,False,0.020023993716217964,0.02538078489368021,False,0.02876048328057912,0.03310461723453499,False,0.019855555399149724,0.025160327435715602,False,0.028376538960714143,0.032676975866768807,False
2020-09-16,-0.0057461712825349,0.0057461712825349,0.018526231747770967,0.03425211183327945,False,0.04253981199513038,0.057117921726950495,False,0.020008436293263113,0.025366028590242368,False,0.028746232418225246,0.03309101604665595,False,0.019838405614979404,0.02514549201283361,False,0.02836341623690084,0.032663068519660846,False
2020-09-17,-0.0076357992161989,0.0076357992161989,0.018526231747770967,0.03425211183327945,False,0.04253981199513038,0.057117921726950495,False,0.02004969332085497,0.025410303537784007,False,0.028792411427143963,0.033139642462630466,False,0.019883063459363675,0.025189907946830247,False,0.028417141903115235,0.032712232510529994,False
2020-09-18,-0.0082205986059385,0.0082205986059385,0.018526231747770967,0.03425211183327945,False,0.04253981199513038,0.057117921726950495,False,0.02009877034559548,0.025464210267171383,False,0.02884936530630132,0.03320051303057575,False,0.019937032981264254,0.025244174336392755,False,0.028471274119453917,0.032773734949330696,False
2020-09-21,-0.0058506940198253,0.0058506940198253,0.018526231747770967,0.03425211183327945,False,0.04253981199513038,0.057117921726950495,False,0.020156773530162642,0.025527768301438353,False,0.028916427997731118,0.03327208047315053,False,0.019994279230877314,0.025307532217394985,False,0.02853575355097001,0.03284480016890577,False
2020-09-22,0.0078335345992495,-0.0078335345992495,0.018526231747770967,0.03425211183327945,False,0.04253981199513038,0.057117921726950495,False,0.020174535563318358,0.02554740508224436,False,0.028937247591418875,0.03329442040889623,False,0.020002446932590286,0.025327493380797917,False,0.028534289073977582,0.03286942768587479,False
2020-09-23,-0.0198832669887648,0.0198832669887648,0.018526231747770967,0.03425211183327945,True,0.04253981199513038,0.057117921726950495,False,0.020152483443594417,0.025528254599605445,False,0.028919927805152238,0.033279453729137855,False,0.019984019311826768,0.025308952602954363,False,0.028564009807382686,0.03285545978912651,False
2020-09-24,0.0035542526257568,-0.0035542526257568,0.019289695382544953,0.03435286138619801,False,0.04253981199513038,0.057117921726950495,False,0.020340767839861017,0.025744684226757426,False,0.029154114777750578,0.03353646530868476,False,0.020158862771530003,0.025524782085444057,False,0.028801132295883405,0.03311133236204857,False
2020-09-25,0.0118514249071473,-0.0118514249071473,0.019289695382544953,0.03435286138619801,False,0.04253981199513038,0.057117921726950495,False,0.020295383771099924,0.025697009656975477,False,0.029104995088614725,0.033485488118868624,False,0.020116516706155167,0.025477015543281308,False,0.02875199100296306,0.033060211321349765,False
2020-09-28,0.0127757081348267,-0.0127757081348267,0.019289695382544953,0.03435286138619801,False,0.04253981199513038,0.057117921726950495,False,0.020287195911600615,0.02569635004394477,False,0.029109085185177547,0.03349568330895005,False,0.020119130817297822,0.02547600889129784,False,0.0287744914220004,0.033068737262349324,False
2020-09-29,-0.0018101591509552,0.0018101591509552,0.019289695382544953,0.03435286138619801,False,0.04253981199513038,0.057117921726950495,False,0.020239214328164896,0.02565462197295817,False,0.029071302570572687,0.033462972031804816,False,0.020070414739629356,0.025434075533935476,False,0.028739007484177882,0.03303555823202235,False
2020-09-30,0.0019274633619827,-0.0019274633619827,0.019289695382544953,0.03435286138619801,False,0.04253981199513038,0.057117921726950495,False,0.02018548062092584,0.025594670912206255,False,0.029007428866779053,0.033394056313938915,False,0.020015921423116517,0.025374254839478715,False,0.028677906275281627,0.03296656246053364,False
2020-10-01,0.0082041397558703,-0.0082041397558703,0.019289695382544953,0.03435286138619801,False,0.04253981199513038,0.057117921726950495,False,0.020197954061884897,0.02560360877820543,False,0.029014136073304518,0.03339789631681183,False,0.020025782388530696,0.025383326496790162,False,0.0286815488524041,0.032970729072923116,False
2020-10-02,-0.0117119526521077,0.0117119526521077,0.019289695382544953,0.03435286138619801,False,0.04253981199513038,0.057117921726950495,False,0.020197373813105633,0.025600475999730577,False,0.029009392856750433,0.03339108310526415,False,0.02002154148060347,0.025380550383027854,False,0.028671278006983544,0.03296452909683349,False
2020-10-05,0.00924816944887,-0.00924816944887,0.019289695382544953,0.03435286138619801,False,0.04253981199513038,0.057117921726950495,False,0.020253475182457403,0.025664433180509164,False,0.02907830641389827,0.03346636739743311,False,0.020060935788008234,0.025445215131538027,False,0.028743736199377708,0.03304184869169771,False
2020-10-06,-0.0108345216008043,0.0108345216008043,0.019289695382544953,0.03435286138619801,False,0.04253981199513038,0.057117921726950495,False,0.020179553433582232,0.025589366005810667,False,0.029002516568914682,0.03338964865993794,False,0.019991151474813482,0.025369963876095986,False,0.02867082599205276,0.032964386700474295,False
2020-10-07,0.0097613029806974,-0.0097613029806974,0.019289695382544953,0.03435286138619801,False,0.04253981199513038,0.057117921726950495,False,0.02027566928801087,0.025693557843044744,False,0.029111803692702956,0.0335054850685414,False,0.020083486394265108,0.025474008297746424,False,0.028778370393678712,0.03308018994433744,False
2020-10-08,0.0064890885435149,-0.0064890885435149,0.019289695382544953,0.03435286138619801,False,0.04253981199513038,0.057117921726950495,False,0.02025713985753194,0.02567988138818116,False,0.029101189069692706,0.033498806006102756,False,0.020057337947341453,0.025460443454425878,False,0.028789252074851536,0.03307385355949525,False
2020-10-09,0.0100787139902025,-0.0100787139902025,0.019289695382544953,0.03435286138619801,False,0.04253981199513038,0.057117921726950495,False,0.020252592980451598,0.02567664750815879,False,0.029098783583739067,0.03349746530593449,False,0.02005272839225941,0.025457246890778967,False,0.028790494516643075,0.03307267394514946,False
2020-10-12,0.014359066196329,-0.014359066196329,0.019289695382544953,0.03435286138619801,False,0.04253981199513038,0.057117921726950495,False,0.02023897823209898,0.025668209426114037,False,0.029093611555977672,0.03349649133837953,False,0.020040110612974935,0.02544892564712607,False,0.02879243078473954,0.03307255847933663,False
2020-10-13,-0.0035461086542285,0.0035461086542285,0.019289695382544953,0.03435286138619801,False,0.04253981199513038,0.057117921726950495,False,0.020238914476051986,0.025678985076902902,False,0.02911122598852682,0.03352289607723641,False,0.020045983590853418,0.025459972490678346,False,0.028824256975556736,0.033100307560344364,False
2020-10-14,-0.0036799668054353,0.0036799668054353,0.019289695382544953,0.03435286138619801,False,0.04253981199513038,0.057117921726950495,False,0.02025765102653814,0.025699040346771704,False,0.029132113262784573,0.033544852777845885,False,0.020067713090916362,0.025480187603429533,False,0.028841353368955873,0.03312361828907823,False
2020-10-15,-0.0019704524625644,0.0019704524625644,0.019289695382544953,0.03435286138619801,False,0.04253981199513038,0.057117921726950495,False,0.020284517857439316,0.02572739973314781,False,0.02916141432994753,0.0335753642451723,False,0.0200936588532083,0.025508497532173463,False,0.028869367244243296,0.03315406969543936,False
2020-10-16,-0.0026878619688429,0.0026878619688429,0.019289695382544953,0.03435286138619801,False,0.04253981199513038,0.057117921726950495,False,0.020270050435996674,0.02571163793002286,False,0.029144835877537807,0.03355773610326952,False,0.020078175555735253,0.025492787231685802,False,0.02885156393343231,0.03313665189011473,False
2020-10-19,-0.0108430996853865,0.0108430996853865,0.019289695382544953,0.03435286138619801,False,0.04253981199513038,0.057117921726950495,False,0.0202947270263338,0.025737099524266983,False,0.02917079274523022,0.03358432957635001,False,0.020108412097624172,0.025518428880401116,False,0.028886555933335396,0.03316367917170105,False
2020-10-20,0.0009597390369091,-0.0009597390369091,0.019289695382544953,0.03435286138619801,False,0.04253981199513038,0.057117921726950495,False,0.020365567858384406,0.02581663384537634,False,0.029255811948982,0.03367639883670235,False,0.02018084794755356,0.02559769471860051,False,0.028971245289110152,0.03325521921164093,False
2020-10-21,-0.0005117039134563,0.0005117039134563,0.019289695382544953,0.03435286138619801,False,0.04253981199513038,0.057117921726950495,False,0.020370220249779306,0.025821208014382747,False,0.029260336766040302,0.033680860218670026,False,0.02018645715887655,0.025602347642075387,False,0.02897920801673479,0.033259975905802076,False
2020-10-22,-0.0013642043882444,0.0013642043882444,0.019289695382544953,0.03435286138619801,False,0.04253981199513038,0.057117921726950495,False,0.020386104957939865,0.02583679564181055,False,0.029275736959752656,0.033696019492313725,False,0.020201891203249715,0.02561789802756327,False,0.028989102446584678,0.03327519848020856,False
2020-10-23,0.0029140627906724,-0.0029140627906724,0.019289695382544953,0.03435286138619801,False,0.04253981199513038,0.057117921726950495,False,0.020404120915551015,0.02585494639341222,False,0.0292939727553699,0.033714364600228496,False,0.02021871771288702,0.025636194521803803,False,0.029027770550639195,0.03329367496102281,False
2020-10-26,-0.0093559320501278,0.0093559320501278,0.019289695382544953,0.03435286138619801,False,0.04253981199513038,0.057117921726950495,False,0.020399707977547324,0.02585073582400199,False,0.029289889864038993,0.033710445821376306,False,0.020218359981637866,0.0256321676621766,False,0.029027865761906375,0.03329027719652486,False
2020-10-27,0.0023096993678582,-0.0023096993678582,0.019289695382544953,0.03435286138619801,False,0.04253981199513038,0.057117921726950495,False,0.020452244151247335,0.02590948855742203,False,0.029352564739682206,0.03377816206735894,False,0.02027081612098766,0.025690576163683837,False,0.029079443703567083,0.03335726958891067,False
2020-10-28,-0.0256528953197381,0.0256528953197381,0.019289695382544953,0.03435286138619801,True,0.04253981199513038,0.057117921726950495,False,0.020461426942380234,0.02591706248854726,True,0.02935912361134506,0.03378341622073897,False,0.020285757051255324,0.025698617119324633,True,0.02908453799967619,0.033363990952172795,False
2020-10-29,0.0058737734564445,-0.0058737734564445,0.019879841489236095,0.03479726450559402,False,0.04253981199513038,0.057117921726950495,False,0.020754088250647867,0.02625470492052591,False,0.02972514546417674,0.034185915886561065,False,0.020574490974878065,0.02603473048496921,False,0.02941933732606215,0.03376360706724469,False
2020-10-30,-0.0117993975098611,0.0117993975098611,0.019879841489236095,0.03479726450559402,False,0.04253981199513038,0.057117921726950495,False,0.020753487202338522,0.026254333365544474,False,0.029724918700770046,0.03418587523266003,False,0.0205800207720094,0.026034143527933415,False,0.02941367377027187,0.033762980232764195,False
2020-11-02,0.0079940137616108,-0.0079940137616108,0.019879841489236095,0.03479726450559402,False,0.04253981199513038,0.057117921726950495,False,0.020841163068863505,0.02635220121147037,False,0.02982921685454246,0.03429843865612595,False,0.02065514433675926,0.026132675959254198,False,0.02954746415024393,0.03387763071719767,False
2020-11-03,0.0110778808857262,-0.0110778808857262,0.019879841489236095,0.03479726450559402,False,0.04253981199513038,0.057117921726950495,False,0.020793342639732412,0.026305417508374868,False,0.029783087241030452,0.0342531497841368,False,0.020612173373010814,0.026085746968989854,False,0.029491859260692893,0.03383209215281628,False
2020-11-04,0.0243540342425231,-0.0243540342425231,0.019879841489236095,0.03479726450559402,False,0.04253981199513038,0.057117921726950495,False,0.020780312052662397,0.02629892815103508,False,0.029780724866213443,0.034256092073479794,False,0.02058899912859455,0.026079101615045182,False,0.02948881052889563,0.03383489325161576,False
2020-11-05,0.0181139452140469,-0.0181139452140469,0.019879841489236095,0.03479726450559402,False,0.04253981199513038,0.057117921726950495,False,0.020798550688981465,0.026350314346130825,False,0.029853024467715348,0.03435527296096096,False,0.020612511646314707,0.026131675701682937,False,0.029582495187574703,0.033937129016586055,False
2020-11-06,-0.0021082326758977,0.0021082326758977,0.019879841489236095,0.03479726450559402,False,0.04253981199513038,0.057117921726950495,False,0.020798564552018593,0.026368547213867728,False,0.029882752041658796,0.03439977538691965,False,0.020605804582308224,0.026149564088587193,False,0.029607076839522534,0.033981312333971905,False
2020-11-09,-0.0109257196996011,0.0109257196996011,0.019879841489236095,0.03479726450559402,False,0.04253981199513038,0.057117921726950495,False,0.020802794143240915,0.02637305665788824,False,0.029887438049972983,0.03440468834416696,False,0.020612289393846718,0.02615393168987048,False,0.029608446547888946,0.03398574888802226,False
2020-11-10,-0.0057217979315478,0.0057217979315478,0.019879841489236095,0.03479726450559402,False,0.04253981199513038,0.057117921726950495,False,0.020893036214012874,0.0264721867146988,False,0.029992175701159033,0.03451663378088235,False,0.020679467732681284,0.026259344467082835,False,0.029734115086061903,0.03410155288832607,False
2020-11-11,0.0086365337636668,-0.0086365337636668,0.019879841489236095,0.03479726450559402,False,0.04253981199513038,0.057117921726950495,False,0.020935367075301182,0.02651733375670804,False,0.030039099523543774,0.034565841408232593,False,0.020727196794366427,0.026305073799937972,False,0.02980883109295083,0.03415131485883757,False
2020-11-12,-0.0007410357965529,0.0007410357965529,0.019879841489236095,0.03479726450559402,False,0.04253981199513038,0.057117921726950495,False,0.02092635376505875,0.026511676749943,False,0.030035560070566566,0.03456502377722173,False,0.020715510176107937,0.026299841422218355,False,0.029819141133973805,0.03415141588436286,False
2020-11-13,0.0084887795639991,-0.0084887795639991,0.019879841489236095,0.03479726450559402,False,0.04253981199513038,0.057117921726950495,False,0.02094429850609124,0.026529225313052466,False,0.030052858677714896,0.034582001100618244,False,0.02074150999897384,0.026317399588076412,False,0.029825331539234282,0.034167724081049046,False
2020-11-16,0.0064545416212254,-0.0064545416212254,0.019879841489236095,0.03479726450559402,False,0.04253981199513038,0.057117921726950495,False,0.020929183238431837,0.026517574882376754,False,0.0300433942766186,0.03457534653762971,False,0.02072196978442276,0.02630556586690889,False,0.02981858927502355,0.034160859406590235,False
2020-11-17,-0.0021890549890772,0.0021890549890772,0.019879841489236095,0.03479726450559402,False,0.04253981199513038,0.057117921726950495,False,0.020918280242102422,0.02650843246877126,False,0.03003536264713645,0.03456874266721756,False,0.02071006462998976,0.0262964121265952,False,0.029809060072895494,0.03415421030479392,False
2020-11-18,-0.0069406182115473,0.0069406182115473,0.019879841489236095,0.03479726450559402,False,0.04253981199513038,0.057117921726950495,False,0.020925398276612647,0.026515989780822525,False,0.030043197107493057,0.03457693336331643,False,0.02071458648332209,0.02630409589909032,False,0.02981710270475479,0.03416276694628939,False
2020-11-19,0.0043879482801691,-0.0043879482801691,0.019879841489236095,0.03479726450559402,False,0.04253981199513038,0.057117921726950495,False,0.0209512545873538,0.02654468837984859,False,0.030073688958638416,0.03460973019157148,False,0.020741551154478833,0.026332684430929017,False,0.029853406706018284,0.03419571136617892,False
2020-11-20,-0.0022212112013269,0.0022212112013269,0.019879841489236095,0.03479726450559402,False,0.04253981199513038,0.057117921726950495,False,0.020940515973226114,0.02653463824912032,False,0.030064073204789387,0.03460067276900941,False,0.02073098268318939,0.02632264017929497,False,0.029844619792658247,0.03418673232212554,False
2020-11-23,-0.0014641087448963,0.0014641087448963,0.019879841489236095,0.03479726450559402,False,0.04253981199513038,0.057117921726950495,False,0.020969937330313396,0.02656325303907595,False,0.030092179116660452,0.03462812458861765,False,0.020759996497561224,0.02635114918627817,False,0.029868716321349197,0.03421366704609004,False
2020-11-24,0.0056683273778221,-0.0056683273778221,0.019879841489236095,0.03479726450559402,False,0.04253981199513038,0.057117921726950495,False,0.020989203269497533,0.026582597795306608,False,0.03011157360001994,0.03464758298931059,False,0.02079034724652488,0.02637100655441884,False,0.029888989744684926,0.03423440292867554,False
2020-11-25,0.000233257967161,-0.000233257967161,0.019879841489236095,0.03479726450559402,False,0.04253981199513038,0.057117921726950495,False,0.02098013304976876,0.02657479434986116,False,0.030104569385841884,0.03464160607617787,False,0.020784861967322564,0.026363303648828336,False,0.02988361364891022,0.03422867580879689,False
2020-11-27,0.0038369148174443,-0.0038369148174443,0.019879841489236095,0.03479726450559402,False,0.04253981199513038,0.057117921726950495,False,0.020968410443953176,0.02656248468467001,False,0.03009188933405942,0.03462844994375647,False,0.020774131458012865,0.026350897767068778,False,0.0298689194071558,0.034215119022390175,False
2020-11-30,-0.0025117553082238,0.0025117553082238,0.019879841489236095,0.03479726450559402,False,0.04253981199513038,0.057117921726950495,False,0.020896543033421994,0.026485100061951154,False,0.030011023800378542,0.03454311018138127,False,0.020701648728244697,0.026274006722300066,False,0.02978917767330875,0.03413212351761185,False
2020-12-01,0.0077888994075892,-0.0077888994075892,0.019879841489236095,0.03479726450559402,False,0.04253981199513038,0.057117921726950495,False,0.02091375918373581,0.026503131664730346,False,0.030029569887163286,0.03456231756606347,False,0.020712498029124067,0.026292456511221623,False,0.0298019023219019,0.034152907152149234,False
2020-12-02,0.0007037158933191,-0.0007037158933191,0.019879841489236095,0.03479726450559402,False,0.04253981199513038,0.057117921726950495,False,0.020899729522693696,0.02649189563950876,False,0.030020096418323573,0.03455510961921647,False,0.020693346222818078,0.026281557473086296,False,0.029789878572488732,0.03414868484113387,False
2020-12-03,0.0030384680129302,-0.0030384680129302,0.019879841489236095,0.03479726450559402,False,0.04253981199513038,0.057117921726950495,False,0.020898110037291782,0.026490247848844628,False,0.03001843076934727,0.034553421015854485,False,0.020690858261236015,0.026279999036814196,False,0.02978934193890906,0.034147534576634386,False
2020-12-04,0.0011073901564781,-0.0011073901564781,0.019879841489236095,0.03479726450559402,False,0.04253981199513038,0.057117921726950495,False,0.020900106654817407,0.026492046850417013,False,0.030020105091368734,0.034554935079589996,False,0.020694131117919623,0.02628178335735278,False,0.02979222890890795,0.03414857607427942,False
2020-12-07,0.0046350406148693,-0.0046350406148693,0.019879841489236095,0.03479726450559402,False,0.04253981199513038,0.057117921726950495,False,0.020885266926775732,0.026476596747586106,False,0.03000426989182186,0.034538604891577326,False,0.020685346822229556,0.0262664411467165,False,0.02978068153778935,0.034131736267230754,False
2020-12-08,0.0034848667197057,-0.0034848667197057,0.019879841489236095,0.03479726450559402,False,0.04253981199513038,0.057117921726950495,False,0.020868445061797896,0.026460429398096005,False,0.029988515488228812,0.03452338127271331,False,0.020683929830355136,0.026250468937542213,False,0.029772475124968292,0.03411628469661188,False
2020-12-09,-0.0124727354152303,0.0124727354152303,0.019879841489236095,0.03479726450559402,False,0.04253981199513038,0.057117921726950495,False,0.020872319967583618,0.026463683385707763,False,0.029991377727108647,0.034525739972882614,False,0.020685843187381564,0.026253751856451252,False,0.02977526831426623,0.034118889146702504,False
2020-12-10,0.0023586948464355,-0.0023586948464355,0.019879841489236095,0.03479726450559402,False,0.04253981199513038,0.057117921726950495,False,0.020973635216746864,0.026576545404388013,False,0.030111524815715593,0.03465525100939336,False,0.020777723738944504,0.026367121804929703,False,0.02991782493155728,0.03424839056006834,False
2020-12-11,-3.593120392879073e-05,3.593120392879073e-05,0.019879841489236095,0.03479726450559402,False,0.04253981199513038,0.057117921726950495,False,0.020978624624188917,0.026581085347826557,False,0.030115781184021695,0.03465914288116151,False,0.020788562584661725,0.026371783954290986,False,0.029921578243871864,0.03425287893788316,False
2020-12-14,-0.0013575144501515,0.0013575144501515,0.019879841489236095,0.03479726450559402,False,0.04253981199513038,0.057117921726950495,False,0.020991467558667886,0.026593649692256235,False,0.030128169760849276,0.03467130553309259,False,0.020799231873899534,0.026384438838137875,False,0.029935188456571955,0.03426527288183438,False
2020-12-15,0.0095093304575589,-0.0095093304575589,0.019879841489236095,0.03479726450559402,False,0.04253981199513038,0.057117921726950495,False,0.02099770892097718,0.026600175610842883,False,0.030134875211241374,0.034678241746743006,False,0.02080967887363746,0.02639078250249935,False,0.029937633355908443,0.03427207169378717,False
2020-12-16,0.002298230853652,-0.002298230853652,0.019879841489236095,0.03479726450559402,False,0.04253981199513038,0.057117921726950495,False,0.02096998597529227,0.026576511416209325,False,0.03011377175753025,0.03466042977064763,False,0.020778507868800138,0.026367006654281006,False,0.029921875799244223,0.03425484550092088,False
2020-12-17,0.0049199925014964,-0.0049199925014964,0.019879841489236095,0.03479726450559402,False,0.04253981199513038,0.057117921726950495,False,0.020974842053360174,0.026580962384089232,False,0.030117967133918257,0.03466429661958991,False,0.020783080152392042,0.026371494780568994,False,0.02992729162153586,0.0342588589963875,False
2020-12-18,-0.0032069562724738,0.0032069562724738,0.019879841489236095,0.03479726450559402,False,0.04253981199513038,0.057117921726950495,False,0.02097040005607226,0.026577164234097842,False,0.03011457519906525,0.034661426818008365,False,0.020777347116193765,0.026367731772911837,False,0.029928817710461953,0.03425637673539712,False
2020-12-21,-0.0015807088584387,0.0015807088584387,0.019879841489236095,0.03479726450559402,False,0.04253981199513038,0.057117921726950495,False,0.020993507315162085,0.02660141868988278,False,0.030139553442410965,0.03468733538996873,False,0.020801255439082456,0.026391906240156516,False,0.029952817758607312,0.03428205899171915,False
2020-12-22,-0.0001476618062895,0.0001476618062895,0.019879841489236095,0.03479726450559402,False,0.04253981199513038,0.057117921726950495,False,0.021009805329397956,0.026618087749964898,False,0.030156456602163297,0.0347045394524081,False,0.020817197579656235,0.02640857150630474,False,0.029967756316826192,0.034299179801653604,False
2020-12-23,-0.0012842613245221,0.0012842613245221,0.019879841489236095,0.03479726450559402,False,0.04253981199513038,0.057117921726950495,False,0.021028725498888665,0.026635571110325242,False,0.0301730334531341,0.034719951111173,False,0.02083388344129686,0.026426142208292258,False,0.029982886547956864,0.034315295190822714,False
2020-12-24,0.0040486027149714,-0.0040486027149714,0.019879841489236095,0.03479726450559402,False,0.04253981199513038,0.057117921726950495,False,0.021034273269858593,0.026641369056719995,False,0.030178989239820125,0.034726109779681644,False,0.020842909235501503,0.02643209739534781,False,0.029987832402153348,0.03432195112078698,False
2020-12-28,0.0055006476926892,-0.0055006476926892,0.019879841489236095,0.03479726450559402,False,0.04253981199513038,0.057117921726950495,False,0.020996322909852233,0.02660221634876968,False,0.030139077948368592,0.03468522343425567,False,0.020803993455431748,0.02639293965493184,False,0.02995001371797797,0.03428100362661329,False
2020-12-29,-0.0002470462572977,0.0002470462572977,0.019879841489236095,0.03479726450559402,False,0.04253981199513038,0.057117921726950495,False,0.020977773985652107,0.02658478042269962,False,0.03012234423335365,0.034669392314247205,False,0.020783687806919807,0.02637547893154226,False,0.029926728840861165,0.03426543711358437,False
2020-12-30,0.0021597167168193,-0.0021597167168193,0.019879841489236095,0.03479726450559402,False,0.04253981199513038,0.057117921726950495,False,0.020998642377317033,0.026599241149614303,False,0.03013276224635571,0.03467461397871057,False,0.020797765220603146,0.026390056261806443,False,0.02992462863032376,0.034271865604306645,False
2020-12-31,0.0034966436158722,-0.0034966436158722,0.019879841489236095,0.03479726450559402,False,0.04253981199513038,0.057117921726950495,False,0.02098889446582751,0.026589464080152128,False,0.030122966780590624,0.03466479486704726,False,0.020782509665741664,0.02638060348056215,False,0.02990371506611447,0.034262996368644334,False
2021-01-04,-0.0058777855468089,0.0058777855468089,0.019879841489236095,0.03479726450559402,False,0.04253981199513038,0.057117921726950495,False,0.02098911095488874,0.02658965638700015,False,0.030123143830434167,0.03466495230612569,False,0.020783682761588013,0.02638067714029986,False,0.029905485064025926,0.03426250757955519,False
2021-01-05,0.003774875966137,-0.003774875966137,0.019879841489236095,0.03479726450559402,False,0.04253981199513038,0.057117921726950495,False,0.021016564654874274,0.026619689120950734,False,0.03015480372449659,0.03469870368903748,False,0.020804147411851288,0.02641096622960861,False,0.02991406730049596,0.034299299928393416,False
2021-01-06,-0.0076135546424069,0.0076135546424069,0.019879841489236095,0.03479726450559402,False,0.04253981199513038,0.057117921726950495,False,0.021009489957623733,0.026613064204739176,False,0.03014846258344101,0.034692727301622386,False,0.020797805487948906,0.026404397859758646,False,0.02990273105664725,0.034293428259880916,False
2021-01-07,0.0098779190769863,-0.0098779190769863,0.019879841489236095,0.03479726450559402,False,0.04253981199513038,0.057117921726950495,False,0.021073751714315837,0.02668115383752022,False,0.030218967293871055,0.03476633625971461,False,0.020857873747432778,0.026473799514538526,False,0.029996621694325223,0.03436425777017921,False
2021-01-08,-0.0002835178975161,0.0002835178975161,0.019879841489236095,0.03479726450559402,False,0.04253981199513038,0.057117921726950495,False,0.02105711949465472,0.026669427754357062,False,0.030210336582742896,0.03476168422041395,False,0.020835682455622076,0.02646181083132791,False,0.0299918769924835,0.03435938182398898,False
2021-01-11,-0.0069334408299273,0.0069334408299273,0.019879841489236095,0.03479726450559402,False,0.04253981199513038,0.057117921726950495,False,0.021072285046085326,0.02668417922909344,False,0.030224826808853147,0.03477583864761635,False,0.020854872003884528,0.026476676008174615,False,0.030043725458569783,0.03437808951582529,False
2021-01-12,0.0004991662623351,-0.0004991662623351,0.019879841489236095,0.03479726450559402,False,0.04253981199513038,0.057117921726950495,False,0.02111200366375955,0.02672765300143966,False,0.030270669777564707,0.0348247268899577,False,0.020890727700743784,0.026520179677948647,False,0.030090601679361745,0.03442665968585963,False
2021-01-13,0.0043718912445953,-0.0043718912445953,0.019879841489236095,0.03479726450559402,False,0.04253981199513038,0.057117921726950495,False,0.021121685554050883,0.026737042146841562,False,0.03027987422481471,0.03483369393332693,False,0.02089826710124702,0.0265297066242559,False,0.03009487051080961,0.034436136135738066,False
2021-01-14,-0.0046890653690574,0.0046890653690574,0.019879841489236095,0.03479726450559402,False,0.04253981199513038,0.057117921726950495,False,0.021122760921128022,0.02673789714004914,False,0.030280590180082074,0.03483423117458854,False,0.02089857978901436,0.02653067012281741,False,0.030096084397133724,0.03443701845414102,False
2021-01-15,-0.005964868626881,0.005964868626881,0.019879841489236095,0.03479726450559402,False,0.04253981199513038,0.057117921726950495,False,0.021153580979409604,0.026770715470304803,False,0.03031466925699439,0.034869930766627213,False,0.02092972718532862,0.026563461452477816,False,0.030133045395979986,0.034472379567763146,False
2021-01-19,0.008704545433587,-0.008704545433587,0.019879841489236095,0.03479726450559402,False,0.04253981199513038,0.057117921726950495,False,0.021194595868118737,0.0268146967001355,False,0.03036052200616781,0.034918189094580596,False,0.020969858880621358,0.026607445693304015,False,0.030169688589463808,0.03452136072625138,False
2021-01-20,0.0139899885826347,-0.0139899885826347,0.019879841489236095,0.03479726450559402,False,0.04253981199513038,0.057117921726950495,False,0.021180351822234492,0.02680419300882188,False,0.03035237817356251,0.0349130785333409,False,0.02095226517103543,0.026596908588610794,False,0.030164029616752373,0.03451582129037231,False
2021-01-21,0.0008670003363961,-0.0008670003363961,0.019879841489236095,0.03479726450559402,False,0.04253981199513038,0.057117921726950495,False,0.021176897255580657,0.026811028003083694,False,0.030365705041648868,0.034934749805654364,False,0.020954129093140716,0.026603652686646256,False,0.030175574359351736,0.034537001034249365,False
2021-01-22,-0.0026695365487003,0.0026695365487003,0.019879841489236095,0.03479726450559402,False,0.04253981199513038,0.057117921726950495,False,0.021156495692654046,0.026789542422054814,False,0.030343535533599083,0.034911701204190494,False,0.020933353079356246,0.02658211906422777,False,0.03015487461256556,0.034513865121628476,False
2021-01-25,0.0061304694409944,-0.0061304694409944,0.019879841489236095,0.03479726450559402,False,0.04253981199513038,0.057117921726950495,False,0.021123184045600995,0.026752616908509715,False,0.030304329965008148,0.03486956494078374,False,0.02090219502663949,0.026545659010963698,False,0.030109011848908917,0.03447281498474908,False
2021-01-26,-0.0010066318376742,0.0010066318376742,0.019879841489236095,0.03479726450559402,False,0.04253981199513038,0.057117921726950495,False,0.021121427579734682,0.02675143446260749,False,0.030303509678891963,0.034869210160888287,False,0.020898322252764286,0.026544622442532598,False,0.030107946830517325,0.03447207378571481,False
2021-01-27,-0.0171871830784195,0.0171871830784195,0.019879841489236095,0.03479726450559402,False,0.04253981199513038,0.057117921726950495,False,0.021137046778932835,0.02676710826061275,False,0.030319217924291986,0.034884962683640906,False,0.020914439677412962,0.026560302131567588,False,0.030119974037798414,0.0344881945498597,False
2021-01-28,0.003952836945892,-0.003952836945892,0.019879841489236095,0.03479726450559402,False,0.04253981199513038,0.057117921726950495,False,0.02129514158770492,0.026945638032088666,False,0.030510640490763723,0.03509295715153435,False,0.021078188645175005,0.026738098011026973,False,0.030293755455682723,0.03469482717710783,False
2021-01-29,-0.0145313190841194,0.0145313190841194,0.019879841489236095,0.03479726450559402,False,0.04253981199513038,0.057117921726950495,False,0.021225289572195983,0.026870728508533483,False,0.03043254009207091,0.035010755325009406,False,0.021008153561306468,0.026663408695160214,False,0.030220302025969294,0.03461287045452192,False
2021-02-01,0.0145446010830056,-0.0145446010830056,0.019879841489236095,0.03479726450559402,False,0.04253981199513038,0.057117921726950495,False,0.021359148396841793,0.02701812368065826,False,0.03058847559556639,0.03517766824105429,False,0.021141866134266163,0.026810260798019292,False,0.03036906497955118,0.03477834399563049,False
2021-02-02,0.0066199505397334,-0.0066199505397334,0.019879841489236095,0.03479726450559402,False,0.04253981199513038,0.057117921726950495,False,0.021365330163031934,0.02703336532847207,False,0.030609433289851787,0.03520597312101042,False,0.02115326699683257,0.026825734794001625,False,0.030376826077569086,0.034805898432338715,False
2021-02-03,-0.0026784605005919,0.0026784605005919,0.019879841489236095,0.03479726450559402,False,0.04253981199513038,0.057117921726950495,False,0.021358926111939517,0.027028564894278156,False,0.030605644607145953,0.03520348490464482,False,0.021138597075111655,0.026820633713938436,False,0.030373148392679725,0.03480407514324755,False
2021-02-04,0.0037388694542778,-0.0037388694542778,0.019879841489236095,0.03479726450559402,False,0.04253981199513038,0.057117921726950495,False,0.02138924786707815,0.02705856996925886,False,0.030635449882772253,0.035233033365887095,False,0.02116997360284648,0.02685069600309763,False,0.030402905524185144,0.03483348791632086,False
2021-02-05,0.002228252052775,-0.002228252052775,0.019879841489236095,0.03479726450559402,False,0.04253981199513038,0.057117921726950495,False,0.021374566774457315,0.027044278254479623,False,0.03062140383365732,0.0352193030859419,False,0.02115788961881448,0.026836667050773685,False,0.030405140685185662,0.034822277905913246,False
2021-02-08,0.0069525451342709,-0.0069525451342709,0.019879841489236095,0.03479726450559402,False,0.04253981199513038,0.057117921726950495,False,0.021385047041205082,0.027052625826706485,False,0.030628405849562636,0.03522457557564864,False,0.021167578153157972,0.02684514724993706,False,0.030416583931287017,0.03482848412600993,False
2021-02-09,0.0003189016201166,-0.0003189016201166,0.019879841489236095,0.03479726450559402,False,0.04253981199513038,0.057117921726950495,False,0.021362159095187724,0.027031789013431746,False,0.030608863133778703,0.035206696242866986,False,0.021141543439404373,0.026824125462325318,False,0.030394189092320712,0.034810527016090095,False
2021-02-10,0.0011359310967002,-0.0011359310967002,0.019879841489236095,0.03479726450559402,False,0.04253981199513038,0.057117921726950495,False,0.02137440041398124,0.027043524479832014,False,0.030620279448571073,0.03521770233249201,False,0.02115470380153394,0.02683592098767052,False,0.030407140042059883,0.03482166034603916,False
2021-02-11,-0.0003766623718318,0.0003766623718318,0.019879841489236095,0.03479726450559402,False,0.04253981199513038,0.057117921726950495,False,0.02137336214116162,0.027042488251133912,False,0.03061924450954695,0.03521666905116508,False,0.021152790935959658,0.02683483150468377,False,0.030403936898803,0.034820468527745285,False
2021-02-12,0.0004337479378504,-0.0004337479378504,0.019879841489236095,0.03479726450559402,False,0.04253981199513038,0.057117921726950495,False,0.0213858241629137,0.027054828130715743,False,0.030631507327380042,0.035228832816798554,False,0.021163195576120418,0.02684706685755203,False,0.030413033053447808,0.03483271394523389,False
2021-02-16,-0.0062210907495556,0.0062210907495556,0.019879841489236095,0.03479726450559402,False,0.04253981199513038,0.057117921726950495,False,0.02139307959383286,0.02706197170436383,False,0.030638580328212033,0.03523581510605468,False,0.021167703852022452,0.026854079948401718,False,0.030414664998317097,0.034839167765065786,False
2021-02-17,-0.0015405892433794,0.0015405892433794,0.019879841489236095,0.03479726450559402,False,0.04253981199513038,0.057117921726950495,False,0.02144654391537212,0.027117443126971952,False,0.03069531806791561,0.0352941805209118,False,0.021227463765439294,0.02690921951175286,False,0.0304776351298267,0.034895897692370295,False
2021-02-18,-0.0036138410039201,0.0036138410039201,0.019879841489236095,0.03479726450559402,False,0.04253981199513038,0.057117921726950495,False,0.021445265513899227,0.027116088058171846,False,0.030693914628284243,0.035292714907279574,False,0.021228698611033502,0.02690816395181105,False,0.030470003866697338,0.03489531837549775,False
2021-02-19,-0.0038328033332437,0.0038328033332437,0.019879841489236095,0.03479726450559402,False,0.04253981199513038,0.057117921726950495,False,0.021437585641677998,0.027107662249532462,False,0.030685018194596094,0.035283213550305406,False,0.021221032452177116,0.02690011033198434,False,0.030463736447785657,0.034885190308928775,False
2021-02-22,-0.0088327262460651,0.0088327262460651,0.019879841489236095,0.03479726450559402,False,0.04253981199513038,0.057117921726950495,False,0.021291517025851223,0.02693946526210604,False,0.030502860009258004,0.03508311017964514,False,0.021068788723597614,0.026733018048504295,False,0.03028523866215222,0.03468616947571261,False
2021-02-23,-0.0011804854273815,0.0011804854273815,0.01924240432949252,0.03474653529260469,False,0.04253981199513038,0.057117921726950495,False,0.021155029283867626,0.02678019566254425,False,0.030329216915423826,0.034890991950648695,False,0.020930811637676915,0.02657521544664993,False,0.030130629900036083,0.034497212197638,False
2021-02-24,0.0050500697548788,-0.0050500697548788,0.01924240432949252,0.03474653529260469,False,0.04253981199513038,0.057117921726950495,False,0.021157950864271847,0.02678325573646867,False,0.030332364367465357,0.03489425171515184,False,0.020934594190395214,0.026578349908428046,False,0.03012994358504286,0.03450043375712565,False
2021-02-25,-0.0244425192985566,0.0244425192985566,0.017891869749788653,0.03399147037494397,True,0.04253981199513038,0.057117921726950495,False,0.020816404917423904,0.026388816414019467,True,0.029904553638464164,0.03442354666728014,False,0.02058917956499786,0.026185980220663384,True,0.029701244308305178,0.034032843780230596,False
2021-02-26,0.0019701752044899,-0.0019701752044899,0.01924240432949252,0.034451015584693094,False,0.04253981199513038,0.057117921726950495,False,0.021062039176045412,0.026674497012629104,False,0.030215500211829085,0.034766969150104826,False,0.0208115476009529,0.026469573671811655,False,0.030038584459226286,0.034361635300321415,False
2021-03-01,0.0143155597134319,-0.0143155597134319,0.01924240432949252,0.034451015584693094,False,0.04253981199513038,0.057117921726950495,False,0.020970583502979912,0.026531750980676814,False,0.03004039414614569,0.034550268745166965,False,0.020732619314327832,0.0263294256544546,False,0.029838643036071727,0.03415450252594086,False
2021-03-02,-0.0062996941500985,0.0062996941500985,0.01924240432949252,0.034451015584693094,False,0.04253981199513038,0.057117921726950495,False,0.020871372483603635,0.026433721073532698,False,0.029943109424500416,0.03445394185622063,False,0.02062583356431584,0.026231608575905074,False,0.029756856720250687,0.03405437548728793,False
2021-03-03,-0.0163759183699873,0.0163759183699873,0.01924240432949252,0.034451015584693094,False,0.04253981199513038,0.057117921726950495,False,0.0208627710455093,0.026390739620462747,False,0.02987843698566953,0.03436138866089854,False,0.02062371464383886,0.02618984560606995,False,0.029702291622959766,0.03396460100101986,False
2021-03-04,-0.0118069361077089,0.0118069361077089,0.01924240432949252,0.034451015584693094,False,0.04253981199513038,0.057117921726950495,False,0.020906057984535847,0.026441261128243732,False,0.02993352291635581,0.03442234152474073,False,0.02067820040753991,0.026241157823735504,False,0.029764346084576766,0.03402357216591167,False
2021-03-05,0.0116077119796978,-0.0116077119796978,0.01924240432949252,0.034451015584693094,False,0.04253981199513038,0.057117921726950495,False,0.02099142314922049,0.026536685206931,False,0.030035293349474756,0.03453226931707177,False,0.020784907707955894,0.02633811586249496,False,0.029839569972098797,0.034137724567151674,False
2021-03-08,-0.0121801756653967,0.0121801756653967,0.017891869749788653,0.03256892823359395,False,0.04024324670597278,0.056848700542612735,False,0.02031752754583846,0.025747017706387675,False,0.02917258322301566,0.0335756730164627,False,0.020103211503697732,0.025552077990592257,False,0.029000432956856396,0.03318891142443878,False
2021-03-09,0.0215335097312798,-0.0215335097312798,0.017891869749788653,0.03256892823359395,False,0.04024324670597278,0.056848700542612735,False,0.020393119293443517,0.025808204542366018,False,0.029224681734477436,0.033616089746121104,False,0.020229292645786393,0.02561790467522292,False,0.029044005003347417,0.033235297555345183,False
2021-03-10,0.0029415802310373,-0.0029415802310373,0.016822113959624997,0.03094627577359873,False,0.037532122407465555,0.056848700542612735,False,0.019864787046606363,0.02520643646023275,False,0.028576581628961387,0.03290843624474203,False,0.01973842717696622,0.025022218246766207,False,0.02843503862896582,0.032533055061990654,False
2021-03-11,0.0082409585075714,-0.0082409585075714,0.01627111291061924,0.027133833437618996,False,0.029974978571101457,0.045785730405608134,False,0.018387540523318792,0.023423902154891783,False,0.026601435629349638,0.030685714602210715,False,0.018265974297268884,0.02325006404455204,False,0.026468002395449906,0.03033101533553422,False
2021-03-12,-0.0057616529220539,0.0057616529220539,0.01627111291061924,0.027133833437618996,False,0.029974978571101457,0.045785730405608134,False,0.01799233413410373,0.02288965067462541,False,0.025979458035750806,0.029950977246068176,False,0.017897282566853037,0.022719595910788683,False,0.025795387887772556,0.029599663777298345,False
2021-03-15,0.0068918032209068,-0.0068918032209068,0.01562745064748772,0.023569409440861205,False,0.026384790197456345,0.03398821507502257,False,0.016594355604047706,0.02119416472983493,False,0.02409626917397919,0.027826522294377064,False,0.01649400603220651,0.0210350675518131,False,0.024013291453021064,0.02749949282082619,False
2021-03-16,0.0002026388442947,-0.0002026388442947,0.01562745064748772,0.023569409440861205,False,0.026384790197456345,0.03398821507502257,False,0.016459580819405756,0.02100242800086926,False,0.023868594103389245,0.02755265346557957,False,0.01641558522614429,0.02084992030393864,False,0.023677235626901643,0.02723048166972581,False
2021-03-17,0.0019684778459938,-0.0019684778459938,0.014787616050063752,0.021482440978135123,False,0.02505981106935915,0.028496545653904064,False,0.015702656900056896,0.020096229531144386,False,0.02286821556570999,0.026431219501010007,False,0.015647399542126468,0.019958431634551653,False,0.02277059616378382,0.026124563546336153,False
2021-03-18,-0.0163742848455136,0.0163742848455136,0.014787616050063752,0.021482440978135123,True,0.02505981106935915,0.028496545653904064,False,0.015711092406968205,0.02010376835648124,True,0.022875188658097706,0.026437465422084815,False,0.015661097967074298,0.019965490362851918,True,0.02276596993253154,0.02612702296340535,False
2021-03-19,0.002008124440839,-0.002008124440839,0.01562745064748772,0.021588361845662738,False,0.02505981106935915,0.028496545653904064,False,0.015798454481297183,0.02020658556485644,False,0.02298775679569058,0.026562567028007692,False,0.015741233143721785,0.020077020190894558,False,0.022897178252553475,0.02626388910184103,False
2021-03-22,0.0099029116610182,-0.0099029116610182,0.01562745064748772,0.021588361845662738,False,0.02505981106935915,0.028496545653904064,False,0.01580641985187801,0.020213715137094877,False,0.022994359047334288,0.026568491482097306,False,0.015731034114858877,0.020082144347843982,False,0.022906596370983273,0.026285289112485826,False
2021-03-23,-0.00352869268421,0.00352869268421,0.01562745064748772,0.021588361845662738,False,0.02505981106935915,0.028496545653904064,False,0.01495085303789841,0.019090749411020194,False,0.02170268641409687,0.02505996949729838,False,0.014889710182614835,0.018969621658286882,False,0.021654870053195285,0.02478162141352354,False
2021-03-24,-0.0046542000698434,0.0046542000698434,0.01562745064748772,0.021588361845662738,False,0.02505981106935915,0.028496545653904064,False,0.014979340176595772,0.019121232207230283,False,0.021734428307451713,0.025093329785560604,False,0.014914618702225126,0.018999249833127677,False,0.021666921624594226,0.024817560642297166,False
2021-03-25,-0.0003048123913378,0.0003048123913378,0.01562745064748772,0.021588361845662738,False,0.02505981106935915,0.028496545653904064,False,0.014674075224527672,0.018693622240859298,False,0.021229628614286025,0.02448931339472589,False,0.014636518002957793,0.018575350941315998,False,0.0211934737270666,0.024218459970719062,False
2021-03-26,0.0099226960592976,-0.0099226960592976,0.014787616050063752,0.021500230785546214,False,0.02505981106935915,0.028496545653904064,False,0.014508107726811234,0.018501586475114924,False,0.02102114589728211,0.02425969040092018,False,0.014458562111032981,0.018384652705098384,False,0.020971545018794405,0.023988922416115735,False
2021-03-29,-0.0037552701177482,0.0037552701177482,0.014787616050063752,0.021500230785546214,False,0.02505981106935915,0.028496545653904064,False,0.014441796669790362,0.018407073894057942,False,0.02090884045439136,0.024124514699686333,False,0.014399483550312979,0.018290503812166736,False,0.020868911287800468,0.02385413238442073,False
2021-03-30,-0.0038352422487895,0.0038352422487895,0.014787616050063752,0.021500230785546214,False,0.02505981106935915,0.028496545653904064,False,0.014321502661842912,0.018267136178301138,False,0.020756509160950343,0.023956253179501508,False,0.014289591538535042,0.018152681284009337,False,0.02069614914773308,0.023683506829995683,False
2021-03-31,0.006606384331897,-0.006606384331897,0.01417291921950438,0.020740815668996784,False,0.02505981106935915,0.028496545653904064,False,0.014016456648256551,0.017905497058759493,False,0.02035916440671616,0.02351301377957448,False,0.013979948585443509,0.017791927864375078,False,0.020312174193187045,0.023243696487543763,False
2021-04-01,0.0137946623369363,-0.0137946623369363,0.01417291921950438,0.020740815668996784,False,0.02505981106935915,0.028496545653904064,False,0.013972285918981576,0.017838494752764743,False,0.020277757237725284,0.023413091155273714,False,0.013939428531486213,0.01772620839261696,False,0.020223812697630336,0.02314421186079384,False
2021-04-05,0.0098043746842865,-0.0098043746842865,0.01417291921950438,0.020740815668996784,False,0.02505981106935915,0.028496545653904064,False,0.013908881359170872,0.017781245073773808,False,0.020224390786601373,0.023364716055476735,False,0.013871840615157588,0.017668183195360763,False,0.020181886937793835,0.023093097363688878,False
2021-04-06,0.0021529081207967,-0.0021529081207967,0.01417291921950438,0.020740815668996784,False,0.02505981106935915,0.028496545653904064,False,0.013277712915385159,0.016950540945961982,False,0.019267795914295133,0.022246306075713894,False,0.01326609954350585,0.016842789822912388,False,0.01923055274967516,0.021982043635271585,False
2021-04-07,-0.0007483746868846,0.0007483746868846,0.01417291921950438,0.020740815668996784,False,0.02505981106935915,0.028496545653904064,False,0.013253710738085768,0.016925262425445266,False,0.019241712125294016,0.022219187225661557,False,0.013246292321347289,0.016817459613595927,False,0.019204602376798385,0.021955387709400188,False
2021-04-08,0.0077710791808303,-0.0077710791808303,0.01417291921950438,0.020740815668996784,False,0.02505981106935915,0.028496545653904064,False,0.013239531816351754,0.01689051935369098,False,0.019193994751882444,0.022154793185309305,False,0.013219708156502053,0.016782708069610092,False,0.01914573487078762,0.02189382884642284,False
2021-04-09,0.0025673944094903,-0.0025673944094903,0.01417291921950438,0.020740815668996784,False,0.02505981106935915,0.028496545653904064,False,0.013233179977757501,0.016879546740486133,False,0.019180106806722278,0.022137157984896048,False,0.013209202503965926,0.016774066860685347,False,0.019148275549048518,0.02187027719838395,False
2021-04-12,-0.0011773303419471,0.0011773303419471,0.01417291921950438,0.020740815668996784,False,0.02505981106935915,0.028496545653904064,False,0.013222200874673708,0.01686859685041695,False,0.019169175347682997,0.022126250216391728,False,0.013213334765715238,0.016762735534353857,False,0.01914542205229143,0.021860106618863496,False
2021-04-13,0.0066654536586052,-0.0066654536586052,0.01417291921950438,0.020740815668996784,False,0.02505981106935915,0.028496545653904064,False,0.013127346310937402,0.016724262995523095,False,0.018993624095102697,0.021910573324858112,False,0.013120380289875203,0.01661984843449499,False,0.018951108598210833,0.021648123684187014,False
2021-04-14,-0.0056551718188827,0.0056551718188827,0.01417291921950438,0.020740815668996784,False,0.02505981106935915,0.028496545653904064,False,0.013061501410700746,0.01665540881162958,False,0.018922871298628647,0.02183738012500118,False,0.013055118982014204,0.016550729124529682,False,0.018881592733643416,0.021576021875776633,False
2021-04-15,0.0138572416314589,-0.0138572416314589,0.01417291921950438,0.020740815668996784,False,0.02505981106935915,0.028496545653904064,False,0.013113915703657953,0.016706621107736443,False,0.018973325232745735,0.021886859289866094,False,0.013101462608078193,0.016601615032691776,False,0.01893346943905698,0.021626316799218056,False
2021-04-16,0.0009836185517829,-0.0009836185517829,0.01417291921950438,0.020740815668996784,False,0.02505981106935915,0.028496545653904064,False,0.013135379687546824,0.016739891672127253,False,0.019014044786607162,0.02193715348749082,False,0.013103085986744803,0.01663235034844304,False,0.01894164972899486,0.02167999467076072,False
2021-04-19,-0.0052424668954061,0.0052424668954061,0.01417291921950438,0.020740815668996784,False,0.02505981106935915,0.028496545653904064,False,0.013075080669346225,0.01667272269062204,False,0.018942541418501935,0.021860078866024146,False,0.013043760562093111,0.016565198386291866,False,0.018866286071610075,0.021604379787414266,False
2021-04-20,-0.0032954550170825,0.0032954550170825,0.013221554520601466,0.020268447989992215,False,0.02505981106935915,0.028496545653904064,False,0.012862172575501627,0.0164205970317626,False,0.018665672674308798,0.021551406314266282,False,0.012856895781792388,0.01631451869525871,False,0.01860087214767952,0.02129734064559223,False
2021-04-21,0.0078131642682711,-0.0078131642682711,0.013221554520601466,0.020268447989992215,False,0.02505981106935915,0.028496545653904064,False,0.012850835531825765,0.0163855494958799,False,0.01861566575143315,0.021482171172322824,False,0.012837764993511783,0.016280211153249048,False,0.018547285979300852,0.021228315348155037,False
2021-04-22,-0.006766551102895,0.006766551102895,0.013221554520601466,0.020268447989992215,False,0.02505981106935915,0.028496545653904064,False,0.012844943352494595,0.016384074825683895,False,0.018616978169253763,0.021487066005583994,False,0.012832180974180032,0.016278645041818116,False,0.018531493688551295,0.02123291224843601,False
2021-04-23,0.0064395483180795,-0.0064395483180795,0.013221554520601466,0.020268447989992215,False,0.02505981106935915,0.028496545653904064,False,0.012906436289172783,0.016444817617624653,False,0.018677247681039476,0.02154672718131249,False,0.012894568021033821,0.016339417009380623,False,0.018593297053501576,0.021292469701263635,False
2021-04-26,0.002573721786119,-0.002573721786119,0.013221554520601466,0.020268447989992215,False,0.02505981106935915,0.028496545653904064,False,0.0129027229993492,0.016443595914305265,False,0.018677597965615463,0.02154909803849874,False,0.012897447363819732,0.01633783338569954,False,0.018617613935833104,0.021296757736051816,False
2021-04-27,-0.0032914921483342,0.0032914921483342,0.013221554520601466,0.020268447989992215,False,0.02505981106935915,0.028496545653904064,False,0.012859801953813477,0.016397380174936152,False,0.01862930354311962,0.02149813175688512,False,0.01285730913242603,0.016292119759258913,False,0.018565701775762382,0.021245461958886425,False
2021-04-28,-0.0003885581542728,0.0003885581542728,0.013221554520601466,0.020268447989992215,False,0.02505981106935915,0.028496545653904064,False,0.012828279273448815,0.016335066721971058,False,0.018547563623629772,0.021391421806589362,False,0.012827141969591104,0.01623102343759758,False,0.018473737895336895,0.021139944681396593,False
2021-04-29,0.0022377026962443,-0.0022377026962443,0.013221554520601466,0.020268447989992215,False,0.02505981106935915,0.028496545653904064,False,0.012756652771278208,0.01625387276992764,False,0.018460333390941722,0.021296432771575752,False,0.01275390745894601,0.016151835339225856,False,0.018424866982191177,0.021042615461051593,False
2021-04-30,-0.0043095780381672,0.0043095780381672,0.012539520529787723,0.02008359024603754,False,0.02505981106935915,0.028496545653904064,False,0.012586347824635582,0.016057817053938075,False,0.01824803103946832,0.021063247621472606,False,0.012589925841149567,0.015956852724410265,False,0.018200742898825357,0.02081063483081393,False
2021-05-03,0.0015980060973187,-0.0015980060973187,0.012539520529787723,0.02008359024603754,False,0.02505981106935915,0.028496545653904064,False,0.01262690439804832,0.01610063653704279,False,0.01829227823404849,0.02110932994131751,False,0.012634174984225782,0.015999632309076493,False,0.018250729347718087,0.02085661712144192,False
2021-05-04,-0.0067090251134828,0.0067090251134828,0.012539520529787723,0.02008359024603754,False,0.02505981106935915,0.028496545653904064,False,0.012634841360658091,0.01610623257263049,False,0.018296397335587754,0.021111550648795212,False,0.012639078463265799,0.01600487972246404,False,0.018245128471439977,0.020860442002260986,False
2021-05-05,0.0002358063455288,-0.0002358063455288,0.012539520529787723,0.02008359024603754,False,0.02505981106935915,0.028496545653904064,False,0.012638650944229826,0.016110622872096234,False,0.018301154019425264,0.021116778268973006,False,0.012646915468062035,0.01601158084979976,False,0.018296136403846714,0.020861506502755322,False
2021-05-06,0.0079098555106816,-0.0079098555106816,0.012539520529787723,0.02008359024603754,False,0.02505981106935915,0.028496545653904064,False,0.012628551455033839,0.01608428599413513,False,0.018264572673311694,0.02106702907861811,False,0.012626379037941093,0.015986747229570393,False,0.018260191566779875,0.02081163325817194,False
2021-05-07,0.0053030452438521,-0.0053030452438521,0.012539520529787723,0.02008359024603754,False,0.02505981106935915,0.028496545653904064,False,0.012629905148672887,0.01608737263861739,False,0.018268752668453958,0.021072614424528985,False,0.012628890377797892,0.01598928793751256,False,0.018260136896988056,0.020819025995722287,False
2021-05-10,-0.0118453711220426,0.0118453711220426,0.012539520529787723,0.02008359024603754,False,0.02505981106935915,0.028496545653904064,False,0.012614850258250012,0.016074064028839326,False,0.018256545819353657,0.021061823736109757,False,0.012609267781980743,0.015976496379276853,False,0.018225483017881974,0.020807286313765,False
2021-05-11,-0.0050210119840468,0.0050210119840468,0.012539520529787723,0.02008359024603754,False,0.02505981106935915,0.028496545653904064,False,0.01263236004421496,0.016094726723142373,False,0.018279197741698512,0.02108703253545644,False,0.012623782411143277,0.01599758581898477,False,0.018255638206654334,0.020831338435338527,False
2021-05-12,-0.0185605262877771,0.0185605262877771,0.012539520529787723,0.02008359024603754,True,0.02505981106935915,0.028496545653904064,False,0.012609578315339948,0.016068535074978137,True,0.01825085471254155,0.021055924204148653,True,0.012604897026418187,0.01597090570092387,True,0.018220704942131308,0.020801608641186426,True
2021-05-13,0.0076635558442336,-0.0076635558442336,0.013221554520601466,0.02054254127615548,False,0.02505981106935915,0.028496545653904064,False,0.012839241993323496,0.01632659583549432,False,0.01852683171635501,0.02135493005607968,False,0.01283777402463724,0.01622818128101863,False,0.018512181984822566,0.021098965041984042,False
2021-05-14,0.0148990341865049,-0.0148990341865049,0.013221554520601466,0.02054254127615548,False,0.02505981106935915,0.028496545653904064,False,0.012838557238614963,0.01632966943617494,False,0.018532276532792477,0.021363422741794886,False,0.012840057577699423,0.016230918399093505,False,0.018522790308696458,0.02110750122276916,False
2021-05-17,-0.0012117218006646,0.0012117218006646,0.013221554520601466,0.02054254127615548,False,0.02505981106935915,0.028496545653904064,False,0.012858732676512883,0.016358610752212677,False,0.01856674840307947,0.021405003373204327,False,0.012857538208091289,0.016258238925059572,False,0.0185603161484829,0.021153116318826347,False
2021-05-18,-0.0053535748301395,0.0053535748301395,0.013221554520601466,0.02054254127615548,False,0.02505981106935915,0.028496545653904064,False,0.012850492522184013,0.016349626554746123,False,0.01855729477506972,0.021394946357279957,False,0.012841330165239244,0.016248692002381198,False,0.018553572991708896,0.02114517482255331,False
2021-05-19,-0.0011424934382433,0.0011424934382433,0.013221554520601466,0.02054254127615548,False,0.02505981106935915,0.028496545653904064,False,0.012882745796499295,0.016371685112111966,False,0.01857292129741918,0.02140230538989837,False,0.01288063919334627,0.016271162511319236,False,0.01857538006436815,0.0211527521287367,False
2021-05-20,0.0114697764339621,-0.0114697764339621,0.013221554520601466,0.02054254127615548,False,0.02505981106935915,0.028496545653904064,False,0.012834667000327694,0.016317518452041012,False,0.018514913691692756,0.021339360780768958,False,0.012830500521800568,0.016217157022854783,False,0.018507589703016407,0.021089418095554664,False
2021-05-21,-0.0010016459323683,0.0010016459323683,0.013221554520601466,0.02054254127615548,False,0.02505981106935915,0.028496545653904064,False,0.012844771608452852,0.01633807200917508,False,0.018542059683540127,0.021374980433931285,False,0.01284168208877098,0.01623762758179535,False,0.018539231514484292,0.021123962262965517,False
2021-05-24,0.0092873235073047,-0.0092873235073047,0.013221554520601466,0.02054254127615548,False,0.02505981106935915,0.028496545653904064,False,0.012847122930741361,0.016340572601820508,False,0.018544654453607777,0.021377696256025105,False,0.012828508177686722,0.016238932979298303,False,0.01855028651881218,0.021132089822429898,False
2021-05-25,0.0026720740184141,-0.0026720740184141,0.013221554520601466,0.02054254127615548,False,0.02505981106935915,0.028496545653904064,False,0.012850847400779448,0.016347344991924126,False,0.018553349832715005,0.02138886337102925,False,0.012831151505571384,0.016245686524555172,False,0.018553623501894913,0.021143513488864243,False
2021-05-26,0.0010593509350342,-0.0010593509350342,0.013221554520601466,0.02054254127615548,False,0.02505981106935915,0.028496545653904064,False,0.012834239910539086,0.01633055188358823,False,0.01853643961449797,0.021371802624287853,False,0.012815075689488946,0.016228822109165573,False,0.01853681085219252,0.02112542616742424,False
2021-05-27,-0.0014707056779154,0.0014707056779154,0.013221554520601466,0.02054254127615548,False,0.02505981106935915,0.028496545653904064,False,0.012842215652549015,0.016333523766842068,False,0.018536254470941177,0.02136755956023294,False,0.012820501872823607,0.01623166469537344,False,0.018527553783306328,0.02112306953222646,False
2021-05-28,0.0017522069676655,-0.0017522069676655,0.013221554520601466,0.02054254127615548,False,0.02505981106935915,0.028496545653904064,False,0.012856889187639204,0.0163486922012325,False,0.018551735146431048,0.021383441578389114,False,0.012833671839376223,0.016246847228070294,False,0.018542409728981465,0.02113866985936417,False
2021-06-01,-0.0016317765013588,0.0016317765013588,0.013221554520601466,0.02054254127615548,False,0.02505981106935915,0.028496545653904064,False,0.01286105239815623,0.01635234991974623,False,0.01855507394071354,0.021386370439765462,False,0.012836158252162052,0.016250512581820954,False,0.018544871822458547,0.021141760320515665,False
2021-06-02,0.0023138056437263,-0.0023138056437263,0.013221554520601466,0.02054254127615548,False,0.02505981106935915,0.028496545653904064,False,0.012874141269572049,0.016366068589217804,False,0.018569189961398298,0.021400997200374087,False,0.012839934525598637,0.016263957045307482,False,0.018557058299833864,0.02115947480449919,False
2021-06-03,-0.0077733741825352,0.0077733741825352,0.013221554520601466,0.02054254127615548,False,0.02505981106935915,0.028496545653904064,False,0.01283930747784388,0.016328924063043475,False,0.018530587550228732,0.021360520880061237,False,0.01280387344275528,0.016226777043318107,False,0.018502286249551025,0.02111827604640193,False
2021-06-04,0.0122572544288686,-0.0122572544288686,0.013221554520601466,0.02054254127615548,False,0.02505981106935915,0.028496545653904064,False,0.012904221426524575,0.01639151341996578,False,0.018591710279321844,0.021419758462309497,False,0.012874287723641234,0.016289246527587176,False,0.018568155752159005,0.021178094093471583,False
2021-06-07,0.0003432729893176,-0.0003432729893176,0.013221554520601466,0.02054254127615548,False,0.02505981106935915,0.028496545653904064,False,0.01291601357780215,0.016409441667609482,False,0.01861350990337419,0.021446534204281276,False,0.012883421728698998,0.016307295310858016,False,0.018583748029487826,0.021202176693632807,False
2021-06-08,0.001145514403921,-0.001145514403921,0.013221554520601466,0.02054254127615548,False,0.02505981106935915,0.028496545653904064,False,0.012923758175896454,0.01641691474139707,False,0.01862081166746703,0.021453615773499784,False,0.012899429422977619,0.016314306476312133,False,0.018596830278362883,0.021213210978228533,False
2021-06-09,0.0009407722672359,-0.0009407722672359,0.013221554520601466,0.02054254127615548,False,0.02505981106935915,0.028496545653904064,False,0.012932607631817623,0.016423198814087724,False,0.018625477192546123,0.021456200879905206,False,0.012904205031100142,0.016320212206690762,False,0.018604660860858803,0.021221579399968417,False
2021-06-10,0.0063085512785593,-0.0063085512785593,0.012539520529787723,0.018992187781504237,False,0.02324817167204677,0.025727799311186267,False,0.012343316956465632,0.01571843853280207,False,0.017847865006457502,0.02058494766522902,False,0.012321691985100065,0.015617149171609423,False,0.017816532661729778,0.020360842258903732,False
2021-06-11,-0.0006959956392509,0.0006959956392509,0.012539520529787723,0.018992187781504237,False,0.02324817167204677,0.025727799311186267,False,0.012343162255455897,0.015719511687042286,False,0.017849712837228898,0.020587791235334874,False,0.012323638216690906,0.015618162601099606,False,0.01781725320697225,0.020363920419910177,False
2021-06-14,0.0008803151068052,-0.0008803151068052,0.012539520529787723,0.018992187781504237,False,0.02324817167204677,0.025727799311186267,False,0.012360284203329353,0.015733549676735778,False,0.01786180510080748,0.020597382537610624,False,0.012337452706861467,0.015632161288502092,False,0.01782823724951499,0.0203742352883872,False
2021-06-15,-0.0031738630328511,0.0031738630328511,0.012539520529787723,0.018992187781504237,False,0.02324817167204677,0.025727799311186267,False,0.01236628945730022,0.0157329803905112,False,0.01785708781587304,0.02058733357511988,False,0.01234354661967807,0.015631445646197565,False,0.017814552144955136,0.02036667139685637,False
2021-06-16,-0.005850282871307,0.005850282871307,0.012539520529787723,0.018992187781504237,False,0.02324817167204677,0.025727799311186267,False,0.01238652603008529,0.0157548854113108,False,0.017880045491307946,0.020611644292222876,False,0.012364880729509819,0.015653280539241223,False,0.017836220401592648,0.02039146486460276,False
2021-06-17,0.001425102264451,-0.001425102264451,0.012539520529787723,0.018992187781504237,False,0.02324817167204677,0.025727799311186267,False,0.01243763164397683,0.015810332596634107,False,0.01793823185414974,0.020673351488198804,False,0.012416291002607785,0.015708415104221964,False,0.017889065269077607,0.020454588552221323,False
2021-06-18,-0.004428884900114,0.004428884900114,0.012539520529787723,0.018992187781504237,False,0.02324817167204677,0.025727799311186267,False,0.01242927288246327,0.015801818480624175,False,0.017929619722121752,0.02066461337016161,False,0.012425991065398068,0.01569968415455301,False,0.01786566438231353,0.02045292297053079,False
2021-06-21,0.0057686015949869,-0.0057686015949869,0.012539520529787723,0.018992187781504237,False,0.02324817167204677,0.025727799311186267,False,0.012471060400585744,0.015843057111891885,False,0.017970512050545798,0.020705060574267072,False,0.012455888939423478,0.015740925035524534,False,0.017916800437957313,0.020491566703242738,False
2021-06-22,0.0043284370078052,-0.0043284370078052,0.012539520529787723,0.018992187781504237,False,0.02324817167204677,0.025727799311186267,False,0.012469694618210606,0.015843278418959602,False,0.01797173468162489,0.020707570268610028,False,0.012443444164755664,0.01574125313877678,False,0.01791623744807748,0.020493178332199623,False
2021-06-23,-0.0009743511686228,0.0009743511686228,0.012341083527805176,0.018895100125711915,False,0.02324817167204677,0.025727799311186267,False,0.01231516888248287,0.01566785215212851,False,0.017783121884104955,0.020502008013137764,False,0.012284797637931907,0.015566136983592962,False,0.01771251883258235,0.02029058285029872,False
2021-06-24,0.0041430270188094,-0.0041430270188094,0.012341083527805176,0.018895100125711915,False,0.02324817167204677,0.025727799311186267,False,0.01233279151174343,0.015681691702336308,False,0.017794574619940384,0.020510392829836684,False,0.012305330472708523,0.015580081155131093,False,0.017718345129986494,0.020299131782226656,False
2021-06-25,-0.0004663542103469,0.0004663542103469,0.012029513620887349,0.018863254954108292,False,0.02324817167204677,0.025727799311186267,False,0.012195174716735558,0.01552612237534746,False,0.01762767870929971,0.02032893816542824,False,0.012171871802590264,0.015424962561761983,False,0.017549364147754147,0.02011965001823902,False
2021-06-28,0.0058940224861885,-0.0058940224861885,0.012029513620887349,0.018863254954108292,False,0.02324817167204677,0.025727799311186267,False,0.012208798937495529,0.015534546262406345,False,0.0176328216098802,0.020329863812534703,False,0.012185853150958572,0.01543352592943345,False,0.01754602591355127,0.02012089642674917,False
2021-06-29,-0.0001213705260776,0.0001213705260776,0.012029513620887349,0.018863254954108292,False,0.02324817167204677,0.025727799311186267,False,0.012202074995969505,0.015522227370989627,False,0.017616972761350356,0.020309477693279596,False,0.01218344703515688,0.015421548020591163,False,0.01753585738405276,0.020099430213000834,False
2021-06-30,0.0015608728151954,-0.0015608728151954,0.012029513620887349,0.018863254954108292,False,0.02324817167204677,0.025727799311186267,False,0.012215587755225236,0.015534314716157708,False,0.017628160786471586,0.020319509767098735,False,0.012203012140462191,0.015433672196537445,False,0.017546457841496603,0.02010987619856362,False
2021-07-01,0.0028408164010068,-0.0028408164010068,0.012029513620887349,0.018863254954108292,False,0.02324817167204677,0.025727799311186267,False,0.01222192674367283,0.01553934727339346,False,0.017632369092152076,0.020322658611620883,False,0.012208041403460154,0.015438661604785301,False,0.017551238303492603,0.020113282583276444,False
2021-07-02,0.0081175945421376,-0.0081175945421376,0.012029513620887349,0.018863254954108292,False,0.02324817167204677,0.025727799311186267,False,0.012205939958116665,0.015509585119722715,False,0.017593915804581684,0.02027303407574674,False,0.012183903604620825,0.015409249760689647,False,0.017520089018353936,0.020064180242082078,False
2021-07-06,0.0034403661922453,-0.0034403661922453,0.012029513620887349,0.018863254954108292,False,0.02324817167204677,0.025727799311186267,False,0.012183816581115005,0.01549221399612035,False,0.01757954296532822,0.020262515115553662,False,0.012177924659676728,0.015391728239065398,False,0.017493215090024408,0.02005488604748565,False
2021-07-07,0.0042840628017157,-0.0042840628017157,0.012029513620887349,0.018863254954108292,False,0.02324817167204677,0.025727799311186267,False,0.012185500940311636,0.01549123228635639,False,0.017576879183467932,0.020257689263097074,False,0.012163775494512783,0.01539087506932704,False,0.017499884010823103,0.02004872026700426,False
2021-07-08,-0.0040833480494303,0.0040833480494303,0.012029513620887349,0.018863254954108292,False,0.02324817167204677,0.025727799311186267,False,0.012182455299154541,0.015489116649159123,False,0.017575350302927534,0.02025691457693263,False,0.012169518044751181,0.01538831310773842,False,0.01748201750810007,0.020051125619015994,False
2021-07-09,0.0035165016813452,-0.0035165016813452,0.012029513620887349,0.018863254954108292,False,0.02324817167204677,0.025727799311186267,False,0.012221048585323442,0.01552889659579668,False,0.017615878935548702,0.020298405541640852,False,0.012210011987994556,0.015428045272718528,False,0.017520675562192535,0.020092745210889856,False
2021-07-12,0.0019636304779125,-0.0019636304779125,0.012029513620887349,0.018863254954108292,False,0.02324817167204677,0.025727799311186267,False,0.012148221325105336,0.015449025829399369,False,0.017531564291149927,0.020208378907856206,False,0.01212900582600862,0.015348507296015064,False,0.01744593199137734,0.020001739741910943,False
2021-07-13,-0.0026990683513178,0.0026990683513178,0.012029513620887349,0.018863254954108292,False,0.02324817167204677,0.025727799311186267,False,0.012151525385461248,0.015447096035072149,False,0.01752633236133826,0.020198902540453853,False,0.012137848777844575,0.01534678776465438,False,0.017442175474813824,0.01999247909830573,False
2021-07-14,0.0049309301359683,-0.0049309301359683,0.012029513620887349,0.018863254954108292,False,0.02324817167204677,0.025727799311186267,False,0.012178231428249999,0.015474406611368138,False,0.017554024348977643,0.020227084779523265,False,0.012157442336961487,0.015373948838973146,False,0.017465480547634596,0.020021524209570433,False
2021-07-15,-0.0008896745440692,0.0008896745440692,0.012029513620887349,0.018863254954108292,False,0.02324817167204677,0.025727799311186267,False,0.01214388272501954,0.015439890051277971,False,0.017519401884897718,0.020192326190539546,False,0.012118164076805313,0.015339183005452686,False,0.017452523053466874,0.01998634844162273,False
2021-07-16,-0.006995057956615,0.006995057956615,0.012029513620887349,0.018863254954108292,False,0.02324817167204677,0.025727799311186267,False,0.012156865188197231,0.015452963770882469,False,0.017532533179865573,0.02020553149065882,False,0.012129505067232498,0.015352107126737145,False,0.01746584867130222,0.019999300026832246,False
2021-07-19,-0.0033926927168312,0.0033926927168312,0.012029513620887349,0.018863254954108292,False,0.02324817167204677,0.025727799311186267,False,0.012207829458164671,0.015498040236580659,False,0.01757389492122004,0.020242118468616146,False,0.012187494760048597,0.015397150251717345,False,0.017509454545632387,0.020038187274774515,False
2021-07-20,0.0065137734963692,-0.0065137734963692,0.012029513620887349,0.018863254954108292,False,0.02324817167204677,0.025727799311186267,False,0.012229108897578451,0.01552110231829275,False,0.01759808170484797,0.02026775090070774,False,0.012210807848653568,0.015420417469478465,False,0.017535476999456838,0.020059408372052463,False
2021-07-21,0.0020774726025573,-0.0020774726025573,0.012029513620887349,0.018863254954108292,False,0.02324817167204677,0.025727799311186267,False,0.012229418860360585,0.015521976681567864,False,0.017599312158807317,0.020269439059898437,False,0.01221588972449231,0.015421593694305484,False,0.017538412171437614,0.020058933072119815,False
2021-07-22,0.004674005119929,-0.004674005119929,0.012029513620887349,0.018863254954108292,False,0.02324817167204677,0.025727799311186267,False,0.012161711982828746,0.015446946865307672,False,0.01751966216539486,0.0201838504689714,False,0.0121598704646592,0.015347486323270942,False,0.017461892800117867,0.019970594616602545,False
2021-07-23,0.0052266586556903,-0.0052266586556903,0.012029513620887349,0.018863254954108292,False,0.02324817167204677,0.025727799311186267,False,0.012126298922702446,0.015411021474630509,False,0.017483413535920634,0.020147186360814525,False,0.012120231200901832,0.015311632548993304,False,0.017418086629391715,0.019932743582212486,False
2021-07-26,0.0002302380497112,-0.0002302380497112,0.012029513620887349,0.018863254954108292,False,0.02324817167204677,0.025727799311186267,False,0.012119450381501317,0.015397990494795124,False,0.017466481941484625,0.020125241066814806,False,0.012103237888501945,0.015298550366044147,False,0.01739965853078117,0.019911084603403434,False
2021-07-27,-0.002193344868677,0.002193344868677,0.012029513620887349,0.018863254954108292,False,0.02324817167204677,0.025727799311186267,False,0.012100003147787173,0.015376970004440306,False,0.017444468854488554,0.02010195213437981,False,0.012095350496450146,0.015277958323359531,False,0.017379566443494768,0.019886532038604042,False
2021-07-28,0.0015664867038311,-0.0015664867038311,0.012029513620887349,0.018863254954108292,False,0.02324817167204677,0.025727799311186267,False,0.012121140094904458,0.015392522188371692,False,0.01745649750828682,0.02010945177844502,False,0.012107627722610904,0.015293346809258895,False,0.017381186550635582,0.01989489830070148,False
2021-07-29,0.0026597510876947,-0.0026597510876947,0.012029513620887349,0.018863254954108292,False,0.02324817167204677,0.025727799311186267,False,0.01211531782206731,0.015386721686227484,False,0.01745071074167446,0.020103682666955527,False,0.012099451741367546,0.015287528599649396,False,0.01738132021089555,0.019889144261116355,False
2021-07-30,-0.0034877013998635,0.0034877013998635,0.012029513620887349,0.018863254954108292,False,0.02324817167204677,0.025727799311186267,False,0.012113890004475708,0.015378633752492394,False,0.017438420817785,0.020085991666989413,False,0.012098522346165643,0.015279488946517945,False,0.017356486724209984,0.019873117771388626,False
2021-08-02,0.0007796552854481,-0.0007796552854481,0.012029513620887349,0.018863254954108292,False,0.02324817167204677,0.025727799311186267,False,0.012147658400678048,0.015412030233341405,False,0.017471582650375742,0.02011885189175919,False,0.012134254784730056,0.015312983368230157,False,0.01738655391300384,0.019906014158767967,False
2021-08-03,0.0047696234051723,-0.0047696234051723,0.012029513620887349,0.018863254954108292,False,0.02324817167204677,0.025727799311186267,False,0.012154784394119662,0.015414065145661524,False,0.017470405505685634,0.020113546092874895,False,0.012157049899720962,0.015315799905854344,False,0.017407571864226794,0.019898473124553936,False
2021-08-04,-0.0011597134307248,0.0011597134307248,0.012029513620887349,0.018863254954108292,False,0.02324817167204677,0.025727799311186267,False,0.012151969017943414,0.015412589194600541,False,0.017469774622642324,0.020114001427667828,False,0.012149897125943419,0.015314264605777766,False,0.017409977566618367,0.01989859580341013,False
2021-08-05,0.002506700443894,-0.002506700443894,0.012029513620887349,0.018863254954108292,False,0.02324817167204677,0.025727799311186267,False,0.0121642687124075,0.01541759469045984,False,0.017470178074023568,0.020108489588574568,False,0.012161862860092116,0.015319522994469746,False,0.017409463128630242,0.01989337869789172,False
2021-08-06,-0.0075235252314557,0.0075235252314557,0.012029513620887349,0.018863254954108292,False,0.02324817167204677,0.025727799311186267,False,0.01210978334844635,0.015358231511541602,False,0.017407737391653005,0.0200420932019635,False,0.012100701477561652,0.015259956181437075,False,0.017358407055580102,0.019829539799269814,False
2021-08-09,-0.0032411097928567,0.0032411097928567,0.012029513620887349,0.018863254954108292,False,0.02324817167204677,0.025727799311186267,False,0.012161573970821984,0.015416840984630174,False,0.017470649003464466,0.020110534616958935,False,0.012149131653729916,0.015317813196303778,False,0.017388017321280234,0.019897804845893714,False
2021-08-10,-0.0016611273821522,0.0016611273821522,0.011828075365592435,0.018353788765664028,False,0.02324817167204677,0.025727799311186267,False,0.011950814205388306,0.015168013152196598,False,0.017197803325203112,0.019806817326021794,False,0.011925424321448996,0.015070499491798702,False,0.017135525887542295,0.019592566587844636,False
2021-08-11,0.002509680777579,-0.002509680777579,0.011828075365592435,0.018353788765664028,False,0.02324817167204677,0.025727799311186267,False,0.011965050428509422,0.015174681512285145,False,0.017199696980876995,0.019802573760798022,False,0.011947687170575665,0.01507785919540061,False,0.01715256190006422,0.019586981376830393,False
2021-08-12,0.0018086081828331,-0.0018086081828331,0.011828075365592435,0.018353788765664028,False,0.02324817167204677,0.025727799311186267,False,0.011961327677945926,0.015171290945615973,False,0.017196515995155558,0.019799662162343416,False,0.011940335784994096,0.01507407102292786,False,0.01712715188023508,0.01958286917489946,False
2021-08-13,0.0069136252889036,-0.0069136252889036,0.011828075365592435,0.018353788765664028,False,0.02324817167204677,0.025727799311186267,False,0.011945343890935775,0.015154821570217213,False,0.0171797402530833,0.019782492628365386,False,0.011925020118397049,0.01505763620892165,False,0.01711116165727192,0.019565771293307985,False
2021-08-16,0.002283286076619,-0.002283286076619,0.011828075365592435,0.018353788765664028,False,0.02324817167204677,0.025727799311186267,False,0.011943520397561691,0.01515150206404271,False,0.01717547688483151,0.01977701605620354,False,0.011915358364788003,0.015053604594225433,False,0.017075429892552754,0.019560005437747257,False
2021-08-17,-0.005128969466022,0.005128969466022,0.011828075365592435,0.018353788765664028,False,0.02324817167204677,0.025727799311186267,False,0.011947270033565138,0.015152374613550072,False,0.01717453422738612,0.01977374020175232,False,0.011916952383219593,0.015054401849802489,False,0.017077243904387498,0.019558163390302714,False
2021-08-18,-0.0059957544968821,0.0059957544968821,0.011828075365592435,0.018353788765664028,False,0.02324817167204677,0.025727799311186267,False,0.011901794175275775,0.015099617470073065,False,0.017117183186744184,0.019710484342877935,False,0.011865844228141107,0.015002344125782453,False,0.017060440895974145,0.019491750025469684,False
2021-08-19,0.0028604686280145,-0.0028604686280145,0.011828075365592435,0.018353788765664028,False,0.02324817167204677,0.025727799311186267,False,0.011954579365552869,0.015152039194114151,False,0.017169375593231003,0.01976238199342512,False,0.011933290443381494,0.015054726009451003,False,0.017121459951633455,0.019545204668429995,False
2021-08-20,0.0059863962524743,-0.0059863962524743,0.011828075365592435,0.018353788765664028,False,0.02324817167204677,0.025727799311186267,False,0.011955141098586985,0.015152451095710687,False,0.017169692963409176,0.019762577856564132,False,0.011931257291632635,0.01505511558867229,False,0.017128330088340894,0.019544787894368892,False
2021-08-23,0.0089515784642779,-0.0089515784642779,0.011828075365592435,0.018353788765664028,False,0.02324817167204677,0.025727799311186267,False,0.011955068276063588,0.015153930375486487,False,0.017172151493161897,0.019766295076468213,False,0.011932119102751408,0.015056517112439402,False,0.017132501867492007,0.019548655167338128,False
2021-08-24,-0.0002279831525055,0.0002279831525055,0.011828075365592435,0.018353788765664028,False,0.02324817167204677,0.025727799311186267,False,0.011956219351816403,0.015162420800871289,False,0.01718527244964085,0.019785367939019298,False,0.011939514204600677,0.015064998840339044,False,0.01714340501828894,0.019567274764421355,False
2021-08-25,-0.0015753560272319,0.0015753560272319,0.011828075365592435,0.018353788765664028,False,0.02324817167204677,0.025727799311186267,False,0.011958231546481431,0.015154194011479183,False,0.017170585696297383,0.01976237779716897,False,0.011933910326082233,0.015056816038889899,False,0.01713140069058705,0.01954508441420764,False
2021-08-26,-0.0032247131575203,0.0032247131575203,0.011828075365592435,0.018353788765664028,False,0.02324817167204677,0.025727799311186267,False,0.011932579274517944,0.015125546521222942,False,0.017140048467558334,0.019729411571469985,False,0.011911741583281753,0.015028458936714836,False,0.017091571725419502,0.01951358966657819,False
2021-08-27,0.0096216938999065,-0.0096216938999065,0.011828075365592435,0.018353788765664028,False,0.02324817167204677,0.025727799311186267,False,0.01196308369560991,0.015154108203793665,False,0.017167384440552387,0.019755172064648937,False,0.011942466982782233,0.015057221168647876,False,0.01712336749481812,0.019537735414859644,False
2021-08-30,0.0043459495886089,-0.0043459495886089,0.011828075365592435,0.018353788765664028,False,0.02324817167204677,0.025727799311186267,False,0.011967483333927472,0.015167120865761516,False,0.017185831218051874,0.019780603644662817,False,0.011939481817137452,0.015069453836608673,False,0.01712975073578512,0.019565025740711908,False
2021-08-31,-0.0018565772673647,0.0018565772673647,0.011828075365592435,0.018353788765664028,False,0.02324817167204677,0.025727799311186267,False,0.01195587429052673,0.015146302394995693,False,0.01715920234964708,0.019746506315235793,False,0.01192835559705851,0.015048830537243511,False,0.017102171382848128,0.01953236392810715,False
2021-09-01,0.0009708405043534,-0.0009708405043534,0.011828075365592435,0.018353788765664028,False,0.02324817167204677,0.025727799311186267,False,0.011973845048945586,0.01515873425529933,False,0.017168139616936903,0.019750951767449627,False,0.011942106055721,0.015061228510297798,False,0.017115654907427776,0.019535806974323697,False
2021-09-02,0.0015880188616521,-0.0015880188616521,0.01180354373867739,0.01717832359585209,False,0.020965389157534105,0.024033496593705666,False,0.011524455894025804,0.014623694418031538,False,0.01657906118391681,0.01909241420767975,False,0.011493078817314076,0.014528347080703465,False,0.01645103938428119,0.018881744979681068,False
2021-09-03,0.0004569253886197,-0.0004569253886197,0.01180354373867739,0.01717832359585209,False,0.020965389157534105,0.024033496593705666,False,0.011427636112743368,0.014514034652173081,False,0.016461300434891055,0.018964240767339907,False,0.011397538813311821,0.014419097298581339,False,0.016337478966719585,0.018754475491787926,False
2021-09-07,-0.0057010622371831,0.0057010622371831,0.011760047323872069,0.016393271468701228,False,0.019235124045280817,0.023326227202353167,False,0.011103695727338124,0.014130625357306628,False,0.01604037110784147,0.01849508463804309,False,0.011090480680848195,0.014038117299276487,False,0.015971538298866998,0.018289322685205427,False
2021-09-08,-0.0003721014273326,0.0003721014273326,0.011760047323872069,0.016393271468701228,False,0.019235124045280817,0.023326227202353167,False,0.011101843038134747,0.014106086084232994,False,0.0160015184504356,0.018437834108473626,False,0.011091797273648285,0.014013301177648046,False,0.015904683868517847,0.01823632140759382,False
2021-09-09,0.0005116252016023,-0.0005116252016023,0.011760047323872069,0.016393271468701228,False,0.019235124045280817,0.023326227202353167,False,0.01099039303049657,0.013977525847159396,False,0.015862163053926695,0.0182846030303882,False,0.010990465747004423,0.013885213375136882,False,0.015747899523985642,0.018084457796356816,False
2021-09-10,-0.0075732662968357,0.0075732662968357,0.011760047323872069,0.016393271468701228,False,0.019235124045280817,0.023326227202353167,False,0.010982285115930133,0.013969009056847467,False,0.01585338829636316,0.01827549669166906,False,0.010985496017664336,0.01387665272119751,False,0.01574958267789204,0.0180749413152341,False
2021-09-13,0.0025664072725149,-0.0025664072725149,0.011760047323872069,0.016393271468701228,False,0.019235124045280817,0.023326227202353167,False,0.0110409342227841,0.014023893287732698,False,0.01590589719753758,0.018324952435647985,False,0.011048317506586651,0.013931505516642883,False,0.01580866396276875,0.01812459423919938,False
2021-09-14,0.0005210049943199,-0.0005210049943199,0.011760047323872069,0.016393271468701228,False,0.019235124045280817,0.023326227202353167,False,0.011043675173218572,0.014025143166297974,False,0.015906206331350238,0.018324052372439486,False,0.01104854986799027,0.013932754669909895,False,0.01581054267786901,0.018123817394969842,False
2021-09-15,0.0036186151216764,-0.0036186151216764,0.011760047323872069,0.016393271468701228,False,0.019235124045280817,0.023326227202353167,False,0.010999340730587526,0.013975914449086796,False,0.01585388972600687,0.01826776671478865,False,0.010994451968003709,0.013883553757545233,False,0.015775221008981006,0.018067127262312178,False
2021-09-16,-0.004774897428857,0.004774897428857,0.011760047323872069,0.016393271468701228,False,0.019235124045280817,0.023326227202353167,False,0.010925600520856636,0.01389487755228049,False,0.015768249214700478,0.018176208894961986,False,0.010923533497178062,0.013802646681908054,False,0.015700369197233378,0.017975991855358163,False
2021-09-17,-0.0080554616328582,0.0080554616328582,0.011760047323872069,0.016393271468701228,False,0.019235124045280817,0.023326227202353167,False,0.010888515998139711,0.013851873453114283,False,0.01572151034553597,0.01812466949648908,False,0.010876913823204161,0.013759324918204,False,0.015654071208044826,0.017926937989673816,False
2021-09-20,-0.0082834699608387,0.0082834699608387,0.011760047323872069,0.016393271468701228,False,0.019235124045280817,0.023326227202353167,False,0.01091318923934895,0.01388057429331009,False,0.015752752272241776,0.018159177637786954,False,0.010907971851549673,0.01378829116047881,False,0.015686796188858237,0.017959202708968912,False
2021-09-21,0.0007579822751284,-0.0007579822751284,0.011760047323872069,0.016393271468701228,False,0.019235124045280817,0.023326227202353167,False,0.010992045613985264,0.013963085890949016,False,0.015837570017512084,0.01824695961627616,False,0.010979973698186382,0.013870472247557391,False,0.01578033288191186,0.018046414865166675,False
2021-09-22,0.0068698339626105,-0.0068698339626105,0.011358147823479717,0.015764708827419913,False,0.017887588115191862,0.022885313635357268,False,0.010710121414271419,0.013630516410892827,False,0.015473047495680212,0.017841365886951926,False,0.010698321960227472,0.013539439957087222,False,0.015449581111560858,0.017641890911941894,False
2021-09-23,0.0009153949354635,-0.0009153949354635,0.011358147823479717,0.015764708827419913,False,0.017887588115191862,0.022885313635357268,False,0.010710701489404935,0.013634613014200712,False,0.01547936274149341,0.01785053289026999,False,0.010696108026296627,0.013543394184132976,False,0.015458373556646766,0.01765144955382223,False
2021-09-24,-0.0012539345765711,0.0012539345765711,0.011358147823479717,0.015764708827419913,False,0.017887588115191862,0.022885313635357268,False,0.010696418679301883,0.013605589022865232,False,0.015441038266942935,0.01780025393330799,False,0.010661517890963276,0.013514631899517866,False,0.015385672342507574,0.01759809673056504,False
2021-09-27,-0.0035626219671693,0.0035626219671693,0.011358147823479717,0.015764708827419913,False,0.017887588115191862,0.022885313635357268,False,0.010685331906905186,0.013577429381979773,False,0.015402107038332728,0.01774747732128886,False,0.010653800273301636,0.013486943401388927,False,0.015363041076050344,0.017545270826425118,False
2021-09-28,-0.0197079122801685,0.0197079122801685,0.011358147823479717,0.015764708827419913,True,0.017887588115191862,0.022885313635357268,True,0.010697997034697985,0.013591531178164864,True,0.015417115255113106,0.017763650616142435,True,0.010659200844158088,0.013501008805338744,True,0.01537809016038496,0.017561105808811612,True
2021-09-29,-6.526471671554064e-05,6.526471671554064e-05,0.011760047323872069,0.01637978264496305,False,0.019145693143896705,0.023267775632821064,False,0.010979743800410368,0.013922867955998048,False,0.015779739286531258,0.018166490076591574,False,0.010958929600251853,0.013830622233863981,False,0.01575232859797548,0.01796149197774526,False
2021-09-30,-0.0031388435814018,0.0031388435814018,0.011760047323872069,0.01637978264496305,False,0.019145693143896705,0.023267775632821064,False,0.010985796359118418,0.013922055059385723,False,0.015774594847489352,0.01815577803997519,False,0.010966634770506927,0.013829806803669215,False,0.01574278680980803,0.01795180451249379,False
2021-10-01,0.0083252518124289,-0.0083252518124289,0.011406242495244084,0.01637978264496305,False,0.019145693143896705,0.023267775632821064,False,0.010886726548346255,0.01380652918214104,False,0.01564868653429199,0.01801652454404743,False,0.010862380113983851,0.013715261349781651,False,0.015601194850710279,0.017814574338767975,False
2021-10-04,-0.0102131153969576,0.0102131153969576,0.011406242495244084,0.01637978264496305,False,0.019145693143896705,0.023267775632821064,False,0.010883277329596161,0.013801265889420645,False,0.015642278708833984,0.018008645580352315,False,0.010865192879247811,0.013709962525958724,False,0.01559900626230831,0.017807327648397927,False
2021-10-05,0.0049067137788569,-0.0049067137788569,0.011406242495244084,0.01637978264496305,False,0.019145693143896705,0.023267775632821064,False,0.01087424843643203,0.01379057474211696,False,0.015630538814724988,0.017995557667549192,False,0.0108531775105143,0.013699249424379702,False,0.015581253585674878,0.01779436294073106,False
2021-10-06,0.0047938463687995,-0.0047938463687995,0.011406242495244084,0.01637978264496305,False,0.019145693143896705,0.023267775632821064,False,0.01086266375168594,0.013771114034042107,False,0.015606108978219036,0.01796474070501366,False,0.01082838795753485,0.013679767880301246,False,0.015562014560583419,0.017764146101373217,False
2021-10-07,0.002869703262365,-0.002869703262365,0.011406242495244084,0.01637978264496305,False,0.019145693143896705,0.023267775632821064,False,0.01086130282529795,0.013767684737828727,False,0.015601374709321306,0.017958329074559326,False,0.010829288883496985,0.013676628696539319,False,0.015566190330335645,0.01775737915162003,False
2021-10-08,-0.0033119410423667,0.0033119410423667,0.011406242495244084,0.01637978264496305,False,0.019145693143896705,0.023267775632821064,False,0.010849607923734201,0.013745693341204256,False,0.015572887063992225,0.017921491401701035,False,0.010821603507726277,0.013654673498437506,False,0.015533289928735526,0.017719789493223975,False
2021-10-11,-0.0056038995615713,0.0056038995615713,0.011406242495244084,0.01637978264496305,False,0.019145693143896705,0.023267775632821064,False,0.010835623111633996,0.013710199227630561,False,0.015523822335271328,0.017854983527678902,False,0.01080350473685416,0.01361989324817112,False,0.015485181131148867,0.017653888216814507,False
2021-10-12,0.0022405443200588,-0.0022405443200588,0.011406242495244084,0.01637978264496305,False,0.019145693143896705,0.023267775632821064,False,0.010853830017164515,0.013730940374061274,False,0.015546162381042828,0.017879378736994647,False,0.010832918816973194,0.013640594570449686,False,0.015499422242898768,0.01767656468178761,False
2021-10-13,0.0080553578294442,-0.0080553578294442,0.011406242495244084,0.01637978264496305,False,0.019145693143896705,0.023267775632821064,False,0.01082331194179571,0.013698685671062224,False,0.015512812007631,0.017844620031093463,False,0.0108057040248008,0.013607871143150459,False,0.01547334780223426,0.01764066905147335,False
2021-10-14,0.0124425321859656,-0.0124425321859656,0.011406242495244084,0.01637978264496305,False,0.019145693143896705,0.023267775632821064,False,0.01080750537095704,0.013689051434702266,False,0.015507072010973512,0.01784388553995147,False,0.010783835474243147,0.013597948900340832,False,0.015468039098427333,0.017638820761116423,False
2021-10-15,0.0010723417760608,-0.0010723417760608,0.011406242495244084,0.01637978264496305,False,0.019145693143896705,0.023267775632821064,False,0.010809305711274373,0.01370668405621173,False,0.015534693510793389,0.017884346358687617,False,0.01078462199984667,0.013614964307679948,False,0.015486296444850101,0.01767932734526431,False
2021-10-18,0.0042638686051774,-0.0042638686051774,0.011406242495244084,0.01637978264496305,False,0.019145693143896705,0.023267775632821064,False,0.010698979347753478,0.013580438356766143,False,0.01539840400860045,0.017735146939825565,False,0.010677060483761288,0.013489147898265084,False,0.01535230797728526,0.017530719906956337,False
2021-10-19,0.0027008280055179,-0.0027008280055179,0.011406242495244084,0.01637978264496305,False,0.019145693143896705,0.023267775632821064,False,0.010691970163434717,0.013575006085697951,False,0.015393966641196166,0.017731988383218135,False,0.010671551984254563,0.0134837038664563,False,0.0153489243756058,0.0175271485308132,False
2021-10-20,0.0012095140306264,-0.0012095140306264,0.011406242495244084,0.01637978264496305,False,0.019145693143896705,0.023267775632821064,False,0.010680446771450035,0.013563819738104126,False,0.015382992941127016,0.017721288012075537,False,0.010654620833234296,0.013472386870678768,False,0.015331840582873957,0.017515736520862905,False
2021-10-21,0.0021968145350217,-0.0021968145350217,0.011406242495244084,0.01637978264496305,False,0.019145693143896705,0.023267775632821064,False,0.010668298655972103,0.01355120082444193,False,0.015370076992204123,0.01770799026548498,False,0.010646450835758567,0.01345968278364245,False,0.015321554551008965,0.01750454179762776,False
2021-10-22,0.0006052079090129,-0.0006052079090129,0.011406242495244084,0.01637978264496305,False,0.019145693143896705,0.023267775632821064,False,0.010669878573156053,0.01355245326435691,False,0.015371122820668135,0.017708770523558782,False,0.010649006077588037,0.013460994846137464,False,0.015323915021107833,0.017505281273522973,False
2021-10-25,0.0054362789701459,-0.0054362789701459,0.011406242495244084,0.01637978264496305,False,0.019145693143896705,0.023267775632821064,False,0.010581547372245965,0.013451804500488686,False,0.015262702679070032,0.01759036135276321,False,0.010536761952432132,0.013360006068490235,False,0.015189542379097296,0.01738877081563833,False
2021-10-26,0.0016912401129148,-0.0016912401129148,0.011406242495244084,0.01637978264496305,False,0.019145693143896705,0.023267775632821064,False,0.010578508109336684,0.013451170251611435,False,0.015263585797918209,0.01759319483756185,False,0.01054400084516733,0.013359016442958772,False,0.015203901299128303,0.017393291924513478,False
2021-10-27,0.0028405501323184,-0.0028405501323184,0.010605047763411512,0.015246922981875593,False,0.017887588115191862,0.0209036526221674,False,0.010128610567524787,0.01291476663793722,False,0.01467260390746514,0.016932060135182583,False,0.010099029416047109,0.012825633839394966,False,0.014632127662126283,0.016733046007322692,False
2021-10-28,0.0059234579715859,-0.0059234579715859,0.010605047763411512,0.015246922981875593,False,0.017887588115191862,0.0209036526221674,False,0.01013014703164031,0.012913611181542713,False,0.014669750068754803,0.016927023261348872,False,0.010112132557658063,0.012824971421234283,False,0.014652185453725501,0.016724552513485938,False
2021-10-29,0.0013765725651851,-0.0013765725651851,0.009591940279055952,0.015124901280883014,False,0.017887588115191862,0.0209036526221674,False,0.009992263327224464,0.01275870873466481,False,0.014504110183261025,0.01674758188639362,False,0.009972942084864777,0.012670391278658395,False,0.014485152205082643,0.01654608718167342,False
2021-11-01,0.0008857875476401,-0.0008857875476401,0.009591940279055952,0.015124901280883014,False,0.017887588115191862,0.0209036526221674,False,0.009993606970846818,0.012753669329833591,False,0.014495043595392916,0.01673333891277548,False,0.009981190592521892,0.012666282782243425,False,0.014482230516609827,0.01653178102528031,False
2021-11-02,0.0032279147275252,-0.0032279147275252,0.009591940279055952,0.015124901280883014,False,0.017887588115191862,0.0209036526221674,False,0.009981946852211451,0.012728690259079444,False,0.014461661352011766,0.016689155555403973,False,0.009967436722460114,0.012641691793436433,False,0.014448743448240353,0.016488388022843723,False
2021-11-03,0.001781848654105,-0.001781848654105,0.009591940279055952,0.015124901280883014,False,0.017887588115191862,0.0209036526221674,False,0.00978677573459381,0.012462470257040429,False,0.014150615297936193,0.01632049182294957,False,0.00976476147814188,0.012377199604242831,False,0.014126690280792036,0.016126253174195,False
2021-11-04,0.0088930663885076,-0.0088930663885076,0.009591940279055952,0.015124901280883014,False,0.017887588115191862,0.0209036526221674,False,0.009695344664175709,0.012331215960391032,False,0.01399423579311716,0.0161318173446107,False,0.009670632631221232,0.012247312581495045,False,0.013972990562508439,0.015937400846785247,False
2021-11-05,0.0065769054469713,-0.0065769054469713,0.009591940279055952,0.015124901280883014,False,0.017887588115191862,0.0209036526221674,False,0.009682283469396787,0.012326015790379995,False,0.013993995288668442,0.016137951802985013,False,0.009657554494955478,0.012242210462217074,False,0.013981575319482943,0.015941523371448513,False
2021-11-08,0.0001665619994859,-0.0001665619994859,0.00858556091771321,0.014963901784457168,False,0.017887588115191862,0.0209036526221674,False,0.009558519357253862,0.012188596092287693,False,0.013847960029454504,0.01598084243380139,False,0.00952592324057062,0.012100343741131638,False,0.013780275416651687,0.015803210631697682,False
2021-11-09,0.0002998556660908,-0.0002998556660908,0.00858556091771321,0.014963901784457168,False,0.017887588115191862,0.0209036526221674,False,0.009512794137303049,0.01213723834566996,False,0.01379304861784224,0.015921363278267486,False,0.009476334087847838,0.012048994820778298,False,0.013735200160380337,0.015745248490288515,False
2021-11-10,-0.0089199632773273,0.0089199632773273,0.00858556091771321,0.014963901784457168,True,0.017887588115191862,0.0209036526221674,False,0.009513938796691757,0.012130202384449645,False,0.013780851352146874,0.01590253187086774,False,0.009478367911179795,0.012041917162768815,False,0.013721993811587774,0.015726573979207223,False
2021-11-11,0.0013659653484354,-0.0013659653484354,0.008880706613259308,0.014970612325323492,False,0.017887588115191862,0.0209036526221674,False,0.009594855267888386,0.012223363793601793,False,0.013881738318574815,0.016013348970648728,False,0.009552844070734699,0.012134775913495162,False,0.013807723284022449,0.015840729684904856,False
2021-11-12,0.0050551596670563,-0.0050551596670563,0.008880706613259308,0.014970612325323492,False,0.017887588115191862,0.0209036526221674,False,0.00959196038853801,0.01221249556942381,False,0.013865839564036522,0.015990984166409275,False,0.009555761052213596,0.012124276932412215,False,0.013796071512514673,0.01581885509909896,False
2021-11-15,-0.0026635603452064,0.0026635603452064,0.008880706613259308,0.014970612325323492,False,0.017887588115191862,0.0209036526221674,False,0.009590134749641769,0.012208784146705244,False,0.013860938365511659,0.015984553675951804,False,0.009549691735827202,0.012120578107005136,False,0.013787833843866339,0.015812801977702535,False
2021-11-16,0.0017696579656891,-0.0017696579656891,0.008880706613259308,0.014970612325323492,False,0.017887588115191862,0.0209036526221674,False,0.009593604814930268,0.012212653574557098,False,0.01386505975857299,0.015988998935375278,False,0.009547799249919544,0.012124340897366212,False,0.013789905331865011,0.015816760467110884,False
2021-11-17,0.0021159902134423,-0.0021159902134423,0.008880706613259308,0.014970612325323492,False,0.017887588115191862,0.0209036526221674,False,0.009528251047277742,0.012139548359526355,False,0.013787064012376778,0.015904717089043282,False,0.00948635905118272,0.012051450872314002,False,0.013715724162394754,0.015733079491029235,False
2021-11-18,0.0042195521570352,-0.0042195521570352,0.008880706613259308,0.014970612325323492,False,0.017887588115191862,0.0209036526221674,False,0.009531319414578876,0.012141087539879322,False,0.013787638400470576,0.015904051370378498,False,0.009491146404119438,0.012053023232336606,False,0.01372045393210181,0.015731827030358348,False
2021-11-19,0.0016431737235839,-0.0016431737235839,0.008880706613259308,0.014970612325323492,False,0.017887588115191862,0.0209036526221674,False,0.0095072222566863,0.01211741358666234,False,0.013764231454891578,0.015880987626119062,False,0.009466232803547438,0.012029408511050334,False,0.013691452423516349,0.015709197938130585,False
2021-11-22,-0.0097370115557034,0.0097370115557034,0.008880706613259308,0.014970612325323492,True,0.017887588115191862,0.0209036526221674,False,0.009492544699456422,0.012102164838174407,True,0.013748622331300428,0.015864915290269656,False,0.009450905623393761,0.012014029663686853,True,0.013688905875195423,0.015692690837111185,False
2021-11-23,-0.0047987249068262,0.0047987249068262,0.00936933983043414,0.015033462192890883,False,0.017887588115191862,0.0209036526221674,False,0.00959942241876922,0.012220539499640647,False,0.013874250625690372,0.01599986712465226,False,0.009551342155700708,0.012132104312877869,False,0.013808971699857984,0.015826340967006924,False
2021-11-24,0.0049405832743017,-0.0049405832743017,0.00936933983043414,0.015033462192890883,False,0.017887588115191862,0.0209036526221674,False,0.009635387936929472,0.012260528403758826,False,0.013916777958241063,0.016045657255204723,False,0.009590453052857034,0.012172034395756804,False,0.013855351086326939,0.015870215673581753,False
2021-11-26,-0.0088494204448377,0.0088494204448377,0.00936933983043414,0.015033462192890883,False,0.017887588115191862,0.0209036526221674,False,0.009635252721131107,0.012261480342948569,False,0.013918415803570863,0.016048176737832036,False,0.009592807538486675,0.012172704505167381,False,0.013854410190136073,0.015871375370823775,False
2021-11-29,0.0085177127411817,-0.0085177127411817,0.00936933983043414,0.015033462192890883,False,0.017887588115191862,0.0209036526221674,False,0.009702952019631155,0.012339937903985177,False,0.014003660950932207,0.01614214638686283,False,0.009673115217100596,0.012250912673397611,False,0.013940125151970531,0.015961258975303042,False
2021-11-30,-0.0094224057953412,0.0094224057953412,0.00936933983043414,0.015033462192890883,True,0.017887588115191862,0.0209036526221674,False,0.009705737568187689,0.012344171686212846,False,0.014008808450502976,0.016148468343464985,False,0.009651868580290069,0.01225445603947728,False,0.013961234159856539,0.01596417548566285,False
2021-12-01,-0.0068641699758018,0.0068641699758018,0.009595438963540405,0.015033462192890883,False,0.017887588115191862,0.0209036526221674,False,0.009799279834574756,0.012451187688361306,False,0.01412432528113433,0.01627491181115734,False,0.009746288723797333,0.012361081533616272,False,0.014070068050713529,0.016088617670848814,False
2021-12-02,0.007347316596464,-0.007347316596464,0.009595438963540405,0.015033462192890883,False,0.017887588115191862,0.0209036526221674,False,0.009864963346089212,0.01252349478348083,False,0.014200811317355707,0.01635676929709225,False,0.009810441143903973,0.012433091303843787,False,0.014153444328953232,0.016170870551603204,False
2021-12-03,-0.0041795361197315,0.0041795361197315,0.009595438963540405,0.015033462192890883,False,0.017887588115191862,0.0209036526221674,False,0.009863397368758475,0.012527871756958242,False,0.014208937808145687,0.01636971527281959,False,0.009798200095749185,0.012437390944955549,False,0.014155536657734455,0.01618511926551409,False
2021-12-06,0.0036244160878646,-0.0036244160878646,0.009595438963540405,0.015033462192890883,False,0.017887588115191862,0.0209036526221674,False,0.009902121574853855,0.01256747644126633,False,0.014249098002403034,0.016410589498140095,False,0.009830719822662398,0.012476259785401867,False,0.014189088169720494,0.016226743941246166,False
2021-12-07,0.0147188804089169,-0.0147188804089169,0.009595438963540405,0.015033462192890883,False,0.017887588115191862,0.0209036526221674,False,0.009901991819265007,0.01256745552720085,False,0.01424914575846278,0.016410725520130242,False,0.009829592020172011,0.012476314996637254,False,0.01419791038911388,0.016225741720500907,False
2021-12-08,-0.0011983318152072,0.0011983318152072,0.009196306662234937,0.014798821452899413,False,0.017887588115191862,0.0209036526221674,False,0.009806687961120794,0.012475571713895245,False,0.014159419714545833,0.01632377298976185,False,0.009731403068768263,0.012383689277831579,False,0.014081488200012631,0.016139041005302758,False
2021-12-09,-0.0061771827109756,0.0061771827109756,0.009196306662234937,0.014798821452899413,False,0.017887588115191862,0.0209036526221674,False,0.009821327226367221,0.012490315430013652,False,0.014174229330646495,0.016338667311157982,False,0.00975394009976632,0.012398098769279034,False,0.014094161310435633,0.016153463449425903,False
2021-12-10,0.0066335073484691,-0.0066335073484691,0.009196306662234937,0.014798821452899413,False,0.017887588115191862,0.0209036526221674,False,0.009869867414775997,0.01254494628199217,False,0.014232702894644182,0.01640208014897444,False,0.009794258259340795,0.012452528560940757,False,0.014156066983313563,0.016216737442457514,False
2021-12-13,-0.0038210772539474,0.0038210772539474,0.009196306662234937,0.014798821452899413,False,0.017887588115191862,0.0209036526221674,False,0.009854066759129637,0.012533251790049988,False,0.014223599057141868,0.016396306238769434,False,0.00978017911814582,0.012440889660131677,False,0.014153984128353624,0.016211225987370494,False
2021-12-14,-0.0072174075506951,0.0072174075506951,0.009196306662234937,0.014798821452899413,False,0.017887588115191862,0.0209036526221674,False,0.009877425422280598,0.012548998650592537,False,0.01423454349098067,0.016401077818549423,False,0.009805402879949554,0.01245660173348193,False,0.014151168961466924,0.01621483905024163,False
2021-12-15,0.0106688176657926,-0.0106688176657926,0.009196306662234937,0.014798821452899413,False,0.017887588115191862,0.0209036526221674,False,0.009945720911624064,0.012624974525315772,False,0.01431536506254346,0.01648812786193469,False,0.009868711640264632,0.012532233988354392,False,0.014239171089073877,0.016301304346646388,False
2021-12-16,-0.0080636428279145,0.0080636428279145,0.009196306662234937,0.014798821452899413,False,0.017887588115191862,0.0209036526221674,False,0.00996517769687618,0.012655215853058658,False,0.014352410557119062,0.016533919170125193,False,0.009888213596784882,0.012561842615312556,False,0.0143063182545016,0.016345751228202893,False
2021-12-17,-0.0035592756470792,0.0035592756470792,0.009196306662234937,0.014798821452899413,False,0.017887588115191862,0.0209036526221674,False,0.010015703161621028,0.012713641646942506,False,0.014415820814418135,0.016603736264450983,False,0.009941451028352427,0.012619698851277578,False,0.014393121835308068,0.0164155911259408,False
2021-12-20,-0.0088114124518127,0.0088114124518127,0.009196306662234937,0.014798821452899413,False,0.017887588115191862,0.0209036526221674,False,0.010030033457462534,0.012729601872916165,False,0.014432809393384453,0.016622046648691224,False,0.009959612142465855,0.012635773192196909,False,0.014393805317364295,0.01643331791214031,False
2021-12-21,0.0118742287825591,-0.0118742287825591,0.009196306662234937,0.014798821452899413,False,0.017887588115191862,0.0209036526221674,False,0.010109407907389529,0.012820336866612082,False,0.014530711963746728,0.016729162145652097,False,0.010028801945493207,0.012725782300697163,False,0.014488802954981637,0.016539058770731252,False
2021-12-22,0.0093794597743783,-0.0093794597743783,0.009196306662234937,0.014798821452899413,False,0.017887588115191862,0.0209036526221674,False,0.0101196515321412,0.01284655393470737,False,0.01456700697195825,0.016778410949390043,False,0.01004214359042153,0.012751269847114147,False,0.014499782197233512,0.01658708187558135,False
2021-12-23,0.0029762938155199,-0.0029762938155199,0.009196306662234937,0.014798821452899413,False,0.017887588115191862,0.0209036526221674,False,0.010131134630832516,0.01286637121477191,False,0.014592082440817175,0.016810245091320668,False,0.010053617854840187,0.012770721049534294,False,0.014528538831664153,0.016618343573652657,False
2021-12-27,0.0106326875486156,-0.0106326875486156,0.009196306662234937,0.014798821452899413,False,0.017887588115191862,0.0209036526221674,False,0.010132037484288321,0.012864938278524588,False,0.014589175811750729,0.0168054442343438,False,0.010053659125966084,0.012769336388475334,False,0.014522332012290832,0.016613469785333835,False
2021-12-28,-0.0029247947086526,0.0029247947086526,0.009196306662234937,0.014798821452899413,False,0.017887588115191862,0.0209036526221674,False,0.010138351359945121,0.012883911698579815,False,0.014616136371936084,0.01684267115639411,False,0.010062572377212135,0.012787699970811094,False,0.014556387331213097,0.016649791391217295,False
2021-12-29,-0.0017550309600543,0.0017550309600543,0.009196306662234937,0.014798821452899413,False,0.017887588115191862,0.0209036526221674,False,0.010164012545885859,0.01291092517689584,False,0.014644003036461533,0.016871634473566363,False,0.010085820872923793,0.012814737903103633,False,0.014586258752219845,0.016678332308807987,False
2021-12-30,0.0009008895907282,-0.0009008895907282,0.009196306662234937,0.014798821452899413,False,0.017887588115191862,0.0209036526221674,False,0.010183792611381784,0.012930393628171812,False,0.014663274884576838,0.016890653615561798,False,0.010103976957195351,0.012834256633224178,False,0.01460321308894815,0.016697095312288836,False
2021-12-31,-0.0011522915262528,0.0011522915262528,0.009196306662234937,0.014798821452899413,False,0.017887588115191862,0.0209036526221674,False,0.010135334471258672,0.01287651339332606,False,0.014605973750132685,0.016828955388715518,False,0.010058724298158584,0.012779908140175805,False,0.014546500851845529,0.016631354878376428,False
2022-01-03,-0.0028348663136736,0.0028348663136736,0.009196306662234937,0.014798821452899413,False,0.017887588115191862,0.0209036526221674,False,0.0101517374857293,0.012892076637937929,False,0.014621007168446871,0.016843307788741685,False,0.010074864345431091,0.012795450467815144,False,0.01455968807509338,0.016645909391981625,False
2022-01-04,-0.0031032280729235,0.0031032280729235,0.009196306662234937,0.014798821452899413,False,0.017887588115191862,0.0209036526221674,False,0.010104334867909908,0.012837487761300226,False,0.014561884348533899,0.01677835721301365,False,0.010050000781444211,0.012738656126897518,False,0.014476368980855778,0.016582255800301243,False
2022-01-05,-0.0168979292041667,0.0168979292041667,0.009196306662234937,0.014798821452899413,True,0.017887588115191862,0.0209036526221674,False,0.01012002882167993,0.01284397767214943,True,0.014562567258889351,0.016771576028906318,True,0.010059215085114011,0.012745673425884872,True,0.014488778603759446,0.016576061775144618,True
2022-01-06,-0.0018702412992887,0.0018702412992887,0.009595438963540405,0.015373861715116758,False,0.017887588115191862,0.0209036526221674,False,0.010339612118398308,0.013102461061986146,False,0.014845593435182894,0.017086148556313636,False,0.01028104137422227,0.013002669497836473,False,0.014781670680123397,0.016882697347419165,False
2022-01-07,-0.0050446269962681,0.0050446269962681,0.009595438963540405,0.015373861715116758,False,0.017887588115191862,0.0209036526221674,False,0.010294300833795794,0.013050783910868268,False,0.014789899941429948,0.01702529261064506,False,0.01023305481709633,0.012951198491097472,False,0.014717351870958024,0.01682339082463149,False
2022-01-10,0.0006150267966669,-0.0006150267966669,0.009595438963540405,0.015373861715116758,False,0.017887588115191862,0.0209036526221674,False,0.010332108367723147,0.013092562695128077,False,0.014834184260794255,0.017072797448195978,False,0.010269347922621685,0.012992955877279005,False,0.014767225078118272,0.016870631401934483,False
2022-01-11,0.0105406634608538,-0.0105406634608538,0.009595438963540405,0.015373861715116758,False,0.017887588115191862,0.0209036526221674,False,0.010339744409175327,0.013098321018633702,False,0.014838757897403416,0.017075848333960957,False,0.010275915987789774,0.012998723495241645,False,0.014770001345006384,0.016873641999568333,False
2022-01-12,0.0017029116298361,-0.0017029116298361,0.009595438963540405,0.015373861715116758,False,0.017887588115191862,0.0209036526221674,False,0.01031497801399612,0.013082738822092835,False,0.014828970181232354,0.017073508619368256,False,0.010252551109438008,0.01298293335464698,False,0.014765241406240253,0.016870696350675844,False
2022-01-13,-0.010498762201459,0.010498762201459,0.009595438963540405,0.015373861715116758,True,0.017887588115191862,0.0209036526221674,False,0.010263438500518885,0.013025897895027214,True,0.0147687844945225,0.017009023707616706,False,0.010194579094256116,0.012926229131434245,True,0.014703755486066313,0.016805606792518354,False
2022-01-14,-0.0017345771692859,0.0017345771692859,0.009998868668393203,0.01543245791863642,False,0.017887588115191862,0.0209036526221674,False,0.010368409900570294,0.013138022606136288,False,0.014885422361556768,0.017131462611208004,False,0.010306899356298624,0.013037844434988167,False,0.014816029424823145,0.016927679778274272,False
2022-01-18,-0.0163700014587194,0.0163700014587194,0.009998868668393203,0.01543245791863642,True,0.017887588115191862,0.0209036526221674,False,0.01034279037810399,0.013089915995033815,True,0.014823128231345935,0.01705093239113781,True,0.010290979246511277,0.012989799775972578,True,0.014748947002159373,0.016846481959619408,True
2022-01-19,-0.0031324295282877,0.0031324295282877,0.010370221139433365,0.015906064538771945,False,0.017887588115191862,0.0209036526221674,False,0.010552633977207394,0.013335552758720488,False,0.015091347562953692,0.017348178484557737,False,0.010499029489220308,0.01323454061015913,False,0.015033483296933593,0.01714177488383666,False
2022-01-20,-0.0068158050960431,0.0068158050960431,0.010370221139433365,0.015906064538771945,False,0.017887588115191862,0.0209036526221674,False,0.010556001525271124,0.013339305425885075,False,0.015095343208864475,0.017352486445977363,False,0.010502945338484488,0.013238158059347927,False,0.015035694207221572,0.017146478336312172,False
2022-01-21,-0.012892346532157,0.012892346532157,0.010370221139433365,0.015906064538771945,True,0.017887588115191862,0.0209036526221674,False,0.01061698756323684,0.013402628873763454,True,0.015160141371782067,0.01741918015072765,False,0.010564396963209792,0.01330148349187645,True,0.015101061337803607,0.017213597710507438,False
2022-01-24,0.002023984460591,-0.002023984460591,0.011218257849896423,0.016090186410364096,False,0.017887588115191862,0.0209036526221674,False,0.010749869777259457,0.013557190726914694,False,0.015328381309249874,0.017605001370221984,False,0.0106957907833671,0.013455436569512352,False,0.01525368404095093,0.017398260023356538,False
2022-01-25,-0.0105221901187781,0.0105221901187781,0.010370221139433365,0.015575692496751753,True,0.01774585371680799,0.0209036526221674,False,0.010522377847996901,0.013291428316186914,False,0.015038473345673584,0.017284057644291025,False,0.010471041620264205,0.013190678547167784,True,0.014962053060821757,0.017079379421228447,False
2022-01-26,-0.0062384892967249,0.0062384892967249,0.010511647555984504,0.015577494644237837,False,0.01774585371680799,0.0209036526221674,False,0.010632579896428653,0.013414917167470975,False,0.015170345086019275,0.017426704426914463,False,0.010579203960291458,0.01331378312294596,False,0.015105428846242872,0.017221612628050206,False
2022-01-27,-0.0027550134861392,0.0027550134861392,0.010370221139433365,0.015267297960956272,False,0.01774585371680799,0.0209036526221674,False,0.010510844847500318,0.013270683358199498,False,0.01501191639374417,0.01725003017951304,False,0.010465160834785237,0.013170064601327849,False,0.014932455413814431,0.017044933566122362,False
2022-01-28,0.0173988542226991,-0.0173988542226991,0.010370221139433365,0.015267297960956272,False,0.01774585371680799,0.0209036526221674,False,0.010483123935508251,0.013218341016083272,False,0.014944039937096119,0.01716218677118554,False,0.010442174921273395,0.013118692612195034,False,0.014865487319071237,0.016960225456170902,False
2022-01-31,0.0150537619416726,-0.0150537619416726,0.010370221139433365,0.015267297960956272,False,0.01774585371680799,0.0209036526221674,False,0.01056657917981718,0.01333395036491217,False,0.015079935903711338,0.01732415837386287,False,0.01052253732328089,0.01323319615777261,False,0.014991799037731393,0.01712063349774511,False
2022-02-01,0.003864588137441,-0.003864588137441,0.010370221139433365,0.015267297960956272,False,0.01774585371680799,0.0209036526221674,False,0.010598200133447285,0.013391623115995118,False,0.01515404521446412,0.017419394604468834,False,0.010555643436216434,0.013290003815791792,False,0.01507158447583244,0.017215162005292408,False
2022-02-02,0.0071384504937089,-0.0071384504937089,0.010370221139433365,0.015267297960956272,False,0.01774585371680799,0.0209036526221674,False,0.010598120086346282,0.013391650484170941,False,0.015154140352919909,0.017419576852228637,False,0.01055179560173209,0.013289950530575266,False,0.015077548541910606,0.017212180920898868,False
2022-02-03,-0.0213124364147587,0.0213124364147587,0.010370221139433365,0.015267297960956272,True,0.01774585371680799,0.0209036526221674,True,0.010599202435358758,0.013397997347494675,True,0.015163808695453144,0.017433514496030672,True,0.010550319944947362,0.013296063124759856,True,0.015085149648704638,0.01722471276613629,True
2022-02-04,0.0023175263392581,-0.0023175263392581,0.010511647555984504,0.016099119054287018,False,0.019145693143896705,0.021820955997827934,False,0.010920518884148998,0.013772219354840845,False,0.015571409795802182,0.01788401979511771,False,0.010857964207531478,0.013668942362835395,False,0.015515291737203736,0.017673531416606075,False
2022-02-07,-0.0020550474610817,0.0020550474610817,0.010511647555984504,0.016099119054287018,False,0.019145693143896705,0.021820955997827934,False,0.010914476879747085,0.013766673362806141,False,0.0155661767471214,0.01787918899175406,False,0.010857063011545192,0.013663135631150925,False,0.015508842038566468,0.01766812111620211,False
2022-02-08,0.0052213104873668,-0.0052213104873668,0.010511647555984504,0.016099119054287018,False,0.019145693143896705,0.021820955997827934,False,0.010929606200474413,0.01378240359221251,False,0.015582286100900167,0.017895785657378545,False,0.010867587446022455,0.013678890644058896,False,0.015519706511842252,0.017685405418916694,False
2022-02-09,0.012038426311013,-0.012038426311013,0.010511647555984504,0.016099119054287018,False,0.019145693143896705,0.021820955997827934,False,0.0109186428721807,0.013774343580026476,False,0.015576057844412778,0.017891911869016685,False,0.01085044375798072,0.013670853367357245,False,0.015507215007128948,0.017681676464708068,False
2022-02-10,-0.0165923677189405,0.0165923677189405,0.010511647555984504,0.016099119054287018,True,0.019145693143896705,0.021820955997827934,False,0.010938103852413845,0.013810540660289724,True,0.015622814038966816,0.01795224034182257,True,0.010867087292113171,0.01370675959818411,True,0.015545894096612672,0.01774266348226121,True
2022-02-11,-0.0099940618783563,0.0099940618783563,0.011228800412690018,0.016566055792761047,False,0.019145693143896705,0.021820955997827934,False,0.011096142555131569,0.013998188678288,False,0.015829143120268795,0.018182581341379796,False,0.01103628280372884,0.013893493765997533,False,0.01573662180175442,0.017973128317028717,False
2022-02-14,-0.002683795834421,0.002683795834421,0.011228800412690018,0.016566055792761047,False,0.019145693143896705,0.021820955997827934,False,0.011178721867551838,0.014093156375238364,False,0.015931926877585444,0.01829541156123138,False,0.011124933800568334,0.013986980503169946,False,0.015821757730588838,0.018083823013144828,False
2022-02-15,0.0089712964774982,-0.0089712964774982,0.011228800412690018,0.016566055792761047,False,0.019145693143896705,0.021820955997827934,False,0.011171967346814507,0.014085631009709772,False,0.015923915171855926,0.018286774732565386,False,0.011118959719267804,0.013979410362556422,False,0.0158081773447735,0.018075641625033154,False
2022-02-16,0.0031132426306347,-0.0031132426306347,0.011228800412690018,0.016566055792761047,False,0.019145693143896705,0.021820955997827934,False,0.011147966824639902,0.014068544418296882,False,0.015911190706922932,0.018279657176765537,False,0.011096111073132207,0.013961636590126012,False,0.01581146564313452,0.018067661919558605,False
2022-02-17,-0.0124427153290532,0.0124427153290532,0.011228800412690018,0.016566055792761047,True,0.019145693143896705,0.021820955997827934,False,0.011063632167777783,0.013974924388380551,True,0.015811712363831155,0.018172648783869007,False,0.011010814699818636,0.01386809387771493,True,0.015704057050135455,0.017959143877494647,False
2022-02-18,-0.0034459682367135,0.0034459682367135,0.011828075365592435,0.016614961886710605,False,0.019145693143896705,0.021820955997827934,False,0.011185152838061757,0.014115871968481977,False,0.015964916739763767,0.01834160757242713,False,0.011140741818603256,0.014008036935225761,False,0.015856319366482553,0.018128470541689236,False
2022-02-22,-0.0059692530809295,0.0059692530809295,0.011828075365592435,0.016614961886710605,False,0.019145693143896705,0.021820955997827934,False,0.011215393323677231,0.014145161411811363,False,0.015993606152968083,0.01836952573005142,False,0.011165170741285363,0.014037128415664459,False,0.015878876927704892,0.018156323920472,False
2022-02-23,-0.0155795570215063,0.0155795570215063,0.011228800412690018,0.01564299394895309,True,0.01774585371680799,0.019860291660901433,False,0.010867423050430262,0.01372756447037659,True,0.015532080461958468,0.01785153571863894,True,0.0108145692969094,0.013622793603636494,True,0.0154382973193905,0.01764382521204288,True
2022-02-24,0.0135848294932994,-0.0135848294932994,0.011828075365592435,0.01593319555770674,False,0.01774585371680799,0.019860291660901433,False,0.011058258999458682,0.013949047089447823,False,0.01577289863059216,0.018117207056921807,False,0.011010288979648257,0.013841809202422574,False,0.015633626925621064,0.017902204172875347,False
2022-02-25,0.0123490271179749,-0.0123490271179749,0.011828075365592435,0.01593319555770674,False,0.01774585371680799,0.019860291660901433,False,0.011051667170313742,0.013940038129937183,False,0.015762364658937628,0.018104712893476163,False,0.01100125219452058,0.013832998074060254,False,0.01562387833127118,0.017890507276114943,False
2022-02-28,0.0056598887476009,-0.0056598887476009,0.011828075365592435,0.01593319555770674,False,0.01774585371680799,0.019860291660901433,False,0.011024545219504144,0.013924976219659194,False,0.015754911650739323,0.01810704007454114,False,0.010976111382646302,0.013817641686697288,False,0.015608976315767555,0.017892437827627616,False
2022-03-01,-0.0048831321709067,0.0048831321709067,0.011228800412690018,0.01558173538368532,False,0.01774585371680799,0.019860291660901433,False,0.010814225189468816,0.013683618352974831,False,0.015493971440263604,0.01782092947463309,False,0.010758685492246296,0.01357708964474194,False,0.015373481464619188,0.017604857431731204,False
2022-03-02,0.0031559885009236,-0.0031559885009236,0.010511647555984504,0.015482908769152183,False,0.01774585371680799,0.019860291660901433,False,0.010727498208271503,0.013581894921799495,False,0.015382786472111954,0.017697583011776843,False,0.010671263824182603,0.013476238918517385,False,0.015263525845211009,0.0174821258174161,False
2022-03-03,-0.0026326143527576,0.0026326143527576,0.010511647555984504,0.015482908769152183,False,0.01774585371680799,0.019860291660901433,False,0.010704848269610625,0.01354490266999267,False,0.015336745390325032,0.017639910912940437,False,0.010662647600033489,0.013439074445399523,False,0.015242228946897361,0.017416949021729987,False
2022-03-04,-0.0010306707280788,0.0010306707280788,0.010370221139433365,0.015353569271926206,False,0.01774585371680799,0.019860291660901433,False,0.01059310648208225,0.013414475823392022,False,0.015194529795215503,0.017482542515181245,False,0.010541321954772951,0.013307864994430204,False,0.015087734212894962,0.01726015030697207,False
2022-03-07,-0.0203084243493811,0.0203084243493811,0.010370221139433365,0.015353569271926206,True,0.01774585371680799,0.019860291660901433,True,0.01046523844393307,0.013231195296269036,True,0.014976288506436033,0.01721936401178025,True,0.010453066522276927,0.013124061220282939,True,0.014855262201996719,0.016996509884415853,True
2022-03-08,-0.0021029591844827,0.0021029591844827,0.010511647555984504,0.016108158667920213,False,0.019145693143896705,0.020442924348102767,False,0.010766452093714466,0.013585303608527841,False,0.015363769037160736,0.017649739904978277,False,0.010734285762735695,0.013476815560579317,False,0.015193899474671695,0.01743000116561363,False
2022-03-09,0.0133075849874533,-0.0133075849874533,0.010511647555984504,0.016108158667920213,False,0.019145693143896705,0.020442924348102767,False,0.010779835527584023,0.01359157588491764,False,0.01536555475309538,0.017645758769147316,False,0.01074663030482581,0.013484967490509306,False,0.015241260952263786,0.01743538256454615,False
2022-03-10,-0.0069878874378612,0.0069878874378612,0.010511647555984504,0.016108158667920213,False,0.019145693143896705,0.020442924348102767,False,0.01076789303029715,0.0135959769345192,False,0.015380267247968026,0.0176737251980663,False,0.010738401896291497,0.01348867264415789,False,0.015272072879310584,0.017468133624998855,False
2022-03-11,-0.0106553089232059,0.0106553089232059,0.010511647555984504,0.016108158667920213,True,0.019145693143896705,0.020442924348102767,False,0.010828623622048162,0.013658031541129587,False,0.015443157199981329,0.01773768887084183,False,0.010796197867334814,0.013550791952637519,False,0.015328181576909954,0.017531901852381328,False
2022-03-14,-0.0146554431470138,0.0146554431470138,0.010595405461213387,0.01611839857595312,True,0.019145693143896705,0.020442924348102767,False,0.010930307734488418,0.01377451409330601,True,0.015568976360819177,0.01787550894834672,False,0.010893224253883598,0.013666887215935229,True,0.015457434584442483,0.017670123511154347,False
2022-03-15,0.0134829658430567,-0.0134829658430567,0.011309843132566064,0.016426101208553732,False,0.019145693143896705,0.020442924348102767,False,0.011102396724537264,0.013973428043112053,False,0.01578481467265775,0.01811310118238129,False,0.011068170226434745,0.01386476029094151,False,0.015644651144992378,0.01790078303778523,False
2022-03-16,0.0210419965359904,-0.0210419965359904,0.010595405461213387,0.015986179983760833,False,0.019145693143896705,0.020442924348102767,False,0.010933933590519428,0.013792508261540088,False,0.015596035762318178,0.01791422045104485,False,0.010902548056186862,0.013684067675368467,False,0.015486084077868884,0.017705555263428416,False
2022-03-17,0.0072734914354558,-0.0072734914354558,0.010595405461213387,0.015986179983760833,False,0.019145693143896705,0.020442924348102767,False,0.011061231131389335,0.013971485999059582,False,0.015807619489405848,0.01816771465953361,False,0.011021754712835648,0.013861061199205264,False,0.015674860801467003,0.017956532241503332,False
2022-03-18,0.0106222236608713,-0.0106222236608713,0.010595405461213387,0.015986179983760833,False,0.019145693143896705,0.020442924348102767,False,0.011051283140294535,0.013956338901618728,False,0.01578919217984752,0.018145071091834938,False,0.011005223710935671,0.013845790799160372,False,0.01565540393802887,0.017934764313222183,False
2022-03-21,-0.0042970582608475,0.0042970582608475,0.010595405461213387,0.015986179983760833,False,0.019145693143896705,0.020442924348102767,False,0.01103674587939147,0.013952488204562914,False,0.015792083833090522,0.018156629102104378,False,0.010996781956457896,0.013841627527422268,False,0.0156577363040489,0.01794627148577463,False
2022-03-22,0.0059436795640384,-0.0059436795640384,0.010595405461213387,0.015986179983760833,False,0.019145693143896705,0.020442924348102767,False,0.011033654712426646,0.013948974670191714,False,0.015788303819329937,0.018152506566014602,False,0.010996823673249313,0.013838501539402227,False,0.015661082357431886,0.017942693744501702,False
2022-03-23,-0.0023123584933203,0.0023123584933203,0.010595405461213387,0.015986179983760833,False,0.019145693143896705,0.020442924348102767,False,0.011022642845873613,0.013941514821449117,False,0.01578308500415884,0.018150168288961228,False,0.010976437002489221,0.01383005826223696,False,0.015656164697842354,0.017938903730051706,False
2022-03-24,0.0111089298324204,-0.0111089298324204,0.010595405461213387,0.015986179983760833,False,0.019145693143896705,0.020442924348102767,False,0.011032611647224935,0.013941583310671116,False,0.01577690720379724,0.01813596174888383,False,0.010993865343875997,0.013830280542723677,False,0.015666687365386355,0.017921412029326067,False
2022-03-25,-0.0016439785276685,0.0016439785276685,0.010595405461213387,0.015986179983760833,False,0.019145693143896705,0.020442924348102767,False,0.011018606717152681,0.013939124989201754,False,0.01578173385073089,0.018150152213226658,False,0.010974592546977158,0.013827553912629742,False,0.015644621799233895,0.01793680640255652,False
2022-03-28,0.0056927661439952,-0.0056927661439952,0.010595405461213387,0.015986179983760833,False,0.019145693143896705,0.020442924348102767,False,0.011003167467771805,0.013921990225157789,False,0.015763529355203663,0.01813057272610962,False,0.010976913430413933,0.013810337169800728,False,0.015625207170614882,0.017913138898913276,False
2022-03-29,0.0108281152561134,-0.0108281152561134,0.010595405461213387,0.015986179983760833,False,0.019145693143896705,0.020442924348102767,False,0.011001926353606448,0.01391950543440994,False,0.015760259905954033,0.018126294707085523,False,0.010966801006836006,0.013807617772376303,False,0.015616706879868844,0.01790965056540115,False
2022-03-30,-0.0024650819511174,0.0024650819511174,0.010595405461213387,0.015986179983760833,False,0.019145693143896705,0.020442924348102767,False,0.010980529094709472,0.013889657917951938,False,0.015725080966093145,0.01808426296121178,False,0.010942251777168937,0.013778250696742841,False,0.015583013919957518,0.017870645781048747,False
2022-03-31,-0.0087114934570818,0.0087114934570818,0.010595405461213387,0.015986179983760833,False,0.019145693143896705,0.020442924348102767,False,0.010992020562345448,0.013891600934057,False,0.015720999687957996,0.018072438287613006,False,0.010950248396943028,0.013780427021416419,False,0.015578516096487482,0.0178585467088873,False
2022-04-01,0.0004643881732392,-0.0004643881732392,0.010595405461213387,0.015986179983760833,False,0.019145693143896705,0.020442924348102767,False,0.01107346940961054,0.01398270108922758,False,0.01581818903135321,0.018177454438696512,False,0.011033079271950316,0.013871206422168502,False,0.01567201601680116,0.017963561881896593,False
2022-04-04,0.0079109105300574,-0.0079109105300574,0.010595405461213387,0.015986179983760833,False,0.019145693143896705,0.020442924348102767,False,0.011068016767414,0.013977095618708671,False,0.01581248713862603,0.01817162860858175,False,0.011027942572532739,0.013865794067488614,False,0.015676882525628176,0.017958798434580644,False
2022-04-05,-0.0160617763641868,0.0160617763641868,0.010595405461213387,0.015986179983760833,True,0.019145693143896705,0.020442924348102767,False,0.01106844686161405,0.013977777065403095,True,0.015813327168246617,0.0181726724745792,True,0.011026914321167272,0.013866447924406415,True,0.015674346665862475,0.017960788508354867,True
2022-04-06,-0.0106949242721338,0.0106949242721338,0.011309843132566064,0.016402062094605516,False,0.019145693143896705,0.020442924348102767,False,0.011267665852760188,0.014208675473733837,False,0.016064212705365795,0.018449248696153688,False,0.011229397769865404,0.01409582591578109,False,0.015914271138844686,0.018231749893897423,False
2022-04-07,0.0016711908288671,-0.0016711908288671,0.01132767003958362,0.016402062094605516,False,0.019145693143896705,0.020442924348102767,False,0.011361222264015055,0.014316327576520573,False,0.016180758040006134,0.018577225048013013,False,0.011333483858161868,0.014203071643133839,False,0.016028914648899044,0.018358689382382228,False
2022-04-08,-0.005790580801106,0.005790580801106,0.01132767003958362,0.016402062094605516,False,0.019145693143896705,0.020442924348102767,False,0.011362958160584824,0.014313429483870273,False,0.01617493627805958,0.018567645314316903,False,0.0113215100804941,0.014200162571677695,False,0.01601604442301575,0.01834974891166996,False
2022-04-11,-0.0151723291129959,0.0151723291129959,0.01132767003958362,0.016402062094605516,True,0.019145693143896705,0.020442924348102767,False,0.011364256547071998,0.014314920115529288,True,0.016176548200744444,0.018569413139808283,False,0.011321228781615494,0.014201744234556642,True,0.016021857589081343,0.018351582562422624,False
2022-04-12,-0.0016627692082425,0.0016627692082425,0.01217391043589842,0.016657981940063463,False,0.019145693143896705,0.020442924348102767,False,0.0115034398058483,0.014459962808682471,False,0.01632528771915283,0.01872290441481578,False,0.01145132270993513,0.014346856886409149,False,0.01616698898625827,0.018507421524827407,False
2022-04-13,0.0107881536630963,-0.0107881536630963,0.01217391043589842,0.016657981940063463,False,0.019145693143896705,0.020442924348102767,False,0.011515183710281979,0.014472000981610259,False,0.016337511551502815,0.018735366886626314,False,0.011461672978840124,0.01435887386992116,False,0.016178809062657434,0.018519901152005205,False
2022-04-14,-0.0152020972454684,0.0152020972454684,0.01217391043589842,0.016657981940063463,True,0.019145693143896705,0.020442924348102767,False,0.01149015663488225,0.01445690571679574,True,0.016328682449228856,0.018734592068000554,False,0.011441199308449987,0.014343484794426,True,0.01617879658123612,0.01851876169556389,False
2022-04-18,-0.0001727387035432,0.0001727387035432,0.012690012490760282,0.016870242087480017,False,0.019145693143896705,0.020442924348102767,False,0.011641600883259575,0.014634723844135387,False,0.016523140343405084,0.018950438076684548,False,0.011598108455517567,0.01452024631337425,False,0.016362057577729485,0.018731027788019237,False
2022-04-19,0.0082796197714992,-0.0082796197714992,0.012690012490760282,0.016870242087480017,False,0.019145693143896705,0.020442924348102767,False,0.011646295059826867,0.014632495564791195,False,0.016516544558906717,0.018938228469512573,False,0.011603063155286844,0.014518464224032879,False,0.016356318535161257,0.018719424929196534,False
2022-04-20,0.0008167305781419,-0.0008167305781419,0.012690012490760282,0.016870242087480017,False,0.019145693143896705,0.020442924348102767,False,0.01159470112237182,0.01458308402341254,False,0.016468509931477967,0.018891963674168427,False,0.011554595502746585,0.014468809901928122,False,0.016306659096270618,0.018672618791262446,False
2022-04-21,-0.013167507706933,0.013167507706933,0.012690012490760282,0.016870242087480017,True,0.019145693143896705,0.020442924348102767,False,0.011599153006516047,0.01458295317553189,True,0.01646548775341121,0.018885225091797003,False,0.011565356785801815,0.014467705957692322,True,0.016290663972773754,0.018661960592928486,False
2022-04-22,-0.0202391496808495,0.0202391496808495,0.013043685178283795,0.016891408331693555,True,0.019145693143896705,0.020442924348102767,True,0.011740660609123524,0.014744413788731066,True,0.01663953708912663,0.019075455485896727,True,0.011703395656768064,0.01462818412248257,True,0.016476757872759148,0.018850503916374873,True
2022-04-25,0.004835000452041,-0.004835000452041,0.013985872198977414,0.017435380791225592,False,0.019978843354515805,0.0206200034816631,False,0.011991044627802972,0.015041183894575967,False,0.016965573033189605,0.019439108609642645,False,0.011941802534086351,0.014922132332494403,False,0.01674550135564278,0.01921132477984138,False
2022-04-26,-0.0187784930198678,0.0187784930198678,0.013985872198977414,0.017435380791225592,True,0.019978843354515805,0.0206200034816631,False,0.011980533013084476,0.015033309884135204,True,0.01695936313595158,0.019435037699331758,True,0.011926105763140682,0.014914519904998593,True,0.016746134364267348,0.01921025878663122,True
2022-04-27,-0.0028735343815551,0.0028735343815551,0.014939730428303946,0.017752538473752823,False,0.019978843354515805,0.0206200034816631,False,0.012220637421610569,0.01531305465277898,False,0.017264117739160024,0.019771938979278092,False,0.01214859077400543,0.015192247529603652,False,0.017064284874508173,0.019544443991372614,False
2022-04-28,0.0200903647655653,-0.0200903647655653,0.014939730428303946,0.017752538473752823,False,0.019978843354515805,0.0206200034816631,False,0.012210346126410618,0.015301608205506164,False,0.017251942485131833,0.019758826945156092,False,0.012145881869689372,0.015181052074522553,False,0.01705852592211131,0.01953058042635446,False
2022-04-29,-0.0286435194753222,0.0286435194753222,0.014939730428303946,0.017752538473752823,True,0.019978843354515805,0.0206200034816631,True,0.012314224339849125,0.015450666896578662,True,0.017429506373125462,0.01997303031384696,True,0.012256574830660652,0.015328423746591628,True,0.01725417729424524,0.019741905454584544,True
2022-05-02,0.0003339830529033,-0.0003339830529033,0.015188701585855774,0.01878878388623946,False,0.020274479761800614,0.02342146007982067,False,0.012738373600982003,0.015960278195808596,False,0.017993037248969272,0.020605867333830515,False,0.01264116361550091,0.01583355217196239,False,0.01782940028687199,0.020367434417842594,False
2022-05-03,0.0038462861104216,-0.0038462861104216,0.015188701585855774,0.01878878388623946,False,0.020274479761800614,0.02342146007982067,False,0.01273800952746238,0.015959921396304852,False,0.01799268503877635,0.020605521022560722,False,0.012650053668102667,0.01583166289523285,False,0.0178155967105831,0.02036396519200742,False
2022-05-04,0.0232096301453774,-0.0232096301453774,0.015188701585855774,0.01878878388623946,False,0.020274479761800614,0.02342146007982067,False,0.012733562166109302,0.015950214983478872,False,0.01797966059334638,0.020588231705995736,False,0.012640741543582024,0.01582206712976347,False,0.017801290575895183,0.02034550045970156,False
2022-05-05,-0.0328596934372352,0.0328596934372352,0.015188701585855774,0.01878878388623946,True,0.020274479761800614,0.02342146007982067,True,0.012879679006201005,0.016151647375756698,True,0.018215992588072855,0.02086942230365685,True,0.012812764663433162,0.016020581079083666,True,0.01805349970576071,0.020622526379057978,True
2022-05-06,-0.0080812468347986,0.0080812468347986,0.015409700122289238,0.020147060516375367,False,0.020820470502723665,0.027605216442438702,False,0.013353368146516416,0.016724318725389993,False,0.018851113639791018,0.02158481379379429,False,0.01327894726725294,0.016588718408631856,False,0.018710432915043734,0.02132762489276404,False
2022-05-09,-0.0230010922427181,0.0230010922427181,0.015409700122289238,0.020147060516375367,True,0.020820470502723665,0.027605216442438702,True,0.013381789690131261,0.016756850795258404,True,0.0188862391165122,0.02162327273565816,True,0.013306647732511,0.01662125545853931,True,0.018742311559344336,0.021365780307864114,True
2022-05-10,0.0045085062598596,-0.0045085062598596,0.015409700122289238,0.020488642512909293,False,0.02217365088701798,0.028168101718425168,False,0.013474429571343786,0.01686851261212104,False,0.019009902223532053,0.02176236183816488,False,0.013406870652327346,0.016732962621002916,False,0.018855082784195173,0.021507049979347888,False
2022-05-11,-0.0086895773223865,0.0086895773223865,0.015409700122289238,0.020488642512909293,False,0.02217365088701798,0.028168101718425168,False,0.013471115297325776,0.016861150339270815,False,0.018999985993532826,0.021749162850150633,False,0.013397272163139707,0.01672611006531601,False,0.018846852278422734,0.02149512294977167,False
2022-05-12,-0.0036816776136257,0.0036816776136257,0.015409700122289238,0.020488642512909293,False,0.02217365088701798,0.028168101718425168,False,0.013502349939732832,0.01687635000507637,False,0.019005068896754455,0.021741242056943225,False,0.013430248308649419,0.016740855633570285,False,0.018867881638832285,0.02148582056657008,False
2022-05-13,0.0146554221902414,-0.0146554221902414,0.015409700122289238,0.020488642512909293,False,0.02217365088701798,0.028168101718425168,False,0.013516716506459992,0.016891856385657628,False,0.019021294406925876,0.02175839190855353,False,0.013442623724863234,0.01675639794589838,False,0.018884117531545543,0.02150342271420729,False
2022-05-16,-0.0032969425821145,0.0032969425821145,0.015409700122289238,0.020488642512909293,False,0.02217365088701798,0.028168101718425168,False,0.013515676908167587,0.0169108850573701,False,0.019052984520444908,0.021806356551027903,False,0.013460211921466233,0.016774134149228778,False,0.018920806219484124,0.02154845427405134,False
2022-05-17,0.011344761742609,-0.011344761742609,0.015409700122289238,0.020488642512909293,False,0.02217365088701798,0.028168101718425168,False,0.013527910457319948,0.01692403715354945,False,0.01906671614489082,0.021820833078755656,False,0.013475432403388665,0.016787186698473556,False,0.018936818215698148,0.02156307778061173,False
2022-05-18,-0.0240539732366028,0.0240539732366028,0.015409700122289238,0.020488642512909293,True,0.02217365088701798,0.028168101718425168,True,0.013527235147900942,0.016923063253193017,True,0.019065553858002952,0.02181942864708622,True,0.013481947162250586,0.016785908013253914,True,0.01894090817411562,0.021561333106912252,True
2022-05-19,-0.0011058962337294,0.0011058962337294,0.015844777659980564,0.021140520683301335,False,0.02353806154959929,0.02851906204972007,False,0.013848371064206996,0.01730235576342227,False,0.01948153843633012,0.022282575794559466,False,0.01378399534152964,0.017163025107498897,False,0.0193597720712031,0.022019932112359565,False
2022-05-20,0.0017724440504409,-0.0017724440504409,0.015844777659980564,0.021140520683301335,False,0.02353806154959929,0.02851906204972007,False,0.013853651261905402,0.01729841615590191,False,0.019471781883591416,0.02226534236479255,False,0.013798382975978981,0.017159573367628404,False,0.01934934698181281,0.022004708913009683,False
2022-05-23,0.0090476047287068,-0.0090476047287068,0.015844777659980564,0.021140520683301335,False,0.02353806154959929,0.02851906204972007,False,0.013855434634233233,0.01729973840752397,False,0.01947281320565251,0.02226599973721692,False,0.013805057704672961,0.017160495541120483,False,0.019357108152666915,0.022004529901663846,False
2022-05-24,-0.0032942761528152,0.0032942761528152,0.015844777659980564,0.021140520683301335,False,0.02353806154959929,0.02851906204972007,False,0.013857591763873422,0.017310560890073042,False,0.019489102819227944,0.022289316590150286,False,0.013802067949528735,0.01717128437113552,False,0.019370020223382838,0.0220278492097034,False
2022-05-25,0.0069191050938322,-0.0069191050938322,0.015844777659980564,0.021140520683301335,False,0.02353806154959929,0.02851906204972007,False,0.013867966625729193,0.017321718343519348,False,0.01950075402414758,0.022301602444170083,False,0.0138224269449475,0.017181016008313222,False,0.019376895843032153,0.022036393856340916,False
2022-05-26,0.013736829633753,-0.013736829633753,0.015844777659980564,0.021140520683301335,False,0.02353806154959929,0.02851906204972007,False,0.013866273199664696,0.017324845121216764,False,0.019506921957331357,0.022311679361320832,False,0.013819441766198388,0.01718399536144056,False,0.019386976067958417,0.022046208573187318,False
2022-05-27,0.0185460615231113,-0.0185460615231113,0.015844777659980564,0.021140520683301335,False,0.02353806154959929,0.02851906204972007,False,0.01388153562578753,0.017359601803248578,False,0.01955397792508604,0.02237454435656899,False,0.013841818819349682,0.01721792868672774,False,0.01944240488945753,0.022107228775027535,False
2022-05-31,-0.0086240043673367,0.0086240043673367,0.015844777659980564,0.021140520683301335,False,0.02353806154959929,0.02851906204972007,False,0.013952333418031577,0.017464879682403893,False,0.01968100992723283,0.022529538269367964,False,0.013909379018611981,0.01732180475384561,False,0.01954924336722015,0.02225919777956701,False
2022-06-01,-0.0043577081391964,0.0043577081391964,0.015844777659980564,0.021140520683301335,False,0.02353806154959929,0.02851906204972007,False,0.013961130296208142,0.01747504694499732,False,0.019692041790638513,0.02254168145731068,False,0.013935550666137346,0.017330550301267615,False,0.019547251605581836,0.022264810710319827,False
2022-06-02,0.0164134952271404,-0.0164134952271404,0.015844777659980564,0.021140520683301335,False,0.02353806154959929,0.02851906204972007,False,0.013973817027709655,0.017474073134930088,False,0.019682449292857947,0.02252101083076006,False,0.013950926321762503,0.017330154308177324,False,0.019532451530370466,0.0222462531527469,False
2022-06-03,-0.0150222298441371,0.0150222298441371,0.015844777659980564,0.021140520683301335,False,0.02353806154959929,0.02851906204972007,False,0.01401736347143792,0.01754501207130131,True,0.019770670658230335,0.022631446363799542,False,0.013994961783354472,0.017400108500062003,True,0.019613900126633835,0.022355936061297033,False
2022-06-06,-0.0022987179395434,0.0022987179395434,0.015844777659980564,0.021140520683301335,False,0.02353806154959929,0.02851906204972007,False,0.014167479415995731,0.017716834484778034,False,0.01995618808343333,0.022834566828868613,False,0.014144837115629172,0.01757122051401423,False,0.019816901970352702,0.022558620167313387,False
2022-06-07,0.0091311977742495,-0.0091311977742495,0.015844777659980564,0.021140520683301335,False,0.02353806154959929,0.02851906204972007,False,0.014181638123974777,0.01773129823097613,False,0.01997084428387179,0.02284947040256482,False,0.014159655452079808,0.017585427647686128,False,0.019808388241348673,0.022571877277985285,False
2022-06-08,-0.0080588505009791,0.0080588505009791,0.015844777659980564,0.021140520683301335,False,0.02353806154959929,0.02851906204972007,False,0.014187727538846496,0.01774180286723662,False,0.01998413456476749,0.02286634124363428,False,0.014173074197266612,0.01759535200349525,False,0.01979203579287303,0.02258729652765624,False
2022-06-09,-0.0160207355580188,0.0160207355580188,0.015844777659980564,0.021140520683301335,True,0.02353806154959929,0.02851906204972007,False,0.014240976988284833,0.017801097976390887,True,0.02004724399217923,0.022934353448618636,False,0.01422743748680631,0.017654162425900406,True,0.019828028651822118,0.022654068529158123,False
2022-06-10,-0.019644470415948,0.019644470415948,0.016043308001411197,0.021140520683301335,True,0.02353806154959929,0.02851906204972007,False,0.014404039486823617,0.01798841073321399,True,0.020249856684372267,0.023156632087628554,False,0.014392258113982207,0.017840665931737148,True,0.020041037575815646,0.022876124060815236,False
2022-06-13,-0.0370490499476112,0.0370490499476112,0.016231300166179723,0.021416112533436813,True,0.02353806154959929,0.02851906204972007,True,0.01460978767048035,0.01822969046110579,True,0.020513553919080555,0.023449143920971464,True,0.014589803871666881,0.01808060534113715,True,0.020259174481687535,0.02316851184808187,True
2022-06-14,-0.0044747333535881,0.0044747333535881,0.016492302901841,0.02300680857104387,False,0.026394641818349652,0.03285075428672287,False,0.015226329791271523,0.01897115617207284,False,0.021333836227935422,0.024370734044851176,False,0.01515462820706406,0.01881474221956828,False,0.02105851582161752,0.02407240879219941,False
2022-06-15,0.0176345216189125,-0.0176345216189125,0.016492302901841,0.02300680857104387,False,0.026394641818349652,0.03285075428672287,False,0.015254397925690227,0.0190003595599331,False,0.021363755868137442,0.024401574328187948,False,0.01518379163255523,0.018842264571279778,False,0.021127174322555214,0.02409457696159689,False
2022-06-16,-0.0200506528675024,0.0200506528675024,0.016492302901841,0.02300680857104387,True,0.026394641818349652,0.03285075428672287,False,0.01528060430110481,0.019055643393454384,True,0.02143738520645865,0.0244987842708059,False,0.01520358501794607,0.0188959499767738,True,0.021205772229254717,0.024187518212889426,False
2022-06-17,0.0033132636206547,-0.0033132636206547,0.016760426535814905,0.02327283050554863,False,0.026394641818349652,0.03285075428672287,False,0.015509252693813971,0.019316141173309886,False,0.0217179773522874,0.02480520493963126,False,0.015443284625673095,0.019154414976791607,False,0.021453726227855296,0.024489874323076435,False
2022-06-21,0.0124258400397363,-0.0124258400397363,0.016760426535814905,0.02327283050554863,False,0.026394641818349652,0.03285075428672287,False,0.01551011345851736,0.019316189026989953,False,0.02171751232540461,0.02480408067585441,False,0.015441473474706814,0.019154628218591364,False,0.02145613839308309,0.024489157648635997,False
2022-06-22,0.0050081706082449,-0.0050081706082449,0.016760426535814905,0.02327283050554863,False,0.026394641818349652,0.03285075428672287,False,0.015516905893270407,0.019338323770916814,False,0.021749326815255526,0.024848337137775185,False,0.015449148928910604,0.01917646807408222,False,0.0214963601533565,0.024532371132234738,False
2022-06-23,0.0083675828103495,-0.0083675828103495,0.016760426535814905,0.02327283050554863,False,0.026394641818349652,0.03285075428672287,False,0.01551659969536256,0.019338818911886133,False,0.021750327535707183,0.024849987710593602,False,0.015440599310620423,0.019176349383670584,False,0.021491262931363265,0.02453076937620309,False
2022-06-24,0.0183652895757021,-0.0183652895757021,0.016760426535814905,0.02327283050554863,False,0.026394641818349652,0.03285075428672287,False,0.015509332632677493,0.01933868242768379,False,0.021754689865029087,0.02486013264130353,False,0.015441698261083355,0.01917582414613142,False,0.02149245961617643,0.0245406461606406,False
2022-06-27,-0.0052340312151315,0.0052340312151315,0.016760426535814905,0.02327283050554863,False,0.026394641818349652,0.03285075428672287,False,0.015571761847901667,0.019429644002099938,False,0.021863653031282758,0.024992234359396556,False,0.015513390472543765,0.019265244524143323,False,0.021588309270581207,0.024670500807821218,False
2022-06-28,-0.0151051975898831,0.0151051975898831,0.016760426535814905,0.02327283050554863,False,0.026394641818349652,0.03285075428672287,False,0.015600557307666652,0.01946055938204508,False,0.02189590590798218,0.025026206402837637,False,0.015546013145616867,0.019296026262744757,False,0.021617952694672562,0.02470351270656021,False
2022-06-29,0.0029101963049421,-0.0029101963049421,0.016760426535814905,0.02327283050554863,False,0.026394641818349652,0.03285075428672287,False,0.015742508430963673,0.019621636400469912,False,0.022069049806516774,0.02521486060365433,False,0.01568479328807986,0.019456408335628454,False,0.021789124668249244,0.024891316958747925,False
2022-06-30,-0.0055057587485727,0.0055057587485727,0.016760426535814905,0.02327283050554863,False,0.026394641818349652,0.03285075428672287,False,0.01574239620616004,0.019621566167217143,False,0.02206900606650819,0.025214850917039996,False,0.015689116309193278,0.01945640771761531,False,0.021795682717882993,0.024891030950145793,False
2022-07-01,0.0078094805282795,-0.0078094805282795,0.016760426535814905,0.02327283050554863,False,0.026394641818349652,0.03285075428672287,False,0.015779375471140944,0.019654096131976113,False,0.022098728885667357,0.02524096553951478,False,0.0157227208718853,0.019489181998807417,False,0.021823890294435495,0.02491821944883161,False
2022-07-05,0.0034252518642133,-0.0034252518642133,0.016760426535814905,0.02327283050554863,False,0.026394641818349652,0.03285075428672287,False,0.015781007749954192,0.019660582800688466,False,0.02210827827853077,0.025254451639874876,False,0.01571821468564869,0.019494757753694296,False,0.021814637799700734,0.02493040506783993,False
2022-07-06,-0.0027804795367186,0.0027804795367186,0.016760426535814905,0.02327283050554863,False,0.026394641818349652,0.03285075428672287,False,0.015781775016749947,0.019660672293702056,False,0.022107940151560233,0.025253563866669743,False,0.015704898474680234,0.019495586720138673,False,0.021812368162249317,0.024933349936501082,False
2022-07-07,0.0096638014806788,-0.0096638014806788,0.016760426535814905,0.02327283050554863,False,0.026394641818349652,0.03285075428672287,False,0.0157738545691779,0.01965206365756589,False,0.022098897324561856,0.02524396294748351,False,0.015722113298223452,0.01948630516534899,False,0.02181467967795198,0.024921523704190224,False
2022-07-08,-0.00216593144342,0.00216593144342,0.016760426535814905,0.02327283050554863,False,0.026394641818349652,0.03285075428672287,False,0.01578023579396981,0.019666312619509345,False,0.022118110187034322,0.025269556216241856,False,0.015720157897535458,0.019499896396135974,False,0.021818257323710146,0.024946233889509662,False
2022-07-11,-0.0072656327176134,0.0072656327176134,0.016760426535814905,0.02327283050554863,False,0.026394641818349652,0.03285075428672287,False,0.01579560926780685,0.019681395274604628,False,0.022133009359219812,0.0252842195465719,False,0.015739122361003575,0.019514846742506833,False,0.02183106873217889,0.024960623763967488,False
2022-07-12,-0.0053305147826178,0.0053305147826178,0.016760426535814905,0.02327283050554863,False,0.026394641818349652,0.03285075428672287,False,0.01582838042952934,0.019717851267188467,False,0.022171790179579372,0.02532598861088742,False,0.01576873317410389,0.019551068056092667,False,0.02187634747680602,0.025002442775470035,False
2022-07-13,0.0003952961021795,-0.0003952961021795,0.016760426535814905,0.02327283050554863,False,0.026394641818349652,0.03285075428672287,False,0.015866959705447752,0.019755803951645248,False,0.022209347535922366,0.025363037827720477,False,0.0158042632424478,0.019589355139166247,False,0.02190724180098482,0.02504061796535736,False
2022-07-14,-0.0038173308103209,0.0038173308103209,0.016760426535814905,0.02327283050554863,False,0.026394641818349652,0.03285075428672287,False,0.015862101853475467,0.019751017746826718,False,0.022204606534615035,0.02535835492926297,False,0.015796037222547268,0.01958489554053101,False,0.021915195293228985,0.025036011436006013,False
2022-07-15,0.0130012413854138,-0.0130012413854138,0.016760426535814905,0.02327283050554863,False,0.026394641818349652,0.03285075428672287,False,0.01583842812353421,0.01972455901798138,False,0.022176390698577755,0.025327880575411552,False,0.015784490396885516,0.019558101694650058,False,0.021876367077926305,0.025004873530589822,False
2022-07-18,-0.0073607539504169,0.0073607539504169,0.016760426535814905,0.02327283050554863,False,0.026394641818349652,0.03285075428672287,False,0.015834590957768367,0.01973640593991485,False,0.022198133000812845,0.025362342017828558,False,0.015763699085834876,0.019568394846757958,False,0.021960440167011135,0.025037934675024444,False
2022-07-19,0.017775270567763,-0.017775270567763,0.016760426535814905,0.02327283050554863,False,0.026394641818349652,0.03285075428672287,False,0.015889305648552645,0.019790921610666458,False,0.022252523106153915,0.02541657072623389,False,0.015813615263759934,0.0196226179773534,False,0.022012023400617017,0.025091846255050117,False
2022-07-20,0.0056279326229035,-0.0056279326229035,0.016760426535814905,0.02327283050554863,False,0.026394641818349652,0.03285075428672287,False,0.015941871209180947,0.019872792440333218,False,0.02235288317074057,0.025540696140269933,False,0.015888323483013667,0.019703286408374425,False,0.02208677261132551,0.025214291786570437,False
2022-07-21,0.0132337830012221,-0.0132337830012221,0.016760426535814905,0.02327283050554863,False,0.026394641818349652,0.03285075428672287,False,0.015941817816470593,0.019873694828002872,False,0.02235438857788616,0.025542976645391853,False,0.01587447212595728,0.01970419196727012,False,0.022082798316923134,0.02521715955141353,False
2022-07-22,-0.004358482404191,0.004358482404191,0.016760426535814905,0.02327283050554863,False,0.026394641818349652,0.03285075428672287,False,0.015964100352210468,0.019909774557258113,False,0.02239917321108909,0.025598950226387182,False,0.01590393440961207,0.019739261294397802,False,0.02213261224577901,0.0252705114299383,False
2022-07-25,-0.003305629516724,0.003305629516724,0.016760426535814905,0.02327283050554863,False,0.026394641818349652,0.03285075428672287,False,0.015987662953653264,0.01993466012958435,False,0.02242489347015456,0.025625743359593996,False,0.015922582725943598,0.019763457010245872,False,0.022149501770913304,0.025296002534323056,False
2022-07-26,-0.0096692483276047,0.0096692483276047,0.016760426535814905,0.02327283050554863,False,0.026394641818349652,0.03285075428672287,False,0.01599389836075356,0.019941349320950204,False,0.022431868962385894,0.025633086851915395,False,0.015931233013360784,0.019770739125206393,False,0.02217139834618629,0.025303904837929353,False
2022-07-27,0.0213557248654339,-0.0213557248654339,0.016760426535814905,0.02327283050554863,False,0.026394641818349652,0.03285075428672287,False,0.016066893534543245,0.020021470893818512,False,0.02251648671191529,0.02572348381351061,False,0.016008579898319747,0.019850440322273358,False,0.0222474363352857,0.02539357339750081,False
2022-07-28,0.0108813765811091,-0.0108813765811091,0.016760426535814905,0.02327283050554863,False,0.026394641818349652,0.03285075428672287,False,0.016154006179639004,0.020149711791615392,False,0.022670676183159422,0.025911026580245813,False,0.01609000945584592,0.019977326725580013,False,0.022383707848578054,0.02557869691354716,False
2022-07-29,0.0102689127911746,-0.0102689127911746,0.016760426535814905,0.02327283050554863,False,0.026394641818349652,0.03285075428672287,False,0.01613711117046087,0.020143126070530374,False,0.022670594782139168,0.025919305581369817,False,0.016076934948347922,0.019969609154778446,False,0.02237166777783712,0.025584765884913426,False
2022-08-01,0.0043316823404951,-0.0043316823404951,0.016760426535814905,0.02327283050554863,False,0.026394641818349652,0.03285075428672287,False,0.016137509420048785,0.02015326810852934,False,0.022686884356020006,0.02594349696076712,False,0.01607272459024464,0.01997925631616709,False,0.022377815602858633,0.02560822789618439,False
2022-08-02,-0.0085069295513275,0.0085069295513275,0.016760426535814905,0.02327283050554863,False,0.026394641818349652,0.03285075428672287,False,0.01613779165852862,0.020153177028175383,False,0.022686557741926062,0.025942867600688167,False,0.016075890940974495,0.019978931391655786,False,0.022393325854676776,0.025605870538773487,False
2022-08-03,0.0165865631475015,-0.0165865631475015,0.016760426535814905,0.02327283050554863,False,0.026394641818349652,0.03285075428672287,False,0.016189826528272763,0.0202109648968773,False,0.022747975283813525,0.026008950584494418,False,0.01612633028081284,0.020035237535634208,False,0.02241531205101162,0.025669003225634292,False
2022-08-04,0.0033127866412941,-0.0033127866412941,0.016760426535814905,0.02327283050554863,False,0.026394641818349652,0.03285075428672287,False,0.016228707916475058,0.020274031138934032,False,0.022826300196378668,0.026106888403614994,False,0.016167199042338185,0.020097604681196316,False,0.02251807551905753,0.025764668907951573,False
2022-08-05,-0.0091658784275213,0.0091658784275213,0.016760426535814905,0.02327283050554863,False,0.026394641818349652,0.03285075428672287,False,0.016171882861385538,0.02021378166889058,False,0.02276389019976016,0.02604170134946689,False,0.01610338178195602,0.020037504047852366,False,0.022417325325765805,0.02570073652374399,False
2022-08-08,0.0032263813211231,-0.0032263813211231,0.016760426535814905,0.02327283050554863,False,0.026394641818349652,0.03285075428672287,False,0.01621955853934682,0.02026754837142361,False,0.022821499842075186,0.026104250558358234,False,0.016144758504102803,0.02009105175654077,False,0.022506044201597613,0.025760268457983137,False
2022-08-09,-0.004736441630275,0.004736441630275,0.016760426535814905,0.02327283050554863,False,0.026394641818349652,0.03285075428672287,False,0.016203534102297915,0.0202524195784421,False,0.022806936127460473,0.026090413173681527,False,0.016144526748220592,0.020075194857983095,False,0.022488720674817508,0.02574465288136943,False
2022-08-10,0.013696278728213,-0.013696278728213,0.016760426535814905,0.02327283050554863,False,0.026394641818349652,0.03285075428672287,False,0.01623663465471873,0.020286565776868198,False,0.02284174204324352,0.02612606706471037,False,0.016166808015859062,0.020109422647507123,False,0.02252304589295198,0.025779737806263515,False
2022-08-11,-0.0064767285741619,0.0064767285741619,0.016760426535814905,0.02327283050554863,False,0.026394641818349652,0.03285075428672287,False,0.016253958342293123,0.020320370171625957,False,0.022885944420233055,0.02618363460701784,False,0.016192341085686818,0.02014248388242548,False,0.022562070512100116,0.025835945239198025,False
2022-08-12,0.0150471031232203,-0.0150471031232203,0.016760426535814905,0.02327283050554863,False,0.026394641818349652,0.03285075428672287,False,0.016303044982105143,0.020368320037896813,False,0.02293317707510327,0.026229945386016005,False,0.016236175535458086,0.020190861578474408,False,0.02260908883416039,0.025882522391139914,False
2022-08-15,0.0015654701570561,-0.0015654701570561,0.016760426535814905,0.02327283050554863,False,0.026394641818349652,0.03285075428672287,False,0.016329284424271732,0.020414195454839634,False,0.022991441190817034,0.026304133457306637,False,0.016266182661874507,0.020235563904716578,False,0.02267510361539034,0.025954352290596675,False
2022-08-16,0.0007671099985745,-0.0007671099985745,0.016760426535814905,0.02327283050554863,False,0.026394641818349652,0.03285075428672287,False,0.01629551326153166,0.020378647685281557,False,0.022954772527238997,0.026266024039787433,False,0.01623397246192575,0.020200165206093898,False,0.022632416966929147,0.025917078692340917,False
2022-08-17,-0.00874839174689,0.00874839174689,0.016760426535814905,0.02327283050554863,False,0.026394641818349652,0.03285075428672287,False,0.016257462145034235,0.020337802211755393,False,0.022912164042307386,0.02622114944799336,False,0.016193603825469634,0.020159331319022415,False,0.022586304404342693,0.025872380331160395,False
2022-08-18,0.0016675243636148,-0.0016675243636148,0.016760426535814905,0.02327283050554863,False,0.026394641818349652,0.03285075428672287,False,0.01632528401974914,0.0204110571033126,False,0.022988846724429808,0.026302238079900866,False,0.016260869850968692,0.020232238241379846,False,0.022659123790512093,0.025952597468063138,False
2022-08-19,-0.0145678484303561,0.0145678484303561,0.016760426535814905,0.02327283050554863,False,0.026394641818349652,0.03285075428672287,False,0.0163306571873491,0.020413406601461487,False,0.02298928853373517,0.02630022781954496,False,0.01626783462635222,0.020234736296574362,False,0.022663182565602184,0.025950888334662147,False
2022-08-22,-0.0165788294789294,0.0165788294789294,0.016760426535814905,0.02327283050554863,False,0.026394641818349652,0.03285075428672287,False,0.016464466041694648,0.02055730876998319,True,0.02313955876039271,0.026458683302518837,False,0.01639146529779297,0.020377675348809028,True,0.022821984418801303,0.026106582043922782,False
2022-08-23,-0.001226469009334,0.001226469009334,0.016760426535814905,0.02327283050554863,False,0.026394641818349652,0.03285075428672287,False,0.01661803740011411,0.02073327835058664,False,0.023329659792620246,0.026666948357623923,False,0.016551336423177226,0.020552708703908757,False,0.023007106842138785,0.026313459643970895,False
2022-08-24,0.00098343292146,-0.00098343292146,0.016760426535814905,0.02327283050554863,False,0.026394641818349652,0.03285075428672287,False,0.01661641187349454,0.020731594400137724,False,0.02332793898149947,0.02666518016721723,False,0.016551123385044008,0.020551166307172485,False,0.023003148676634635,0.026312387500182322,False
2022-08-25,0.0133141008944707,-0.0133141008944707,0.016760426535814905,0.02327283050554863,False,0.026394641818349652,0.03285075428672287,False,0.016597570618358513,0.020712242861576385,False,0.023308265495710353,0.0266450928628788,False,0.016531603107156012,0.020531853461848007,False,0.022983027469943965,0.026292462671411387,False
2022-08-26,-0.0241020348734549,0.0241020348734549,0.016760426535814905,0.02327283050554863,True,0.026394641818349652,0.03285075428672287,False,0.016612154898817934,0.0207342842190212,True,0.023335011660608657,0.026677886405816743,True,0.01654716924794822,0.02055347693383108,True,0.02301525111706108,0.0263238828577105,True
2022-08-29,-0.0066707675728118,0.0066707675728118,0.017932239302802272,0.02382699248010926,False,0.026418192020407183,0.03285075428672287,False,0.01690470112920528,0.02107224125130444,False,0.02370161920563936,0.027081320214903122,False,0.01682955351339771,0.020889689842298224,False,0.023375052834677865,0.02672495170993634,False
2022-08-30,-0.0079293740886985,0.0079293740886985,0.017932239302802272,0.02382699248010926,False,0.026418192020407183,0.03285075428672287,False,0.016935924762826002,0.021106504953301162,False,0.02373780094286389,0.027119967320632227,False,0.016861177966896762,0.0209238316272902,False,0.023410232074982548,0.02676325684626545,False
2022-08-31,-0.0075679018703967,0.0075679018703967,0.017932239302802272,0.02382699248010926,False,0.026418192020407183,0.03285075428672287,False,0.016988849905739244,0.02116383116341176,False,0.023797903867469192,0.027183639326953116,False,0.01691195067567812,0.02098103879561232,False,0.023470398089671243,0.02682697890603433,False
2022-09-01,-0.0036165062365383,0.0036165062365383,0.017932239302802272,0.02382699248010926,False,0.026418192020407183,0.03285075428672287,False,0.0170400989768389,0.021218795673147724,False,0.02385521251599081,0.027243961041058046,False,0.016957386668474256,0.0210356154044019,False,0.023540804551823554,0.026886374474756117,False
2022-09-02,-0.0052976596826493,0.0052976596826493,0.017932239302802272,0.02382699248010926,False,0.026418192020407183,0.03285075428672287,False,0.01705903078017962,0.021238397654435335,False,0.023875237324909926,0.02726452933630654,False,0.016983790003745308,0.021054786061905115,False,0.023577183299876448,0.026904792146508264,False
2022-09-06,-0.009134476398762,0.009134476398762,0.017932239302802272,0.02382699248010926,False,0.026418192020407183,0.03285075428672287,False,0.017056113541149515,0.02123514924109391,False,0.023871779967585313,0.027260803410444758,False,0.016983265588920323,0.021051887017734052,False,0.023545987002932083,0.02690106943551009,False
2022-09-07,0.0169246667861506,-0.0169246667861506,0.017932239302802272,0.02382699248010926,False,0.026418192020407183,0.03285075428672287,False,0.017115048388812226,0.021300151930712802,False,0.02394061097064631,0.027334555179948913,False,0.017050175836179154,0.02111626894952429,False,0.023624491531626473,0.026972551363171542,False
2022-09-08,0.0009588718826431,-0.0009588718826431,0.017932239302802272,0.02382699248010926,False,0.026418192020407183,0.03285075428672287,False,0.017150047835836506,0.021360720948179177,False,0.024017312301864335,0.02743199236505143,False,0.017069609167208472,0.021175272428146912,False,0.023717593272309167,0.02706706861383788,False
2022-09-09,0.0129162688626941,-0.0129162688626941,0.017932239302802272,0.02382699248010926,False,0.026418192020407183,0.03285075428672287,False,0.01710053610960067,0.021307301275257248,False,0.023961427033276358,0.027372937914890587,False,0.017023617576920436,0.021122190601752504,False,0.02364716485521855,0.027008492384803427,False
2022-09-12,0.0063873081382393,-0.0063873081382393,0.017932239302802272,0.02382699248010926,False,0.026418192020407183,0.03285075428672287,False,0.017115148733193475,0.02133614322434658,False,0.023999246526353137,0.027422296796751348,False,0.01703843747225125,0.02115067733086156,False,0.02367630077381804,0.02705720889353691,False
2022-09-13,-0.0325884443868373,0.0325884443868373,0.017932239302802272,0.02382699248010926,True,0.026418192020407183,0.03285075428672287,True,0.01710679963823682,0.021331634233103698,True,0.023997160327393362,0.027423324761546897,True,0.017028239761581243,0.021146056195879972,True,0.023684720680230257,0.02705863469864278,True
2022-09-14,0.0036197263993597,-0.0036197263993597,0.019254780587711896,0.024889296431414607,False,0.030655431180194866,0.034165729257227904,False,0.01757809980639338,0.02188587144256304,False,0.024603724046402774,0.028097146957735696,False,0.017481825733066707,0.021697276874687227,False,0.02430601822468269,0.027726243423050585,False
2022-09-15,-0.0116360247581233,0.0116360247581233,0.019254780587711896,0.024889296431414607,False,0.030655431180194866,0.034165729257227904,False,0.017544664864315527,0.021852472968798338,False,0.024570348581169674,0.028063801066781698,False,0.017458105872823287,0.021663977511037057,False,0.024254669238390855,0.027691606835582618,False
2022-09-16,-0.0054151072570139,0.0054151072570139,0.019254780587711896,0.024889296431414607,False,0.030655431180194866,0.034165729257227904,False,0.01758019877375269,0.021893395494851784,False,0.02461467088486656,0.028112493313534454,False,0.01748590656832981,0.02170500755365849,False,0.024296814714695737,0.02774159247934005,False
2022-09-19,0.0056312357922391,-0.0056312357922391,0.019254780587711896,0.024889296431414607,False,0.030655431180194866,0.034165729257227904,False,0.017557242644553224,0.0218675223020902,False,0.024586957262883683,0.028082414074814568,False,0.01746477667808268,0.021679455814158765,False,0.02426651768263802,0.02771252098780219,False
2022-09-20,-0.0094341544173398,0.0094341544173398,0.019254780587711896,0.024889296431414607,False,0.030655431180194866,0.034165729257227904,False,0.01754952732023204,0.021862798986119186,False,0.02458412166018347,0.028082004865944893,False,0.017462916500022154,0.021674505955530488,False,0.024270880704839466,0.027711440803123998,False
2022-09-21,-0.0074070285815685,0.0074070285815685,0.019254780587711896,0.024889296431414607,False,0.030655431180194866,0.034165729257227904,False,0.01762182338880129,0.021936893689548292,False,0.024659351155530564,0.02815869297905524,False,0.017530235684995954,0.021748208657718895,False,0.02436134221268243,0.02778723077095675,False
2022-09-22,-0.0116331626227073,0.0116331626227073,0.019254780587711896,0.024889296431414607,False,0.030655431180194866,0.034165729257227904,False,0.017668912649070136,0.021987488596356252,False,0.024712157839419376,0.02821434259589712,False,0.017567068683059458,0.021798742027403478,False,0.024422544163078857,0.027842571805459418,False
2022-09-23,-0.012546902729055,0.012546902729055,0.019254780587711896,0.024889296431414607,False,0.030655431180194866,0.034165729257227904,False,0.017748555765490424,0.022076817306800597,False,0.024807597369833147,0.028317636738609604,False,0.01764521455442807,0.021887374410953838,False,0.024526456283367762,0.027944294048835295,False
2022-09-26,-0.0105587427777684,0.0105587427777684,0.019254780587711896,0.024889296431414607,False,0.030655431180194866,0.034165729257227904,False,0.01782641629362741,0.022165328071171216,False,0.02490282756474091,0.028421503830366148,False,0.01772137682645036,0.02197558817015716,False,0.02461891858260643,0.02804837955761135,False
2022-09-27,-0.0058794633931942,0.0058794633931942,0.017932239302802272,0.024817802642160706,False,0.030655431180194866,0.034165729257227904,False,0.01770576982078257,0.022023329559567262,False,0.024747357657937747,0.028248718311756068,False,0.017616107558722123,0.02183346428006297,False,0.024496862798537054,0.027875783991017977,False
2022-09-28,0.0226578688001189,-0.0226578688001189,0.017932239302802272,0.024817802642160706,False,0.030655431180194866,0.034165729257227904,False,0.017737390112850634,0.02205707451737887,False,0.024782443106567135,0.028285526775580848,False,0.017649543604892036,0.021866586233998245,False,0.02453036043541329,0.02791117026271108,False
2022-09-29,-0.0166267357916862,0.0166267357916862,0.017932239302802272,0.024817802642160706,False,0.030655431180194866,0.034165729257227904,False,0.017805459547888636,0.022168649957790512,False,0.024921467288456765,0.02845983251108784,False,0.01769732702692514,0.02197336163127449,False,0.02462440021708524,0.02807294440010268,False
2022-09-30,-0.01299705733026,0.01299705733026,0.017932239302802272,0.024817802642160706,False,0.030655431180194866,0.034165729257227904,False,0.01795996507485369,0.02233705087589584,False,0.025098635065203087,0.028648268869799782,False,0.017853498707890082,0.022141320056876947,False,0.02480680301371897,0.028260610362629765,False
2022-10-03,0.0232500171727887,-0.0232500171727887,0.017932239302802272,0.024817802642160706,False,0.030655431180194866,0.034165729257227904,False,0.017990172997311486,0.022372103895092987,False,0.02513674494532534,0.02869030792105422,False,0.017878407127332532,0.02217605977620337,False,0.024838097765525785,0.028301813134245686,False
2022-10-04,0.0218454347754522,-0.0218454347754522,0.017932239302802272,0.024817802642160706,False,0.030655431180194866,0.034165729257227904,False,0.01808677858753458,0.02251189095903718,False,0.025303775997740308,0.028892357345468255,False,0.017981738733141576,0.02231336014592736,False,0.025024412081956028,0.028498148571491477,False
2022-10-05,-0.0038071555032641,0.0038071555032641,0.017932239302802272,0.024817802642160706,False,0.030655431180194866,0.034165729257227904,False,0.01816636030392517,0.022629016807514335,False,0.025444589131841798,0.029063617202909505,False,0.018053092256147825,0.022428938445194193,False,0.02518712029957542,0.028666392748395792,False
2022-10-06,-0.007375202591628,0.007375202591628,0.017932239302802272,0.024817802642160706,False,0.030655431180194866,0.034165729257227904,False,0.018192471935862927,0.022654977081421564,False,0.025470453911175,0.02908935923720041,False,0.018074304368332687,0.022454854315632856,False,0.025201780261988726,0.028691914133726196,False
2022-10-07,-0.0242695309082892,0.0242695309082892,0.017932239302802272,0.024817802642160706,True,0.030655431180194866,0.034165729257227904,False,0.018220556642378465,0.022686067506989725,True,0.025503440700349114,0.029124783539012218,False,0.018109547296014453,0.022485790942754044,True,0.0252287464511595,0.028726984867297148,False
2022-10-10,-0.0109427308753956,0.0109427308753956,0.019254780587711896,0.025240190172039274,False,0.030655431180194866,0.034165729257227904,False,0.018458950992035,0.022966056345541334,False,0.025809672269364814,0.029464746501603006,False,0.018349960416018097,0.02276398747405768,False,0.02553325892897722,0.029063171287842,False
2022-10-11,-0.0053912864525612,0.0053912864525612,0.019254780587711896,0.025240190172039274,False,0.030655431180194866,0.034165729257227904,False,0.01854078655858482,0.02305528511249435,False,0.02590356554285709,0.029564635351894138,False,0.0184287170227016,0.02285298045324006,False,0.02562295430839779,0.029162709970762347,False
2022-10-12,0.0003787099449945,-0.0003787099449945,0.019254780587711896,0.025240190172039274,False,0.030655431180194866,0.034165729257227904,False,0.018577061125697385,0.023087110922565525,False,0.025932584550031088,0.029590046602880497,False,0.018461334372925946,0.02288489102657619,False,0.025637340473112443,0.029187680883414235,False
2022-10-13,0.0134676483664656,-0.0134676483664656,0.019254780587711896,0.025240190172039274,False,0.030655431180194866,0.034165729257227904,False,0.01857164203667629,0.023068056376118827,False,0.02590492714191977,0.029551331408191737,False,0.01845980650056599,0.022866483027524125,False,0.02562662414820232,0.029150703649377822,False
2022-10-14,-0.0201487060676277,0.0201487060676277,0.019254780587711896,0.025240190172039274,True,0.030655431180194866,0.034165729257227904,False,0.018583720499927996,0.02309579888810593,True,0.02594255239125643,0.029601659546947375,False,0.018478720915996456,0.022893510259185283,True,0.025697180911287622,0.029199471750649277,False
2022-10-17,0.017991582053523,-0.017991582053523,0.019867870764302912,0.025278977529860795,False,0.030655431180194866,0.034165729257227904,False,0.018786663642850525,0.02332549066135518,False,0.026189120368892246,0.029869919546798473,False,0.018678704130456414,0.02312202824229083,False,0.025925383392887046,0.02946499479626573,False
2022-10-18,0.0074685839058293,-0.0074685839058293,0.019867870764302912,0.025278977529860795,False,0.030655431180194866,0.034165729257227904,False,0.018829679578998254,0.023394972254350777,False,0.026275299633085725,0.029977561353532398,False,0.01871787428946036,0.023190499162404288,False,0.026001211941238715,0.0295698846526696,False
2022-10-19,-0.0093973038232913,0.0093973038232913,0.019867870764302912,0.025278977529860795,False,0.030655431180194866,0.034165729257227904,False,0.018824256585367842,0.02339453182660193,False,0.026278002798080118,0.02998430517139282,False,0.018711822423777984,0.023189717662666462,False,0.025999871308165095,0.02957570252791033,False
2022-10-20,-0.008285495934701,0.008285495934701,0.019867870764302912,0.025278977529860795,False,0.030655431180194866,0.034165729257227904,False,0.01888983174143631,0.023464984222603638,False,0.026351532334741006,0.030061789945973888,False,0.018776303381902164,0.023259399575846603,False,0.026068965502385192,0.0296512295503703,False
2022-10-21,0.014652146619431,-0.014652146619431,0.019867870764302912,0.025278977529860795,False,0.030655431180194866,0.034165729257227904,False,0.01894116896232667,0.02352032877889118,False,0.02640940519286615,0.03012291258576628,False,0.01882787530389412,0.02331466686424777,False,0.026121878839272625,0.02971223423897361,False
2022-10-24,0.005505488132857,-0.005505488132857,0.019867870764302912,0.025278977529860795,False,0.030655431180194866,0.034165729257227904,False,0.018964987465097612,0.023559562951026635,False,0.026458365395223466,0.03018437425224471,False,0.01886083357102417,0.023353813095146277,False,0.026157159393635703,0.029773833605880973,False
2022-10-25,0.0177231271645335,-0.0177231271645335,0.019867870764302912,0.025278977529860795,False,0.030655431180194866,0.034165729257227904,False,0.01895996996458396,0.02355714669446869,False,0.026457590311470245,0.030185708668715804,False,0.018857871666208347,0.023351167079037578,False,0.02615792760589303,0.029774677471193813,False
2022-10-26,-0.0047016296330987,0.0047016296330987,0.019867870764302912,0.025278977529860795,False,0.030655431180194866,0.034165729257227904,False,0.018999499660374536,0.023621841627691587,False,0.02653816245728895,0.03028668877123237,False,0.018883665277873815,0.023414341746098424,False,0.026242415374699683,0.02987148890088271,False
2022-10-27,-0.0048258286099946,0.0048258286099946,0.019867870764302912,0.025278977529860795,False,0.030655431180194866,0.034165729257227904,False,0.019032884109874085,0.023652910270589435,False,0.026567770015075057,0.030314418306568846,False,0.018924687014463905,0.02344503618822798,False,0.02626694804682524,0.029897990167098973,False
2022-10-28,0.0142600033353772,-0.0142600033353772,0.019867870764302912,0.025278977529860795,False,0.030655431180194866,0.034165729257227904,False,0.019060900848287234,0.023681741750352852,False,0.026597115530188363,0.030344424542894936,False,0.018960773375029577,0.02347370003422023,False,0.026296834789011316,0.029927491527759593,False
2022-10-31,-0.008446020942097,0.008446020942097,0.019867870764302912,0.025278977529860795,False,0.030655431180194866,0.034165729257227904,False,0.019074530700954266,0.023712424496970756,False,0.026638557262226536,0.030399695459825894,False,0.018971999681607617,0.023503679275505927,False,0.026342423149999315,0.02998095245332376,False
2022-11-01,-0.0009051834911905,0.0009051834911905,0.019867870764302912,0.025278977529860795,False,0.030655431180194866,0.034165729257227904,False,0.01913350413488351,0.02377451695980391,False,0.026702617577941387,0.0304662851777362,False,0.019032081540045376,0.023565629606184905,False,0.02640605009102867,0.03004738031536634,False
2022-11-02,-0.0205216059716579,0.0205216059716579,0.019867870764302912,0.025278977529860795,True,0.030655431180194866,0.034165729257227904,False,0.019142161108856096,0.023782642696141214,True,0.026710408146653236,0.03047364493490946,False,0.01904372355000381,0.023573693564437562,True,0.026411632962386914,0.03005460784876532,False
2022-11-03,-0.0106527669001046,0.0106527669001046,0.020104582127571314,0.02531520469171891,False,0.030655431180194866,0.034165729257227904,False,0.019345005425470758,0.024007127598752603,False,0.026948546494239747,0.03072933289406332,False,0.019265082265748672,0.023797518761107455,False,0.026664324728595663,0.030306911448141127,False
2022-11-04,0.0110229494577194,-0.0110229494577194,0.020104582127571314,0.02531520469171891,False,0.030655431180194866,0.034165729257227904,False,0.01942422813404877,0.024088967943905987,False,0.02703203835460405,0.030814947548381967,False,0.019342358109542903,0.02387981564343847,False,0.026756855905082207,0.030393518237395677,False
2022-11-07,0.0039850811250772,-0.0039850811250772,0.020104582127571314,0.02531520469171891,False,0.030655431180194866,0.034165729257227904,False,0.0194233779216495,0.02409893358485708,False,0.027048827916986866,0.030840508316179325,False,0.019339086473957188,0.023890889464881836,False,0.026782939018894572,0.03042283593166922,False
2022-11-08,0.0096318375600244,-0.0096318375600244,0.020104582127571314,0.02531520469171891,False,0.030655431180194866,0.034165729257227904,False,0.01941549708265906,0.024092795478589005,False,0.027043789332946825,0.030836883015603417,False,0.01932189754236384,0.02388489338514409,False,0.026776770280781407,0.0304196417547825,False
2022-11-09,-0.0141051568293468,0.0141051568293468,0.020104582127571314,0.02531520469171891,False,0.030655431180194866,0.034165729257227904,False,0.0193557655158908,0.02403674130751159,False,0.02699005529865888,0.030786131195658633,False,0.019260168216400576,0.02382831055663818,False,0.026733055009530063,0.030368283962821447,False
2022-11-10,0.0526902511467129,-0.0526902511467129,0.020104582127571314,0.02531520469171891,False,0.030655431180194866,0.034165729257227904,False,0.019466931045390587,0.0241604262095461,False,0.027121638903808535,0.03092786748914512,False,0.019381603541330325,0.02395151393525712,False,0.02685828532633717,0.03050855188421434,False
2022-11-11,0.0087360158708612,-0.0087360158708612,0.020104582127571314,0.02531520469171891,False,0.030655431180194866,0.034165729257227904,False,0.02009234624422172,0.02499312704040537,False,0.02808512006434358,0.03205944864134108,False,0.020018187648845342,0.02477467146202037,False,0.027816988245850056,0.031617303008550195,False
2022-11-14,-0.0057525867658989,0.0057525867658989,0.020104582127571314,0.02531520469171891,False,0.030655431180194866,0.034165729257227904,False,0.020071223638577863,0.024978222249801216,False,0.028074138207966948,0.03205350917331571,False,0.01999122091084488,0.024759825575209553,False,0.027806694965448242,0.031611514774801244,False
2022-11-15,0.0106347342782965,-0.0106347342782965,0.020104582127571314,0.02531520469171891,False,0.030655431180194866,0.034165729257227904,False,0.020106478615671598,0.02501478959884441,False,0.02811153355668637,0.03209196880088361,False,0.020026934925875702,0.024796374445455547,False,0.027846329433096784,0.031649923849138506,False
2022-11-16,-0.0024344693878662,0.0024344693878662,0.020104582127571314,0.02531520469171891,False,0.030655431180194866,0.034165729257227904,False,0.020106597435330175,0.02502359502216685,False,0.02812581951852857,0.032113299235558626,False,0.0200305592846568,0.02480470340151632,False,0.027866871470487185,0.031669853098062715,False
2022-11-17,-0.0049763312784102,0.0049763312784102,0.020104582127571314,0.02531520469171891,False,0.030655431180194866,0.034165729257227904,False,0.02012702192080876,0.025042446591275937,False,0.028143678705679766,0.03212988285321662,False,0.020064051107195717,0.024823170736437482,False,0.027877234528035446,0.03168542823967391,False
2022-11-18,-0.0005846280902011,0.0005846280902011,0.020104582127571314,0.02531520469171891,False,0.030655431180194866,0.034165729257227904,False,0.02015675341837386,0.025073004603397533,False,0.028174758181084284,0.03216163259741253,False,0.020101843372336673,0.024853425824319195,False,0.02793687666094872,0.03171558802571902,False
2022-11-21,-0.004021681011325,0.004021681011325,0.020104582127571314,0.02531520469171891,False,0.030655431180194866,0.034165729257227904,False,0.020097650722868312,0.0250081877373795,False,0.028106336139463218,0.032088576602120396,False,0.020072653008136834,0.024788641970077224,False,0.027859035269225563,0.03164090673322798,False
2022-11-22,0.0119978855730424,-0.0119978855730424,0.020104582127571314,0.02531520469171891,False,0.030655431180194866,0.034165729257227904,False,0.020092950874218432,0.025003083539556565,False,0.028100976830286742,0.03208288938264954,False,0.0200646111593361,0.024783809755004157,False,0.027853154658616517,0.031634893817455885,False
2022-11-23,0.0094529345670513,-0.0094529345670513,0.020104582127571314,0.02531520469171891,False,0.030655431180194866,0.034165729257227904,False,0.020101265964940593,0.025020682356786148,False,0.02812443292185503,0.03211387418874189,False,0.020063129915553254,0.024801108358829226,False,0.027880758083195224,0.03166472602084424,False
2022-11-25,-0.0022833608580802,0.0022833608580802,0.020104582127571314,0.02531520469171891,False,0.030655431180194866,0.034165729257227904,False,0.02003834095177155,0.024960369997874203,False,0.02806576893471748,0.032057328955106615,False,0.02000234970976161,0.02474064672974555,False,0.027792572283633153,0.03160652008384351,False
2022-11-28,-0.0106729121739672,0.0106729121739672,0.020104582127571314,0.02531520469171891,False,0.030655431180194866,0.034165729257227904,False,0.020058500822832125,0.02497467565571241,False,0.02807638106142319,0.03206319355935149,False,0.020026853528871007,0.024755269530827528,False,0.027804557384567028,0.03161339736627107,False
2022-11-29,-0.0041835320886091,0.0041835320886091,0.020104582127571314,0.02531520469171891,False,0.030655431180194866,0.034165729257227904,False,0.02007005863454527,0.024987898901603994,False,0.0280906550604653,0.03207881815596648,False,0.020032601243609595,0.024768304029661868,False,0.02782205799234966,0.03162799445998538,False
2022-11-30,0.0273847794960322,-0.0273847794960322,0.020104582127571314,0.02531520469171891,False,0.030655431180194866,0.034165729257227904,False,0.020052086073134648,0.024968084545196993,False,0.02806967868161388,0.03205634815828338,False,0.020014448258236877,0.024748800012681337,False,0.02781495802670398,0.03160631557808276,False
2022-12-01,0.0091594019941947,-0.0091594019941947,0.020104582127571314,0.02531520469171891,False,0.030655431180194866,0.034165729257227904,False,0.02017370291261997,0.025140958264211432,False,0.028274891311614966,0.0323031279771779,False,0.020132019122433415,0.024919670897543975,False,0.02801941559190017,0.03184793522633374,False
2022-12-02,0.0005395555303128,-0.0005395555303128,0.020104582127571314,0.02531520469171891,False,0.030655431180194866,0.034165729257227904,False,0.020143193410548342,0.02511625263143726,False,0.028253847447062202,0.03228679080826514,False,0.020111893447296834,0.024893625645612722,False,0.02798478170412793,0.0318297772059881,False
2022-12-05,-0.0167668690115993,0.0167668690115993,0.020104582127571314,0.02531520469171891,False,0.030655431180194866,0.034165729257227904,False,0.020150985443428093,0.02512288943888314,False,0.028259755401467905,0.03229176192308433,False,0.020120294097960015,0.024900227505817222,False,0.027975907684325233,0.031834369462343776,False
2022-12-06,-0.0079593751765131,0.0079593751765131,0.020104582127571314,0.02531520469171891,False,0.030655431180194866,0.034165729257227904,False,0.020283593492193785,0.025257190679516203,False,0.028395124908089556,0.03242850453760547,False,0.02024792080410828,0.025033972314650255,False,0.02811500320983817,0.03196995292683837,False
2022-12-07,0.0043672422420206,-0.0043672422420206,0.020104582127571314,0.02531520469171891,False,0.030655431180194866,0.034165729257227904,False,0.020325115252388067,0.025302390330822662,False,0.02844264500875594,0.032479007254381013,False,0.02029432123158303,0.025078965916684768,False,0.028163497854776905,0.032019893584732256,False
2022-12-08,0.0056703382657802,-0.0056703382657802,0.020104582127571314,0.02531520469171891,False,0.030655431180194866,0.034165729257227904,False,0.02028180654626372,0.02525879430346611,False,0.028398867705132905,0.03243499694523673,False,0.020242746034258984,0.02503428553023733,False,0.028121824691614346,0.031973707332395865,False
2022-12-09,-0.009253471181008,0.009253471181008,0.020104582127571314,0.02531520469171891,False,0.030655431180194866,0.034165729257227904,False,0.020282002726379228,0.025258061586026743,False,0.02839754892908796,0.03243292487206405,False,0.020243471823079354,0.025033563922970528,False,0.028119223792470244,0.031971668721817406,False
2022-12-12,0.0083051601210119,-0.0083051601210119,0.020104582127571314,0.02531520469171891,False,0.030655431180194866,0.034165729257227904,False,0.02032129908607256,0.025301820617559524,False,0.028444123542620745,0.032483118526104644,False,0.020285514770420322,0.025077227191001323,False,0.028169604070271956,0.032021731737385546,False
2022-12-13,0.010208758186186,-0.010208758186186,0.020104582127571314,0.02531520469171891,False,0.030655431180194866,0.034165729257227904,False,0.020269778040875815,0.02525298458203782,False,0.02839698152924158,0.03243815394345026,False,0.02023688701498737,0.025028485692708498,False,0.02811711154509697,0.03197718129612572,False
2022-12-14,-0.0039215329891864,0.0039215329891864,0.020104582127571314,0.02531520469171891,False,0.030655431180194866,0.034165729257227904,False,0.020268790992276155,0.025251279288599663,False,0.028394823081883163,0.03243541302952056,False,0.02024045086932549,0.025026610895451246,False,0.02812427079970857,0.03197498012162273,False
2022-12-15,-0.0198523844082013,0.0198523844082013,0.020104582127571314,0.02531520469171891,False,0.030655431180194866,0.034165729257227904,False,0.020239953197160782,0.0252193245821312,False,0.028360901858534876,0.03239896412122212,False,0.020212566230711625,0.024994784296983028,False,0.02809226806759305,0.03193890303319291,False
2022-12-16,-0.0080337597319941,0.0080337597319941,0.020104582127571314,0.02531520469171891,False,0.030655431180194866,0.034165729257227904,False,0.0204045334278704,0.02540915840340771,False,0.028566668636029927,0.03262521050611769,False,0.020366737930131225,0.02518401197972535,False,0.028303085137890635,0.032162828990665165,False
2022-12-19,-0.0106890247463624,0.0106890247463624,0.020104582127571314,0.02531520469171891,False,0.030655431180194866,0.034165729257227904,False,0.020398111426088827,0.02540189517474354,False,0.028558874661804845,0.03261673433201909,False,0.020358969630304476,0.025177091421702606,False,0.02828609075576439,0.032155580180403126,False
2022-12-20,-0.0007094738620145,0.0007094738620145,0.020104582127571314,0.02531520469171891,False,0.030655431180194866,0.034165729257227904,False,0.020471690585750515,0.025471238502690667,False,0.02862554552537197,0.03267997011294721,False,0.02043688821942948,0.0252464042922114,False,0.028350479589441507,0.03221907847058492,False
2022-12-21,0.0098617271394041,-0.0098617271394041,0.020104582127571314,0.02531520469171891,False,0.030655431180194866,0.034165729257227904,False,0.020483357000452354,0.025475616672721867,False,0.02862532540737202,0.03267383953286473,False,0.020443939514471342,0.025251491633710578,False,0.028345502454765907,0.032215525238692505,False
2022-12-22,-0.0136741361354675,0.0136741361354675,0.020104582127571314,0.02531520469171891,False,0.030655431180194866,0.034165729257227904,False,0.020483348394632235,0.025482602592065876,False,0.028636724301691386,0.0326909106950121,False,0.02044246324248921,0.025258364543675273,False,0.028353163926129167,0.03223213547877659,False
2022-12-23,0.0003808606344471,-0.0003808606344471,0.020104582127571314,0.02531520469171891,False,0.030655431180194866,0.034165729257227904,False,0.020589535301420932,0.02559106560177884,False,0.028746623346733474,0.03280265556447938,False,0.020552183814394005,0.025367024137414984,False,0.02845935401816551,0.032344672575930614,False
2022-12-27,-0.0078020675734827,0.0078020675734827,0.020104582127571314,0.02531520469171891,False,0.030655431180194866,0.034165729257227904,False,0.020575624917433002,0.02557698049833975,False,0.02873242800956906,0.032788318537136076,False,0.02054725372364302,0.025352926300242547,False,0.028456929871823862,0.03233050956235688,False
2022-12-28,-0.0101259900566814,0.0101259900566814,0.020104582127571314,0.02531520469171891,False,0.030655431180194866,0.034165729257227904,False,0.020612751648032654,0.02561739415130148,False,0.028774915442492895,0.03283347152683898,False,0.020597910291119518,0.025393612690796537,False,0.028512464699549264,0.032376841508205176,False
2022-12-29,0.0164039694208823,-0.0164039694208823,0.020104582127571314,0.02531520469171891,False,0.030655431180194866,0.034165729257227904,False,0.020679215205799992,0.02568953704494297,False,0.028850641533921386,0.032913803322501496,False,0.020659812594796805,0.02546570343208212,False,0.028568901164106573,0.03245647140278271,False
2022-12-30,-0.0027269043207087,0.0027269043207087,0.020104582127571314,0.02531520469171891,False,0.030655431180194866,0.034165729257227904,False,0.020691489562833402,0.025722769578107655,False,0.028897096967086585,0.0329772549613295,False,0.020676587713192123,0.02549822580105478,False,0.028609410371999752,0.032517785186383305,False
2023-01-03,0.0016984361336804,-0.0016984361336804,0.020104582127571314,0.02531520469171891,False,0.030655431180194866,0.034165729257227904,False,0.02069094549192273,0.02572219699804305,False,0.028896506400070767,0.03297664127458034,False,0.020658370683532223,0.025498929115933353,False,0.02862181160301777,0.032519871989254184,False
2023-01-04,0.0084309059276904,-0.0084309059276904,0.020104582127571314,0.02531520469171891,False,0.030655431180194866,0.034165729257227904,False,0.02067219724655471,0.025703565207679427,False,0.02887794808331802,0.03295817739797318,False,0.020648283975553686,0.025479508898908904,False,0.02858819786552263,0.032499361922002416,False
2023-01-05,-0.0095105354493014,0.0095105354493014,0.020104582127571314,0.02531520469171891,False,0.030655431180194866,0.034165729257227904,False,0.02052333748955906,0.025542627250788114,False,0.028709389767269205,0.03277982416617515,False,0.020488401132801124,0.02531838232875122,False,0.028422155631896207,0.03232085836336318,False
2023-01-06,0.0225586664176589,-0.0225586664176589,0.020104582127571314,0.02531520469171891,False,0.030655431180194866,0.034165729257227904,False,0.02057451666926954,0.025599044235093033,False,0.028769111379130487,0.03284379341884024,False,0.02053850143516029,0.02537466627500382,False,0.028480855937628852,0.032384367325940105,False
2023-01-09,0.0027931236616316,-0.0027931236616316,0.020104582127571314,0.02531520469171891,False,0.030655431180194866,0.034165729257227904,False,0.02060761174720153,0.02566859619856723,False,0.028861664664324438,0.03296591171582813,False,0.02056585735877198,0.02544224662560724,False,0.028585311928139834,0.03250202792778706,False
2023-01-10,0.0021626570836928,-0.0021626570836928,0.020104582127571314,0.02531520469171891,False,0.030655431180194866,0.034165729257227904,False,0.02060173285824054,0.02566343713253847,False,0.028856959747864386,0.032961790545707484,False,0.020560000853710084,0.02543720548722573,False,0.028575951715418164,0.03249815524204049,False
2023-01-11,0.0125315498504282,-0.0125315498504282,0.020104582127571314,0.02531520469171891,False,0.030655431180194866,0.034165729257227904,False,0.020603030099583038,0.02565655051904253,False,0.028844909789358386,0.03294310382267209,False,0.02056334805763719,0.025430404153760935,False,0.02856479356267003,0.0324796946806505,False
2023-01-12,0.0084790796481681,-0.0084790796481681,0.020104582127571314,0.02531520469171891,False,0.030655431180194866,0.034165729257227904,False,0.020605832844280865,0.025671068917863353,False,0.02886681981051975,0.032974514750100374,False,0.02056792558342886,0.02544444619664047,False,0.02858712107667679,0.03250999479623119,False
2023-01-13,0.0031975177145563,-0.0031975177145563,0.020104582127571314,0.02531520469171891,False,0.030655431180194866,0.034165729257227904,False,0.020525984179386506,0.025590220020560304,False,0.02878533984813573,0.03289222364100101,False,0.020490861673143023,0.02536305933195431,False,0.028502536877118494,0.032427077246111866,False
2023-01-17,-0.0024999844147106,0.0024999844147106,0.020104582127571314,0.02531520469171891,False,0.030655431180194866,0.034165729257227904,False,0.020509784722700913,0.025574917052647993,False,0.02877060249153074,0.03287821329935522,False,0.02048813291232835,0.02534835751970223,False,0.028481555157647782,0.03241464966236753,False
2023-01-18,-0.0051496993105686,0.0051496993105686,0.020104582127571314,0.02531520469171891,False,0.030655431180194866,0.034165729257227904,False,0.02038698520792322,0.025435015682524924,False,0.028619911245340267,0.03271365316262556,False,0.020361577832514497,0.025208892019853484,False,0.028343179013932813,0.032251530865542354,False
2023-01-19,-0.0042395803111017,0.0042395803111017,0.020104582127571314,0.02531520469171891,False,0.030655431180194866,0.034165729257227904,False,0.020399048099463607,0.025448093163542525,False,0.028633628849578267,0.03272819355656196,False,0.020379761339693592,0.025221828190176973,False,0.028363007908939777,0.032266222278931,False
2023-01-20,0.010550577419201,-0.010550577419201,0.020104582127571314,0.02531520469171891,False,0.030655431180194866,0.034165729257227904,False,0.020381687492528375,0.025428940122174618,False,0.02861334492825629,0.032706456045764255,False,0.02035582294317025,0.025203057606741224,False,0.028341588204701344,0.03224586140779875,False
2023-01-23,0.0096963446996773,-0.0096963446996773,0.020104582127571314,0.02531520469171891,False,0.030655431180194866,0.034165729257227904,False,0.020278887906087315,0.025323847087294536,False,0.0285068049144418,0.032598056141036426,False,0.020249956401412004,0.025097695052002822,False,0.02822328234861618,0.03213708197004818,False
2023-01-24,0.002479105400682,-0.002479105400682,0.020104582127571314,0.02531520469171891,False,0.030655431180194866,0.034165729257227904,False,0.0202744799782284,0.025326115724053112,False,0.028513285919000472,0.03260995156069731,False,0.020251302749905484,0.025099714644589415,False,0.028238264319213304,0.03214809965495899,False
2023-01-25,0.0007706101696396,-0.0007706101696396,0.020104582127571314,0.02531520469171891,False,0.030655431180194866,0.034165729257227904,False,0.020196469111827195,0.02524149836467095,False,0.02842450040130653,0.032515808453072316,False,0.020160511682821576,0.025014989238487707,False,0.028127481915056318,0.032054311227213174,False
2023-01-26,0.0069819435578329,-0.0069819435578329,0.020104582127571314,0.02531520469171891,False,0.030655431180194866,0.034165729257227904,False,0.020159185893225302,0.025201866080552006,False,0.028383386048412514,0.032472789106137157,False,0.0201359684389402,0.024975739628192786,False,0.02810335009958593,0.032011501932251114,False
2023-01-27,0.002693960213629,-0.002693960213629,0.020104582127571314,0.02531520469171891,False,0.030655431180194866,0.034165729257227904,False,0.020133043079362475,0.025178976256925018,False,0.028362548596343132,0.03245458969330941,False,0.02010907311377616,0.024952341199006786,False,0.028085233356417907,0.03199156537453646,False
2023-01-30,-0.0111894044139102,0.0111894044139102,0.020104582127571314,0.02531520469171891,False,0.030655431180194866,0.034165729257227904,False,0.020108462053711855,0.02513320811376574,False,0.028303413109844376,0.032378272339251016,False,0.020075781939349103,0.024907279237431544,False,0.02801775946743475,0.03191763145058336,False
2023-01-31,0.0117722726227695,-0.0117722726227695,0.020104582127571314,0.02531520469171891,False,0.030655431180194866,0.034165729257227904,False,0.02018004957881125,0.0251963144663465,False,0.02836116853420511,0.03242914988685923,False,0.020148179383106864,0.0249705725272214,False,0.028073960115952642,0.031969163388036605,False
2023-02-01,0.0138906646030599,-0.0138906646030599,0.020104582127571314,0.02531520469171891,False,0.030655431180194866,0.034165729257227904,False,0.020184227475781715,0.025209589201233656,False,0.028380182631970976,0.03245554114030624,False,0.02015334495313139,0.024983440356014415,False,0.028095998892144175,0.03199425756088817,False
2023-02-02,0.0119412384909045,-0.0119412384909045,0.020104582127571314,0.02531520469171891,False,0.030655431180194866,0.034165729257227904,False,0.020197616704857632,0.025233241173833996,False,0.02841030955880896,0.0324939907235869,False,0.020163659381759878,0.025006973038417264,False,0.02812693493152267,0.032033328630729864,False
2023-02-03,-0.0154294901629079,0.0154294901629079,0.0199614320608169,0.02521814441885304,False,0.030655431180194866,0.034165729257227904,False,0.019984662576562777,0.024999979205612387,False,0.028164234999696995,0.032231447354317,False,0.01995179284760784,0.024774241422507268,False,0.027856432951949867,0.03177290307801501,False
2023-02-06,-0.0057286875035773,0.0057286875035773,0.0199614320608169,0.02521814441885304,False,0.030655431180194866,0.034165729257227904,False,0.02011687657042143,0.02514774705521904,False,0.0283218160638644,0.032401641945992085,False,0.020081248524115785,0.024921739258306107,False,0.027995853976162114,0.03194387690113713,False
2023-02-07,0.0089440220485645,-0.0089440220485645,0.0199614320608169,0.02521814441885304,False,0.030655431180194866,0.034165729257227904,False,0.02013876779706036,0.02517146652548049,False,0.02834668900675847,0.03242799751811951,False,0.020104176800191883,0.024945441241363428,False,0.028022543782491756,0.031970129932434754,False
2023-02-08,-0.0074966759092433,0.0074966759092433,0.0199614320608169,0.02521814441885304,False,0.030655431180194866,0.034165729257227904,False,0.020138987478299727,0.02517552489031384,False,0.02835316926789516,0.032437590791353686,False,0.020104464006573976,0.024949284346964615,False,0.028030558669044383,0.03197909000636097,False
2023-02-09,-0.0087585781996731,0.0087585781996731,0.0199614320608169,0.02521814441885304,False,0.030655431180194866,0.034165729257227904,False,0.02018902312621243,0.025218420795093472,False,0.02839156057700355,0.03247019206692532,False,0.020154328022177932,0.024992282838361815,False,0.028076623642956475,0.0320121208696603,False
2023-02-10,-0.0026593130133745,0.0026593130133745,0.0199614320608169,0.02521814441885304,False,0.030655431180194866,0.034165729257227904,False,0.02010473487903094,0.025120680326961423,False,0.02828533285447971,0.03235305515495364,False,0.020068579682492274,0.024895000116821237,False,0.027983984252597266,0.03189637145819945,False
2023-02-13,0.009621037613761,-0.009621037613761,0.0199614320608169,0.02521814441885304,False,0.030655431180194866,0.034165729257227904,False,0.02005123839171751,0.02506104686211711,False,0.028221827457283657,0.03228457292525033,False,0.01999443974952139,0.024836694026176828,False,0.027931071471917094,0.03183059798139403,False
2023-02-14,0.0013160164363559,-0.0013160164363559,0.0199614320608169,0.02521814441885304,False,0.030655431180194866,0.034165729257227904,False,0.020027594105034362,0.025043899669189167,False,0.02820877940067754,0.03227679374037152,False,0.01997165994984947,0.024819330470754384,False,0.027919018393084184,0.031822127093131085,False
2023-02-15,-0.0001456267745867,0.0001456267745867,0.0199614320608169,0.02521814441885304,False,0.030655431180194866,0.034165729257227904,False,0.02003528422178581,0.025045764385954537,False,0.02820696876511281,0.0322702589486774,False,0.01996890667937685,0.024821836809798523,False,0.027936283515907188,0.03181705356295012,False
2023-02-16,-0.0131548745973438,0.0131548745973438,0.0199614320608169,0.02521814441885304,False,0.030655431180194866,0.034165729257227904,False,0.02004508344561752,0.025054741470761685,False,0.028215427147240853,0.03227805061038773,False,0.01997863537729924,0.024830732651389652,False,0.027948549867592352,0.03182460948293523,False
2023-02-17,-0.0007600007658054,0.0007600007658054,0.0199614320608169,0.02521814441885304,False,0.030655431180194866,0.034165729257227904,False,0.020052825550366162,0.02506372671371998,False,0.028225196709031578,0.03228882830535503,False,0.019989297159581844,0.02483983150165662,False,0.027955760814826636,0.03183537208128254,False
2023-02-21,-0.0183912255811098,0.0183912255811098,0.0199614320608169,0.02521814441885304,False,0.030655431180194866,0.034165729257227904,False,0.020039447300326366,0.025049679224840155,False,0.02821072698502008,0.0322738158565906,False,0.019975554863098353,0.02482580248295006,False,0.02794217300389998,0.031820369159344025,False
2023-02-22,0.0006247507052378,-0.0006247507052378,0.0199614320608169,0.02521814441885304,False,0.030655431180194866,0.034165729257227904,False,0.020169986062975556,0.025200757370957,False,0.028374763807119223,0.032454509260990465,False,0.020113093707596622,0.024975914019856525,False,0.028112039553754478,0.03199823825482169,False
2023-02-23,0.0061862025703804,-0.0061862025703804,0.0199614320608169,0.02521814441885304,False,0.030655431180194866,0.034165729257227904,False,0.02004155898258471,0.025056170822547175,False,0.028219981952193315,0.032286622752294505,False,0.019981912691675957,0.024831836143351188,False,0.027960005479039516,0.03183188085216977,False
2023-02-24,-0.0121385239065689,0.0121385239065689,0.0199614320608169,0.02521814441885304,False,0.030655431180194866,0.034165729257227904,False,0.020029559213849853,0.025033604429537296,False,0.028190748880973632,0.03224882059003298,False,0.019966905645629952,0.02480954067554393,False,0.02791512539704407,0.03179495906174367,False
2023-02-27,0.0042953272201874,-0.0042953272201874,0.0199614320608169,0.02521814441885304,False,0.030655431180194866,0.034165729257227904,False,0.020120944259473385,0.025123321660046164,False,0.0282794138561554,0.03233613303680203,False,0.020063983266127787,0.02489886768699344,False,0.027995111075016448,0.031881242108575944,False
2023-02-28,-0.0002095706014625,0.0002095706014625,0.0199614320608169,0.02521814441885304,False,0.030655431180194866,0.034165729257227904,False,0.02012232853859851,0.025123670987198744,False,0.028279110213013586,0.03233499009082841,False,0.020087898108490765,0.024899711436216655,False,0.02798440788571475,0.03187961330822628,False
2023-03-01,-0.0048269872969368,0.0048269872969368,0.0199614320608169,0.02521814441885304,False,0.030655431180194866,0.034165729257227904,False,0.020098163733422842,0.025098116439360992,False,0.028252678850889508,0.03230743170543879,False,0.020077684938822123,0.024874319726395363,False,0.027981392810987042,0.03185075445339302,False
2023-03-02,0.0033187036919045,-0.0033187036919045,0.0199614320608169,0.02521814441885304,False,0.030655431180194866,0.034165729257227904,False,0.020131872060079724,0.025132276049245405,False,0.028287123183688367,0.03234224201009032,False,0.02008518027398311,0.02490976622426855,False,0.028015939719282568,0.03188611624879768,False
2023-03-03,0.0180372670950506,-0.0180372670950506,0.0199614320608169,0.02521814441885304,False,0.030655431180194866,0.034165729257227904,False,0.020110627493817618,0.025111682005594185,False,0.02826693956675453,0.03232258593982913,False,0.020070841670516402,0.02488949104353915,False,0.02801845854185454,0.03186730290825553,False
2023-03-06,-0.0017466407560514,0.0017466407560514,0.0199614320608169,0.02521814441885304,False,0.030655431180194866,0.034165729257227904,False,0.02012769406738786,0.02515246027928324,False,0.02832267798953048,0.03239755356123906,False,0.020072001560436006,0.02492970575007458,False,0.028071935767429102,0.03194094499916336,False
2023-03-07,-0.0105935165162536,0.0105935165162536,0.01975882311168731,0.025183064423377668,False,0.030655431180194866,0.034165729257227904,False,0.01994387134182698,0.024940800932887332,False,0.028093456005462845,0.032145757240086635,False,0.019897597241900107,0.02471851539328663,False,0.027845288246434802,0.03168953279170346,False
2023-03-08,0.0020269680377021,-0.0020269680377021,0.01975882311168731,0.025183064423377668,False,0.030655431180194866,0.034165729257227904,False,0.02000622258673367,0.025010364133066225,False,0.028167569361283864,0.032225719190473776,False,0.01997153628136195,0.024786885122092515,False,0.027910336192535905,0.031765266778616505,False
2023-03-09,-0.0097430461868997,0.0097430461868997,0.01975882311168731,0.025183064423377668,False,0.030655431180194866,0.034165729257227904,False,0.02000151587636457,0.024992998801154184,False,0.028142217471488252,0.03219010168721048,False,0.019954073412667504,0.02477022101519646,False,0.027877521757757914,0.03172976238879178,False
2023-03-10,0.0008489475997642,-0.0008489475997642,0.01975882311168731,0.025183064423377668,False,0.030655431180194866,0.034165729257227904,False,0.02002473203918842,0.02501931312005772,False,0.028170486474223575,0.032220883165152425,False,0.019978101814362503,0.024796594036695773,False,0.027910722198392753,0.031761132908334974,False
2023-03-13,0.0051809295425458,-0.0051809295425458,0.01975882311168731,0.025183064423377668,False,0.030655431180194866,0.034165729257227904,False,0.01994968835123151,0.024936895488947168,False,0.028083416486327815,0.03212783321728304,False,0.01988478698513492,0.024712006424296724,False,0.027813729894977206,0.03166635041113205,False
2023-03-14,0.0082000067654437,-0.0082000067654437,0.01975882311168731,0.025183064423377668,False,0.030655431180194866,0.034165729257227904,False,0.01982132855121973,0.0247960840769715,False,0.027934749122631324,0.03196906811624308,False,0.019770298722070995,0.024572698681888487,False,0.027684046777764895,0.0315109252132131,False
2023-03-15,0.0038423617314857,-0.0038423617314857,0.01975882311168731,0.025183064423377668,False,0.030655431180194866,0.034165729257227904,False,0.019809922546255465,0.02477641214762993,False,0.02790986206909344,0.031937477743206884,False,0.019756407478489606,0.024552596126917372,False,0.027644290830932165,0.03147820338974542,False
2023-03-16,0.0123468168435832,-0.0123468168435832,0.01975882311168731,0.025183064423377668,False,0.030655431180194866,0.034165729257227904,False,0.019756587174368408,0.02469204983500101,False,0.027805924287102025,0.031808378407908865,False,0.01967941192160677,0.024468965685213458,False,0.027547531558154943,0.03135436154254966,False
2023-03-17,0.0015110750706384,-0.0015110750706384,0.01975882311168731,0.025183064423377668,False,0.030655431180194866,0.034165729257227904,False,0.019765012033573993,0.02470777026565335,False,0.027826247628383746,0.0318346181529826,False,0.019696593550354607,0.024484363913893213,False,0.027571989651193635,0.031379292641820274,False
2023-03-20,0.0030313230701431,-0.0030313230701431,0.01975882311168731,0.025183064423377668,False,0.030655431180194866,0.034165729257227904,False,0.019768899210969786,0.024703386545656722,False,0.02781664564662381,0.03181830881881676,False,0.019669374910272007,0.024480266570975715,False,0.027503958023385004,0.03136854660610477,False
2023-03-21,0.0042729973123111,-0.0042729973123111,0.01975882311168731,0.025183064423377668,False,0.030655431180194866,0.034165729257227904,False,0.01973834492999168,0.024672517062685917,False,0.027785577296900323,0.03178698485343951,False,0.01963352179687776,0.024449413300556475,False,0.027465175215947785,0.03133729867543534,False
2023-03-22,-0.0049982708892706,0.0049982708892706,0.01975882311168731,0.025183064423377668,False,0.030655431180194866,0.034165729257227904,False,0.01973995456647834,0.024672837929005643,False,0.027785085054343853,0.03178544747209462,False,0.01962910336114228,0.0244502362228391,False,0.02750339448939052,0.031338116836956954,False
2023-03-23,0.0059265197060315,-0.0059265197060315,0.01975882311168731,0.025183064423377668,False,0.030655431180194866,0.034165729257227904,False,0.01975569899576835,0.024689852758090467,False,0.027802901402098158,0.031804294061032676,False,0.019640634628754337,0.024467884309055887,False,0.02754028804396788,0.03135943562958481,False
2023-03-24,0.0027028575559762,-0.0027028575559762,0.01975882311168731,0.025183064423377668,False,0.030655431180194866,0.034165729257227904,False,0.019750721678054535,0.024678344835877795,False,0.02778727320101721,0.03178336981241067,False,0.019638155639242674,0.0244570135866526,False,0.027517669256238435,0.031340340250709565,False
2023-03-27,-0.0070515425067897,0.0070515425067897,0.01975882311168731,0.025183064423377668,False,0.030655431180194866,0.034165729257227904,False,0.019735463494088026,0.024663627544542762,False,0.027772897168822867,0.031769432421553646,False,0.019620283573558862,0.024442541900889538,False,0.02749282704625122,0.031327132381454466,False
2023-03-28,-0.0006331754438702,0.0006331754438702,0.01975882311168731,0.025183064423377668,False,0.030655431180194866,0.034165729257227904,False,0.019788707515218763,0.024717447420901827,False,0.027827080362870044,0.031824082610144216,False,0.01965791365610853,0.02449588949344382,False,0.027564827724058476,0.031380374381970014,False
2023-03-29,0.0092265696621958,-0.0092265696621958,0.01975882311168731,0.025183064423377668,False,0.030655431180194866,0.034165729257227904,False,0.01979916749106483,0.02471891813169592,False,0.027822879580490505,0.03181259190918474,False,0.019670969732550874,0.024497657231795734,False,0.02755415566607125,0.031369734297204854,False
2023-03-30,0.0069846321392275,-0.0069846321392275,0.01975882311168731,0.025183064423377668,False,0.030655431180194866,0.034165729257227904,False,0.01977724991217255,0.024703313208303254,False,0.02781125742792133,0.031806089056619434,False,0.01964521075823505,0.024482040638264806,False,0.027545942401942382,0.0313631509662466,False
2023-03-31,0.0120097194954513,-0.0120097194954513,0.01975882311168731,0.025183064423377668,False,0.030655431180194866,0.034165729257227904,False,0.0197099929879853,0.024634920108544716,False,0.027742147494032372,0.031736057731787025,False,0.019581168252955587,0.02441359783059923,False,0.027473797665037904,0.03129308284763673,False
2023-04-03,0.0029380675751917,-0.0029380675751917,0.01975882311168731,0.025183064423377668,False,0.030655431180194866,0.034165729257227904,False,0.019706069470799684,0.024641731779449262,False,0.027755732193167702,0.031758348220179325,False,0.01957913190532214,0.02441996513622229,False,0.02748851637038269,0.0313143633777903,False
2023-04-04,0.0007278198121851,-0.0007278198121851,0.01975882311168731,0.025183064423377668,False,0.030655431180194866,0.034165729257227904,False,0.019710069100264828,0.024641694265226378,False,0.027753147570506554,0.031752489642571796,False,0.019587095145035587,0.024419895865492015,False,0.027484775508233267,0.031308404904170646,False
2023-04-05,-0.0015441875346422,0.0015441875346422,0.01975882311168731,0.025183064423377668,False,0.030655431180194866,0.034165729257227904,False,0.019573214227080808,0.024487133672161834,False,0.02758741611209806,0.031572399584702524,False,0.019448634615545968,0.024266394497279787,False,0.02730801657652602,0.03113132106011083,False
2023-04-06,0.002693131614898,-0.002693131614898,0.01975882311168731,0.025183064423377668,False,0.030655431180194866,0.034165729257227904,False,0.019506220182190056,0.024412419062307945,False,0.027507830455364157,0.03148655287218187,False,0.01937547074761676,0.024191742175500616,False,0.027211859953850774,0.03104539570685595,False
2023-04-10,-0.0040658424499786,0.0040658424499786,0.01975882311168731,0.025183064423377668,False,0.030655431180194866,0.034165729257227904,False,0.01950349713372495,0.024410042706428804,False,0.027505672834233996,0.031484676404261606,False,0.019383686090164845,0.024189371955701647,False,0.02720482599485092,0.031043600348530802,False
2023-04-11,-0.0001369354831713,0.0001369354831713,0.01975882311168731,0.025183064423377668,False,0.030655431180194866,0.034165729257227904,False,0.01949199627911834,0.024397372783259617,False,0.027492265324139314,0.03147032082838109,False,0.019367576431839104,0.024176283434705275,False,0.02718985217969166,0.031028021887121365,False
2023-04-12,-0.0033116420026115,0.0033116420026115,0.01975882311168731,0.025183064423377668,False,0.030655431180194866,0.034165729257227904,False,0.019368277508964773,0.02425750284048225,False,0.027342205308563728,0.03130716288625454,False,0.01924973389510008,0.02403685819836966,False,0.027037483055144865,0.03086571963641836,False
2023-04-13,0.0106643282200711,-0.0106643282200711,0.01975882311168731,0.025183064423377668,False,0.030655431180194866,0.034165729257227904,False,0.019377071197356027,0.024266854959648983,False,0.02735190975200978,0.03131732019374034,False,0.0192587667542813,0.024046122477686133,False,0.027049686993791424,0.030875581657174384,False
2023-04-14,-0.0059330849824717,0.0059330849824717,0.01975882311168731,0.025183064423377668,False,0.030655431180194866,0.034165729257227904,False,0.01937680768312657,0.024266398675541763,False,0.027351331845830072,0.031316585959239515,False,0.019257208923420813,0.024045874947454648,False,0.027040048296453043,0.03087551849163934,False
2023-04-17,-0.0013999249382049,0.0013999249382049,0.01975882311168731,0.025183064423377668,False,0.030655431180194866,0.034165729257227904,False,0.019284938160444836,0.02416060939999231,False,0.027236760341376308,0.03119072611647648,False,0.019165332180438914,0.023940614472052188,False,0.026918290197269264,0.03075102251481413,False
2023-04-18,0.0015714701726004,-0.0015714701726004,0.01975882311168731,0.025183064423377668,False,0.030655431180194866,0.034165729257227904,False,0.01929032728806919,0.024166120564199194,False,0.027242348500714695,0.03119641324238725,False,0.019176843142495133,0.023946051062263482,False,0.026925039318099784,0.03075671408146454,False
2023-04-19,-0.0010939792677841,0.0010939792677841,0.01975882311168731,0.025183064423377668,False,0.030655431180194866,0.034165729257227904,False,0.019298024223963386,0.0241689562698166,False,0.027242117166460553,0.03119223965337577,False,0.0191819362675232,0.0239491017991635,False,0.02694383042753632,0.030752544394405053,False
2023-04-20,-0.0017883069397395,0.0017883069397395,0.01975882311168731,0.025183064423377668,False,0.030655431180194866,0.034165729257227904,False,0.01930567857447024,0.024176613544613132,False,0.027249776286245395,0.03119990114463743,False,0.019186498173357124,0.023957453613746706,False,0.026952844716985676,0.03076222542669167,False
2023-04-21,-0.0020354596675094,0.0020354596675094,0.01975882311168731,0.025183064423377668,False,0.030655431180194866,0.034165729257227904,False,0.019212584863330256,0.0240714333793995,False,0.02713697055416108,0.031077293803010234,False,0.019103026893392945,0.023852658539815587,False,0.026828643935413347,0.030640517136333267,False
2023-04-24,0.0022869544741464,-0.0022869544741464,0.019254780587711896,0.025137319864539095,False,0.030655431180194866,0.034165729257227904,False,0.019024763739039944,0.023854395998822702,False,0.026901500098451898,0.03081813018347648,False,0.018909024305834434,0.023636949019482174,False,0.026593991620273597,0.030384538422293536,False
2023-04-25,-0.0073616365894916,0.0073616365894916,0.019254780587711896,0.025137319864539095,False,0.030655431180194866,0.034165729257227904,False,0.01902974229721144,0.023858050085719805,False,0.026904318551985433,0.03081987454611427,False,0.01891938426923679,0.023639978176944677,False,0.0265873451187937,0.03038401924802644,False
2023-04-26,-0.0031253787774821,0.0031253787774821,0.019080510240270788,0.025137319864539095,False,0.030655431180194866,0.034165729257227904,False,0.018898580581201686,0.023705169370829723,False,0.026737734919985247,0.030635677712972525,False,0.018781095425727815,0.023488077217082383,False,0.026425196158334174,0.030202022979880984,False
2023-04-27,0.0127845999577979,-0.0127845999577979,0.019080510240270788,0.025137319864539095,False,0.030655431180194866,0.034165729257227904,False,0.018900024867779985,0.023706724649919127,False,0.026739360226297724,0.030637393029576646,False,0.0187848988503239,0.023489312821646208,False,0.02641810614622253,0.0302031569413428,False
2023-04-28,0.0084053655051549,-0.0084053655051549,0.019080510240270788,0.025137319864539095,False,0.030655431180194866,0.034165729257227904,False,0.01886018631065125,0.023649341656041052,False,0.02667090812357884,0.030554713121281447,False,0.018735896097252173,0.023432502965211197,False,0.026344278827362563,0.030122086587018045,False
2023-05-01,-0.0071311637970738,0.0071311637970738,0.017660265124830047,0.0243486818726766,False,0.028512176782348655,0.034165729257227904,False,0.01849323501569581,0.023226817573913282,False,0.026213322144703625,0.0300520599326395,False,0.018369575407783476,0.023012130046574156,False,0.025933987197221606,0.02962451871830992,False
2023-05-02,0.0012024384707756,-0.0012024384707756,0.017660265124830047,0.0243486818726766,False,0.028512176782348655,0.034165729257227904,False,0.018538428222112262,0.023275905884132926,False,0.02626486794777754,0.030106764502244542,False,0.018407763685315208,0.023061370126750063,False,0.025983996288242023,0.02967851458260887,False
2023-05-03,-0.0019933793094969,0.0019933793094969,0.017660265124830047,0.0243486818726766,False,0.028512176782348655,0.034165729257227904,False,0.018545276043456745,0.023281806752513477,False,0.02627017136606183,0.030111299981218313,False,0.018447114855333038,0.023067155414651035,False,0.025976296877712666,0.029682718622480796,False
2023-05-04,-0.0046364338393992,0.0046364338393992,0.017660265124830047,0.0243486818726766,False,0.028512176782348655,0.034165729257227904,False,0.01849035147675724,0.023187318805291485,False,0.026150722152122045,0.029959766517777802,False,0.018394858587009576,0.02297425422837164,False,0.02586626751954111,0.02953537070919521,False
2023-05-05,0.0097062835189943,-0.0097062835189943,0.016703809062638405,0.02311077230147384,False,0.024187457851220392,0.03130234174757923,False,0.018062908373485544,0.022679967295459423,False,0.025592954954277363,0.02933719693905893,False,0.017970703422715922,0.022470029762513385,False,0.025266292566718508,0.028920936912693863,False
2023-05-08,-0.0018928951502226,0.0018928951502226,0.016703809062638405,0.02311077230147384,False,0.024187457851220392,0.03130234174757923,False,0.017998832298311784,0.022617688313423447,False,0.02553180979145846,0.029277509143731055,False,0.017904748987256146,0.02240779953429414,False,0.02521232045685837,0.02886223090692896,False
2023-05-09,-0.0029900810083497,0.0029900810083497,0.016605177950945637,0.022620437189855996,False,0.024187457851220392,0.03130234174757923,False,0.01775383841552278,0.022331905435040076,False,0.025220292383195803,0.028932913563324086,False,0.017666962035996533,0.022123293283979047,False,0.02492823725016887,0.028520354053173838,False
2023-05-10,0.0063159736636206,-0.0063159736636206,0.016605177950945637,0.022620437189855996,False,0.024187457851220392,0.03130234174757923,False,0.017781540251328293,0.02235902487998746,False,0.025247044387005656,0.028959193272467695,False,0.017695169567780306,0.022150180595845243,False,0.024957681875024763,0.028546259303154322,False
2023-05-11,0.0009442604704304,-0.0009442604704304,0.016605177950945637,0.022620437189855996,False,0.024187457851220392,0.03130234174757923,False,0.017708356496291242,0.02228249755998848,False,0.02516840755018327,0.028877844944083075,False,0.01762099625837729,0.022074943527297494,False,0.024848660867418382,0.02846669362623442,False
2023-05-12,-0.0033510181788347,0.0033510181788347,0.016605177950945637,0.022620437189855996,False,0.024187457851220392,0.03130234174757923,False,0.01768517577690171,0.022258128702281738,False,0.025143289074090996,0.028851762937430282,False,0.017600534327092233,0.022050649257836424,False,0.02482471949826396,0.028440465506474263,False
2023-05-15,0.0009833646567742,-0.0009833646567742,0.016605177950945637,0.022620437189855996,False,0.024187457851220392,0.03130234174757923,False,0.017698712915355557,0.022256807370846503,False,0.0251325932598633,0.028829017524588288,False,0.01763191125845393,0.022050476673108756,False,0.024831104906645085,0.02841944594212517,False
2023-05-16,-0.0048658599745867,0.0048658599745867,0.016605177950945637,0.022620437189855996,False,0.024187457851220392,0.03130234174757923,False,0.0176779389596086,0.0222351054751304,False,0.025110305909700124,0.028805977653859415,False,0.017612741391559095,0.02202872363779864,False,0.02480790505785875,0.028396049412369395,False
2023-05-17,0.0067792673482744,-0.0067792673482744,0.016605177950945637,0.022620437189855996,False,0.024187457851220392,0.03130234174757923,False,0.017713191760552836,0.02226284130209546,False,0.02513329913909322,0.028822874931252122,False,0.017644949406322465,0.022056944940003948,False,0.024836475630699593,0.02841435513007196,False
2023-05-18,0.0050687545292588,-0.0050687545292588,0.01632768721451962,0.02204542613157343,False,0.024187457851220392,0.03130234174757923,False,0.017422681900711976,0.021929861765772034,False,0.024773524700309503,0.028428659358306286,False,0.017352575517821274,0.02172619786080936,False,0.024475024475009287,0.028025111342240505,False
2023-05-19,-0.001074592506937,0.001074592506937,0.01632768721451962,0.02204542613157343,False,0.024187457851220392,0.03130234174757923,False,0.017404220851593086,0.0219129853069975,False,0.024757647988818982,0.028414067683415097,False,0.017320551924500383,0.0217088900668928,False,0.024452840444915927,0.028009929456977768,False
2023-05-22,-6.160931906771252e-05,6.160931906771252e-05,0.01632768721451962,0.02204542613157343,False,0.024187457851220392,0.03130234174757923,False,0.01741559048987343,0.02192435024351208,False,0.024769009958902796,0.028425425840563217,False,0.01733541359579177,0.0217205508492726,False,0.024473353377862783,0.02802207976250388,False
2023-05-23,-0.0069022870360584,0.0069022870360584,0.01632768721451962,0.02204542613157343,False,0.024187457851220392,0.03130234174757923,False,0.017428708977063376,0.02193154492422887,False,0.02477246720082118,0.02842407912280048,False,0.017347102358835957,0.021727871311910233,False,0.024457045825875573,0.02802160668745735,False
2023-05-24,-0.006380346340553,0.006380346340553,0.01632768721451962,0.02204542613157343,False,0.024187457851220392,0.03130234174757923,False,0.017455052347568247,0.02196091425233037,False,0.024803745661399444,0.02845781150863049,False,0.017385855999235863,0.021757983294883036,False,0.024506250126362008,0.028056220687304317,False
2023-05-25,0.0076070191996758,-0.0076070191996758,0.01632768721451962,0.02204542613157343,False,0.024187457851220392,0.03130234174757923,False,0.017508134184108508,0.022013966628015906,False,0.02485677944968818,0.02851082140539629,False,0.017439767510845715,0.021810898695840415,False,0.024565829350086617,0.02810885835428796,False
2023-05-26,0.0137827245061361,-0.0137827245061361,0.01632768721451962,0.02204542613157343,False,0.024187457851220392,0.03130234174757923,False,0.017493347152288972,0.021989194216956765,False,0.024825707078636076,0.028471651308754207,False,0.017426708523832053,0.021786509355211984,False,0.02452851165496307,0.02807079003304781,False
2023-05-30,0.0042130043333706,-0.0042130043333706,0.01632768721451962,0.02204542613157343,False,0.024187457851220392,0.03130234174757923,False,0.0174656341116829,0.021949600626903206,False,0.024778617830739428,0.02841492743136825,False,0.01739922178449404,0.02174760331411935,False,0.024453102469788907,0.02801500873077887,False
2023-05-31,-0.0016654682538042,0.0016654682538042,0.01632768721451962,0.02204542613157343,False,0.024187457851220392,0.03130234174757923,False,0.01739518235724383,0.02187429575696379,False,0.024700251040690638,0.028332624967306954,False,0.017316600583760024,0.02167316850452333,False,0.024400983024148747,0.027934017401711277,False
2023-06-01,0.0086578274036671,-0.0086578274036671,0.01632768721451962,0.02204542613157343,False,0.024187457851220392,0.03130234174757923,False,0.017379014943329756,0.021856756917846037,False,0.024681846944109027,0.028313108702153665,False,0.017305025382290794,0.02165555562936881,False,0.024384047212470592,0.027914105291613076,False
2023-06-02,0.0032556238215341,-0.0032556238215341,0.01632768721451962,0.02204542613157343,False,0.024187457851220392,0.03130234174757923,False,0.017351113409137434,0.02181388625824587,False,0.02462953198710802,0.028248654409533447,False,0.01729159189233764,0.021613156560605175,False,0.02432104503231768,0.027850507567693857,False
2023-06-05,-5.97611387858744e-05,5.97611387858744e-05,0.01632768721451962,0.02204542613157343,False,0.024187457851220392,0.03130234174757923,False,0.01720849660943562,0.021653612286646938,False,0.024458117779983583,0.028062920973335494,False,0.01713880468811936,0.02145402547515383,False,0.02415136857946008,0.02766580270683299,False
2023-06-06,0.0021721154687923,-0.0021721154687923,0.01632768721451962,0.02204542613157343,False,0.024187457851220392,0.03130234174757923,False,0.017197492837110383,0.021642088253639186,False,0.024446265504912402,0.02805064678857604,False,0.017121147354326523,0.021442878150958192,False,0.024127201693442017,0.027654784350675296,False
2023-06-07,-0.0103946283166251,0.0103946283166251,0.01632768721451962,0.02204542613157343,False,0.024187457851220392,0.03130234174757923,False,0.017202116076703453,0.021640814431967047,False,0.02444127111848699,0.028040870131716314,False,0.017130981438673268,0.021441970300333884,False,0.024131817219461324,0.027645687684339056,False
2023-06-08,0.0098437355814978,-0.0098437355814978,0.01632768721451962,0.02204542613157343,False,0.024187457851220392,0.03130234174757923,False,0.01722524197402826,0.02166744171299881,False,0.02447010748710016,0.028072545976303688,False,0.017156376519926297,0.02146909785579114,False,0.024173895296618446,0.027676293503110322,False
2023-06-09,0.0009964036595278,-0.0009964036595278,0.016061626786719706,0.02204542613157343,False,0.024187457851220392,0.03130234174757923,False,0.017067035361015604,0.0214953267141981,False,0.02428921743109543,0.02788037680021662,False,0.0169918738678517,0.021297794679387055,False,0.02398845151925192,0.02748423531358556,False
2023-06-12,0.0083099574357963,-0.0083099574357963,0.015283558505046735,0.021721196881339576,False,0.024187457851220392,0.03130234174757923,False,0.016858834616360438,0.02125520903980281,False,0.024028962776858304,0.027594238848759802,False,0.016784262288026864,0.02105866363445736,False,0.023736636614540417,0.027197808961104446,False
2023-06-13,0.0014768034924439,-0.0014768034924439,0.014863390468095941,0.020033208238437412,False,0.022347624711574338,0.0269866700561938,False,0.016247514037327274,0.02053468044210816,False,0.02323953282529726,0.026716245754415138,False,0.016168740407459345,0.020343673848818876,False,0.02295535434121784,0.026330364359557216,False
2023-06-14,0.0039769362000503,-0.0039769362000503,0.014863390468095941,0.020033208238437412,False,0.022347624711574338,0.0269866700561938,False,0.01621550833880707,0.020500591726800004,False,0.023204129896265847,0.026679153585752124,False,0.01612346941219882,0.020309992867260186,False,0.0229262225737619,0.0262938990799944,False
2023-06-15,0.0109138642450843,-0.0109138642450843,0.014863390468095941,0.020033208238437412,False,0.022347624711574338,0.0269866700561938,False,0.016180331070083803,0.02044259970187351,False,0.023131743620717456,0.02658826549563036,False,0.01609865801955018,0.02025288690674018,False,0.022851537853220232,0.026205455075079126,False
2023-06-16,-0.0039431692760953,0.0039431692760953,0.014359637209901906,0.019611454050964625,False,0.022347624711574338,0.0269866700561938,False,0.015951307596189523,0.020186859972245837,False,0.022859148112431463,0.026294004219572363,False,0.015866488614048487,0.019998163899750777,False,0.022590297801722684,0.02591266632107113,False
2023-06-20,-0.0026018814326502,0.0026018814326502,0.014359637209901906,0.019611454050964625,False,0.022347624711574338,0.0269866700561938,False,0.0159851651509711,0.02022194500505196,False,0.022895007583770294,0.0263308591243316,False,0.015900126814420566,0.020033092359240293,False,0.02262298186423558,0.02594897210962704,False
2023-06-21,-0.0051893661125192,0.0051893661125192,0.014359637209901906,0.019611454050964625,False,0.022347624711574338,0.0269866700561938,False,0.016003617189519304,0.020229814015707757,False,0.02289619956687143,0.02632346871374218,False,0.01592374795780185,0.020041534259642526,False,0.022617132951774026,0.025944429265559305,False
2023-06-22,0.0004918768519532,-0.0004918768519532,0.014359637209901906,0.019611454050964625,False,0.022347624711574338,0.0269866700561938,False,0.016049085731832797,0.020276471059203875,False,0.022943606457691567,0.026371839429391537,False,0.0159871554787358,0.020088626640538104,False,0.0226566400856258,0.025995068770003828,False
2023-06-23,-0.0030947124183115,0.0030947124183115,0.014359637209901906,0.019611454050964625,False,0.022347624711574338,0.0269866700561938,False,0.016060757690771563,0.020283105178410955,False,0.022947062110863562,0.026371209604913196,False,0.015986186233589418,0.02009481217297487,False,0.022656565152479463,0.025993215817022325,False
2023-06-26,-0.0045119570765334,0.0045119570765334,0.014359637209901906,0.019611454050964625,False,0.022347624711574338,0.0269866700561938,False,0.01604643318646241,0.020243334846984738,False,0.022891237537632534,0.02629474952846696,False,0.015971120601163374,0.020055911711330632,False,0.022589804224439455,0.025919455264972094,False
2023-06-27,0.0074728846824153,-0.0074728846824153,0.014359637209901906,0.019611454050964625,False,0.022347624711574338,0.0269866700561938,False,0.016041004586074457,0.020237260906938066,False,0.022884756440888634,0.026287745088208185,False,0.015968879535144264,0.020049822704639647,False,0.022581564269130282,0.02591263221044323,False
2023-06-28,0.001196428435349,-0.001196428435349,0.013911197517101109,0.019534527838615676,False,0.022347624711574338,0.0269866700561938,False,0.01588613279820449,0.020065988411977053,False,0.0227031364372301,0.02609282479596591,False,0.015803269957100616,0.01987939644287848,False,0.022406924174908752,0.025718916697089242,False
2023-06-29,-0.0026944492966358,0.0026944492966358,0.013911197517101109,0.019534527838615676,False,0.022347624711574338,0.0269866700561938,False,0.015891302205828635,0.02007072959297649,False,0.022707607442151202,0.026096948526976423,False,0.015813288263773442,0.019884179820946743,False,0.02240409928399042,0.025723588581494806,False
2023-06-30,0.0119337106058206,-0.0119337106058206,0.013911197517101109,0.019534527838615676,False,0.022347624711574338,0.0269866700561938,False,0.015871390699954246,0.020048616505384753,False,0.02268410533603471,0.02607166103002167,False,0.015799710053569227,0.019862433625536965,False,0.02241220592170312,0.02569705984804477,False
2023-07-03,8.346007850223992e-05,-8.346007850223992e-05,0.013911197517101109,0.019534527838615676,False,0.022347624711574338,0.0269866700561938,False,0.015880196561966056,0.02006385029491157,False,0.022703394623626298,0.026096163098408037,False,0.015806007169291623,0.019877343070489287,False,0.022425077044980358,0.02572060876277249,False
2023-07-05,-0.0030316874367475,0.0030316874367475,0.013911197517101109,0.019534527838615676,False,0.022347624711574338,0.0269866700561938,False,0.01589097772028474,0.020073974502660026,False,0.022713104349139226,0.0261053400644417,False,0.015808844104995966,0.019886861258450985,False,0.02243031300922633,0.025726618905977244,False
2023-07-06,-0.0083117777191098,0.0083117777191098,0.013911197517101109,0.019534527838615676,False,0.022347624711574338,0.0269866700561938,False,0.01589255949775163,0.020075702847653146,False,0.022714925166288823,0.02610727974173465,False,0.015810862564255186,0.019888885395231825,False,0.02242840245306569,0.025729535133769646,False
2023-07-07,-0.0019186220440504,0.0019186220440504,0.013911197517101109,0.019534527838615676,False,0.022347624711574338,0.0269866700561938,False,0.015962824026051294,0.02014555131159966,False,0.02278451112755853,0.02617652829218813,False,0.015881279424215074,0.01995874862774453,False,0.02249904034736433,0.025798755861942847,False
2023-07-10,0.0014743327104927,-0.0014743327104927,0.013911197517101109,0.019534527838615676,False,0.022347624711574338,0.0269866700561938,False,0.015961419460029436,0.02014404123540217,False,0.022782934483044564,0.026174866083327655,False,0.015880658305588845,0.019957462942981927,False,0.022500368467391247,0.025797847466694165,False
2023-07-11,0.005372813347503,-0.005372813347503,0.013911197517101109,0.019534527838615676,False,0.022347624711574338,0.0269866700561938,False,0.015906743954567634,0.02008435716102806,False,0.022720090410135358,0.026107960270180336,False,0.01582444155954967,0.019898357522648822,False,0.022444561911134354,0.025731727202809588,False
2023-07-12,0.0106332819541801,-0.0106332819541801,0.013911197517101109,0.019534527838615676,False,0.022347624711574338,0.0269866700561938,False,0.01586012401390826,0.02003677018324834,False,0.02267189331079453,0.026058978944116823,False,0.015779349694771905,0.019850719889727378,False,0.022394859376469352,0.025682597387194594,False
2023-07-13,0.0096291996864712,-0.0096291996864712,0.013911197517101109,0.019534527838615676,False,0.022347624711574338,0.0269866700561938,False,0.015852381264106104,0.02003746390840036,False,0.022677909763648488,0.026071837025865015,False,0.015771482279697102,0.019851020760006312,False,0.022395166135149233,0.02569508967384537,False
2023-07-14,-0.0019575979652583,0.0019575979652583,0.013911197517101109,0.019534527838615676,False,0.022347624711574338,0.0269866700561938,False,0.01581860281665589,0.02000876821746407,False,0.022652420877573916,0.026050470043075518,False,0.015726412026855607,0.01982260147526445,False,0.022375338127163264,0.02567398384119273,False
2023-07-17,0.0039296541017828,-0.0039296541017828,0.013911197517101109,0.019534527838615676,False,0.022347624711574338,0.0269866700561938,False,0.015830316097779042,0.020008256549794615,False,0.02264419626416035,0.026032331506685304,False,0.015741180210925115,0.01982241727370271,False,0.02235122588734787,0.025655958201958918,False
2023-07-18,0.0076437930409328,-0.0076437930409328,0.013911197517101109,0.019534527838615676,False,0.022347624711574338,0.0269866700561938,False,0.015767587190037673,0.019941064845340906,False,0.022574188898922026,0.02595870499967247,False,0.015684619624961114,0.01975547115984414,False,0.022282780926314708,0.02558262790477299,False
2023-07-19,0.003114952017489,-0.003114952017489,0.013911197517101109,0.019534527838615676,False,0.022347624711574338,0.0269866700561938,False,0.01572704015732496,0.019879922014377847,False,0.022500051798849424,0.02586786556726618,False,0.015648511260457902,0.01969514273321122,False,0.02222104702626869,0.025493234824464226,False
2023-07-20,-0.0116046284974435,0.0116046284974435,0.013911197517101109,0.019534527838615676,False,0.022347624711574338,0.0269866700561938,False,0.015730816891514662,0.019882104597592973,False,0.02250122860280253,0.025867749581348083,False,0.01565136390403842,0.019697160431251803,False,0.022221581443763464,0.025492180905453635,False
2023-07-21,-0.001150493754383,0.001150493754383,0.013911197517101109,0.019534527838615676,False,0.022347624711574338,0.0269866700561938,False,0.015825974760566717,0.01997619657002888,False,0.022594648081397464,0.025960304662297443,False,0.015734245581976017,0.019792261614829436,False,0.022339990368242486,0.02558630049589123,False
2023-07-24,0.0008166366626139,-0.0008166366626139,0.013911197517101109,0.019534527838615676,False,0.022347624711574338,0.0269866700561938,False,0.01580616051947299,0.019954608546475003,False,0.022571940945763112,0.025936159063158205,False,0.01571492905399516,0.01977171944808188,False,0.022338445294316,0.025564256991642432,False
2023-07-25,0.0032466925353398,-0.0032466925353398,0.013911197517101109,0.019534527838615676,False,0.022347624711574338,0.0269866700561938,False,0.01578479809696998,0.019932008094485656,False,0.02254855939812914,0.025911773525308934,False,0.015697738005381864,0.019748945021766107,False,0.022300245792031777,0.025540201578994642,False
2023-07-26,0.0001593697224669,-0.0001593697224669,0.013911197517101109,0.019534527838615676,False,0.022347624711574338,0.0269866700561938,False,0.015700629802542526,0.01983958233784071,False,0.022450923856220634,0.02580744152636036,False,0.01561343761922218,0.01965701290988724,False,0.022219260726974725,0.025436507634089178,False
2023-07-27,-0.0094953905994736,0.0094953905994736,0.013911197517101109,0.019534527838615676,False,0.022347624711574338,0.0269866700561938,False,0.015640468514793587,0.019742598738506843,False,0.022330708381134524,0.02565736469421925,False,0.015558161597382238,0.019561734601476873,False,0.022095489730538178,0.025288283983771528,False
2023-07-28,0.0106943061831003,-0.0106943061831003,0.013911197517101109,0.019534527838615676,False,0.022347624711574338,0.0269866700561938,False,0.015718867433711807,0.019820208061980874,False,0.022407819534274752,0.025733835518426472,False,0.015622896870260215,0.019638607957381753,False,0.022172100035697043,0.02536281114644475,False
2023-07-31,0.0017770603949007,-0.0017770603949007,0.013911197517101109,0.019534527838615676,False,0.022347624711574338,0.0269866700561938,False,0.015720044410912157,0.0198221163072074,False,0.02241018914999092,0.025736798161975296,False,0.015630611591268127,0.019640729337033265,False,0.022183597546161615,0.025365739234125217,False
2023-08-01,-0.006556620460659,0.006556620460659,0.013911197517101109,0.019534527838615676,False,0.022347624711574338,0.0269866700561938,False,0.015725737456303363,0.01982665970765863,False,0.022414007218238517,0.025739683916183895,False,0.015643646340034834,0.019645523305264107,False,0.02218305368294634,0.025371282125619503,False
2023-08-02,-0.0139050390870035,0.0139050390870035,0.013911197517101109,0.019534527838615676,False,0.022347624711574338,0.0269866700561938,False,0.01570749294025815,0.019805762177254594,False,0.022391435852127266,0.02571496106621324,False,0.015632564358986776,0.019625163918729975,False,0.02215216752023797,0.02534714481591622,False
2023-08-03,-0.0062113508036102,0.0062113508036102,0.014015103845292311,0.019534527838615676,False,0.022347624711574338,0.0269866700561938,False,0.01580938459933315,0.01990255403997679,False,0.022485010159239004,0.025804399651442128,False,0.01572938886258993,0.019721906547535757,False,0.022250350156858206,0.02543678011505736,False
2023-08-04,0.0011059008337882,-0.0011059008337882,0.014015103845292311,0.019534527838615676,False,0.022347624711574338,0.0269866700561938,False,0.01585860884059193,0.019954605163802368,False,0.022538844815432082,0.025860526791350816,False,0.015771967633793158,0.019772804268935087,False,0.022291355286505544,0.025490045659510775,False
2023-08-07,0.0032985274021875,-0.0032985274021875,0.014015103845292311,0.019534527838615676,False,0.022347624711574338,0.0269866700561938,False,0.01578762241855818,0.019876023112056048,False,0.022455470540760396,0.025770992778163502,False,0.01570398811778243,0.019694233704519712,False,0.022182631005911883,0.025401812079455754,False
2023-08-08,-0.0024935982377956,0.0024935982377956,0.014015103845292311,0.019534527838615676,False,0.022347624711574338,0.0269866700561938,False,0.015787477840626587,0.01987591511755793,False,0.022455385627425422,0.02577093753246541,False,0.01571107599137898,0.019694557494495463,False,0.022221215268965446,0.025402903238302074,False
2023-08-09,-0.0051022442487549,0.0051022442487549,0.014015103845292311,0.019534527838615676,False,0.022347624711574338,0.0269866700561938,False,0.01577256088003098,0.01985948773799144,False,0.022438005296662903,0.02575233231499016,False,0.015699639298927665,0.019678125523236018,False,0.02219595051076698,0.02538454864532348,False
2023-08-10,-0.0028471030007043,0.0028471030007043,0.014015103845292311,0.019534527838615676,False,0.022347624711574338,0.0269866700561938,False,0.01579664052260554,0.01987058224829464,False,0.02244090724743983,0.025744703865733215,False,0.015719298249441835,0.019689995702198877,False,0.022203808214764417,0.025378336710371648,False
2023-08-11,-0.0022875324371963,0.0022875324371963,0.014015103845292311,0.019534527838615676,False,0.022347624711574338,0.0269866700561938,False,0.015770044638465132,0.01984091822192019,False,0.022409307473522558,0.025710615956584804,False,0.01568900234193429,0.01966007919027268,False,0.022155060204075958,0.025344880802780797,False
2023-08-14,0.0041171708859072,-0.0041171708859072,0.014015103845292311,0.019534527838615676,False,0.022347624711574338,0.0269866700561938,False,0.015766814543399323,0.019819252765298487,False,0.022376010807162,0.025662368981833404,False,0.01569060433872874,0.019639485507516548,False,0.022115323751869084,0.025298239103485352,False
2023-08-15,-0.0089296315213649,0.0089296315213649,0.014015103845292311,0.019534527838615676,False,0.022347624711574338,0.0269866700561938,False,0.01576121488673411,0.019814823509649672,False,0.022372319979108376,0.02565962730013002,False,0.01568089459520615,0.019634824965070054,False,0.022110888022819873,0.025294551742758787,False
2023-08-16,-0.0080136388491885,0.0080136388491885,0.014015103845292311,0.019534527838615676,False,0.022347624711574338,0.0269866700561938,False,0.01582808751013165,0.019888831023082348,False,0.022450829026303257,0.025743922445201885,False,0.015749638099136366,0.019708457148054782,False,0.022193452596742352,0.025378292877560292,False
2023-08-17,-0.0068620222292231,0.0068620222292231,0.014015103845292311,0.019534527838615676,False,0.022347624711574338,0.0269866700561938,False,0.015820883091515272,0.019880543018999615,False,0.0224418573681576,0.0257340720444918,False,0.015741478211481037,0.019700188597762094,False,0.022182761357331833,0.025368651894476586,False
2023-08-18,0.0006107934116914,-0.0006107934116914,0.014015103845292311,0.019534527838615676,False,0.022347624711574338,0.0269866700561938,False,0.0158708823019637,0.01993457665026124,False,0.02249843638994552,0.02579392281308831,False,0.01579285997258899,0.019754015975444603,False,0.02224251771884564,0.025428134189512473,False
2023-08-21,0.0043749473326967,-0.0043749473326967,0.013801132758812295,0.019483542504511633,False,0.022347624711574338,0.0269866700561938,False,0.015736441755614332,0.019781406730879535,False,0.022333449763559943,0.02561374744728194,False,0.01565754335705644,0.019601669463767707,False,0.022076472945373765,0.02524972823905466,False
2023-08-22,0.0003416071447742,-0.0003416071447742,0.013440468443311825,0.019260104555014566,False,0.022347624711574338,0.0269866700561938,False,0.015561856206147084,0.019583761827082168,False,0.02212125628766957,0.025382853797951316,False,0.01548644160110352,0.019404810390547412,False,0.021891749076294372,0.025019886769611907,False
2023-08-23,0.014877419819993,-0.014877419819993,0.013440468443311825,0.019260104555014566,False,0.022347624711574338,0.0269866700561938,False,0.01555481389333496,0.019576523901123438,False,0.022113894945767577,0.025375333821955913,False,0.015477725451151373,0.01939745526124577,False,0.021877717468718073,0.025011647922048703,False
2023-08-24,-0.0122401879597371,0.0122401879597371,0.013440468443311825,0.019260104555014566,False,0.022347624711574338,0.0269866700561938,False,0.015571798901971988,0.019611942320013086,False,0.022160943343282856,0.025437330945436563,False,0.015488576934237386,0.019431680171866302,False,0.021916651750468353,0.025070230047451632,False
2023-08-25,0.0052171020329753,-0.0052171020329753,0.013440468443311825,0.019260104555014566,False,0.022347624711574338,0.0269866700561938,False,0.015669540393297033,0.019708546812094434,False,0.02225683048156367,0.02553229602480999,False,0.01558699574933027,0.019528457470927674,False,0.022006246133736137,0.025165637992996984,False
2023-08-28,0.0050590158529646,-0.0050590158529646,0.013083856827156086,0.018418015303006015,False,0.020338885018683098,0.0257931937555948,False,0.015356079833225763,0.019345247598093442,False,0.021862087141273013,0.025097135617364198,False,0.015271190902390389,0.01916742550156414,False,0.021591160172429343,0.024733374932956485,False
2023-08-29,0.0147843454658879,-0.0147843454658879,0.013083856827156086,0.018418015303006015,False,0.020338885018683098,0.0257931937555948,False,0.015299611675482813,0.019286353603002408,False,0.02180166264064226,0.025034743863943203,False,0.015214835339689408,0.01910860367251888,False,0.021529125503231075,0.024671114961769734,False
2023-08-30,0.0032093568527262,-0.0032093568527262,0.013083856827156086,0.018418015303006015,False,0.020338885018683098,0.0257931937555948,False,0.01525568214161685,0.019254344999739086,False,0.02177717517243785,0.025019923772658687,False,0.015166551588490609,0.01907602116550013,False,0.021508480554745656,0.02465475003999516,False
2023-08-31,0.0008085613544733,-0.0008085613544733,0.013083856827156086,0.018418015303006015,False,0.020338885018683098,0.0257931937555948,False,0.015192581938352726,0.01918616623319294,False,0.021705792246617363,0.024944422344089102,False,0.015106676501946916,0.019008234390237824,False,0.021435914022573308,0.024579851632804385,False
2023-09-01,-0.0025591664913743,0.0025591664913743,0.013083856827156086,0.018418015303006015,False,0.020338885018683098,0.0257931937555948,False,0.015168945389465886,0.019161021630070496,False,0.021679696184254,0.02491710331271457,False,0.015088619625246652,0.018983277400272544,False,0.021425023826959537,0.024554409937349968,False
2023-09-05,-0.0054396369057082,0.0054396369057082,0.013083856827156086,0.018418015303006015,False,0.020338885018683098,0.0257931937555948,False,0.015149507496465755,0.019139428479058813,False,0.021656743241198224,0.024892402545411533,False,0.015068102458905261,0.018961965698479057,False,0.021377124738707773,0.02452948447556697,False
2023-09-06,-0.0050792823328837,0.0050792823328837,0.013083856827156086,0.018418015303006015,False,0.020338885018683098,0.0257931937555948,False,0.01511464736323673,0.019099467018783876,False,0.021613563259570305,0.024845085600572574,False,0.015034146293302833,0.018921948502230244,False,0.02137912355955036,0.024483642224452488,False
2023-09-07,-0.0023010422866734,0.0023010422866734,0.013083856827156086,0.018418015303006015,False,0.020338885018683098,0.0257931937555948,False,0.015120205621349948,0.019084077735519293,False,0.02158495778596739,0.02479949254564783,False,0.015043267439336564,0.018907850289373265,False,0.021342192627621884,0.02444028104174906,False
2023-09-08,0.0017682881445274,-0.0017682881445274,0.013083856827156086,0.018418015303006015,False,0.020338885018683098,0.0257931937555948,False,0.015135850398864833,0.019100384318826873,False,0.02160168191475993,0.024816753371302302,False,0.015057969250997729,0.018924014333829894,False,0.021373811932619533,0.024458044096457448,False
2023-09-11,0.0044132425976331,-0.0044132425976331,0.013083856827156086,0.018418015303006015,False,0.020338885018683098,0.0257931937555948,False,0.015126836570576913,0.019077752467095394,False,0.021570458200784765,0.02477448600898112,False,0.01505101020962098,0.018901995041499604,False,0.021327266273037226,0.0244166256327784,False
2023-09-12,-0.0045871879115934,0.0045871879115934,0.013083856827156086,0.018418015303006015,False,0.020338885018683098,0.0257931937555948,False,0.015127864722126082,0.01907703584146452,False,0.021568640763039777,0.024771253629802193,False,0.015047788271746809,0.018901230273712388,False,0.021324315926778924,0.02441337277397629,False
2023-09-13,0.0010297198163575,-0.0010297198163575,0.012794487759717742,0.016910985529423148,False,0.02000350845450876,0.021646614315858265,False,0.014638207662561714,0.018491439929508555,False,0.02092251525903382,0.024047325722758507,False,0.014575157607280748,0.01831977488087556,False,0.0207012305358541,0.023694586002327035,False
2023-09-14,0.0041258483130871,-0.0041258483130871,0.012794487759717742,0.016910985529423148,False,0.02000350845450876,0.021646614315858265,False,0.014645227049007663,0.018497610658650018,False,0.020928150554624117,0.024052272792713426,False,0.014581964532717937,0.0183259169309758,False,0.02070522628697273,0.02369936508502961,False
2023-09-15,-0.009328245742732,0.009328245742732,0.012794487759717742,0.016910985529423148,False,0.02000350845450876,0.021646614315858265,False,0.014533472469578469,0.01837348251406711,False,0.020796215699492897,0.023910303492942684,False,0.014455275560674889,0.018201785287621747,False,0.020577808270353472,0.023556093509377717,False
2023-09-18,0.0025185888475842,-0.0025185888475842,0.012794487759717742,0.016910985529423148,False,0.02000350845450876,0.021646614315858265,False,0.01457145999802058,0.018417144027105214,False,0.020843457034097887,0.023962146192118575,False,0.014497127923219536,0.018245264819160428,False,0.02061902446616336,0.023607769053227656,False
2023-09-19,-0.0029806334848205,0.0029806334848205,0.012794487759717742,0.016910985529423148,False,0.02000350845450876,0.021646614315858265,False,0.014576056565061635,0.018419745356019493,False,0.020844799530465745,0.023961870633683543,False,0.014498914524131917,0.01824786486313866,False,0.020623059869787026,0.023607368405884108,False
2023-09-20,-0.0065461278942204,0.0065461278942204,0.012794487759717742,0.016910985529423148,False,0.02000350845450876,0.021646614315858265,False,0.014518813285814605,0.018354517793144388,False,0.020774534535739294,0.02388513071834554,False,0.014435324896241828,0.018183090720618304,False,0.02055862523697242,0.023531255743389816,False
2023-09-21,-0.0174146080942833,0.0174146080942833,0.012794487759717742,0.016910985529423148,True,0.02000350845450876,0.021646614315858265,False,0.014510686333959926,0.01834520108167382,True,0.02076446718297595,0.02387409852021615,False,0.014445965096118433,0.018174059639712883,True,0.020536582194116162,0.023522177416539995,False
2023-09-22,0.0012254448083707,-0.0012254448083707,0.013083856827156086,0.017250797126655705,False,0.02000350845450876,0.021646614315858265,False,0.014596507801311265,0.018446949782502685,False,0.02087626466926396,0.02399881232775884,False,0.01453811318700346,0.018274792829086048,False,0.020604442533256117,0.023645581494678374,False
2023-09-25,-0.00282483164624,0.00282483164624,0.013083856827156086,0.017250797126655705,False,0.02000350845450876,0.021646614315858265,False,0.014479599255183119,0.01831433667674896,False,0.02073374326709262,0.023843555183528254,False,0.014409009963832051,0.0181423678612024,False,0.02049995113372303,0.023488699832766226,False
2023-09-26,-0.0115244675238565,0.0115244675238565,0.013083856827156086,0.017250797126655705,False,0.02000350845450876,0.021646614315858265,False,0.014407843209136663,0.01823221060187455,False,0.020645074549703154,0.023746476805795006,False,0.014314933635363139,0.01806073433679868,False,0.020402454662416962,0.023391331213316574,False
2023-09-27,-0.0021446562086764,0.0021446562086764,0.013083856827156086,0.017250797126655705,False,0.02000350845450876,0.021646614315858265,False,0.014468417874437034,0.01830243744080522,False,0.020721391123060224,0.023830620888907035,False,0.01438039619267919,0.018131160916092372,False,0.02049103848527499,0.023476164602954794,False
2023-09-28,0.0042714506600769,-0.0042714506600769,0.013083856827156086,0.017250797126655705,False,0.02000350845450876,0.021646614315858265,False,0.014393730015943912,0.018183572485176918,False,0.020574654021779906,0.023648058006614462,False,0.014310155419194207,0.018015947135413185,False,0.02031181481249438,0.023301572135884983,False
2023-09-29,-0.0023080255607158,0.0023080255607158,0.012656466113524681,0.016971591091161385,False,0.02000350845450876,0.021646614315858265,False,0.014207131051829512,0.01797080578597119,False,0.020345377615709172,0.023397560660107106,False,0.014121687740336654,0.01780417022001529,False,0.020084989156743366,0.023052552884717546,False
2023-10-02,-0.0029954013562032,0.0029954013562032,0.012194439135811409,0.016913370370351934,False,0.02000350845450876,0.021646614315858265,False,0.014099305512312735,0.017846449990560922,False,0.020210592576871734,0.023249370274016884,False,0.014012326265111537,0.01768049504672994,False,0.01993588782106927,0.022905741355963363,False
2023-10-03,-0.0144774953244358,0.0144774953244358,0.012194439135811409,0.016913370370351934,True,0.02000350845450876,0.021646614315858265,False,0.014018894741611544,0.017718942059478264,True,0.020053370178359686,0.023053954045136982,False,0.013927013834832021,0.017554538408670578,True,0.01981839714134235,0.022712019969103867,False
2023-10-04,0.0091188731868485,-0.0091188731868485,0.01274326561042077,0.017085470936867218,False,0.02000350845450876,0.021646614315858265,False,0.014076922429531784,0.017754801162603886,False,0.020075242712326996,0.023057848782560224,False,0.01396483677932767,0.01759056619391601,False,0.01982692020065595,0.02271601109069094,False
2023-10-05,-0.0021592003984715,0.0021592003984715,0.01274326561042077,0.017085470936867218,False,0.02000350845450876,0.021646614315858265,False,0.014046829959473005,0.017730198922190795,False,0.020054104359092353,0.023041162776305097,False,0.013942113035543033,0.01756609315152079,False,0.019792149177445338,0.02269901480729875,False
2023-10-06,0.0072874342104298,-0.0072874342104298,0.01274326561042077,0.017085470936867218,False,0.02000350845450876,0.021646614315858265,False,0.01400550835014999,0.017683680256994808,False,0.020004306775460196,0.022987150597380632,False,0.013887710209922789,0.017519790981921593,False,0.019747643363265566,0.02264530706405082,False
2023-10-09,0.0112876419427725,-0.0112876419427725,0.012194439135811409,0.01616013686390167,False,0.01913641658292645,0.0201742321491623,False,0.013663891465365126,0.017287345870467416,False,0.019573450107543078,0.02251192032046501,False,0.013548389490547163,0.017125280446575127,False,0.019274234375943455,0.022174953618299673,False
2023-10-10,0.0029382649754399,-0.0029382649754399,0.012194439135811409,0.01616013686390167,False,0.01913641658292645,0.0201742321491623,False,0.013566984357810211,0.017188410094208333,False,0.019473234406769506,0.022410059454086296,False,0.013463924733942503,0.017025358168686815,False,0.019196417196073887,0.022071830860687727,False
2023-10-11,0.0086950189632182,-0.0086950189632182,0.012194439135811409,0.01616013686390167,False,0.01913641658292645,0.0201742321491623,False,0.013521397914644037,0.017139707023783986,False,0.019422564998706062,0.022356862591461805,False,0.013416110792941494,0.016976871479955663,False,0.019140532378277245,0.022018905640606014,False
2023-10-12,-0.0091903964892741,0.0091903964892741,0.012194439135811409,0.01616013686390167,False,0.01913641658292645,0.0201742321491623,False,0.013512211609687326,0.017136637738761454,False,0.0194233550544193,0.022362613294904767,False,0.013396519628843083,0.0169730912404011,False,0.019157481408921616,0.022022848377905805,False
2023-10-13,0.0032658509956552,-0.0032658509956552,0.012194439135811409,0.01616013686390167,False,0.01913641658292645,0.0201742321491623,False,0.013578163125812207,0.017196319370701915,False,0.019479080900748163,0.02241325452698032,False,0.013482225542180424,0.0170314683859741,False,0.019241610823316012,0.022073332608650634,False
2023-10-16,0.0030866325695606,-0.0030866325695606,0.01189827097246246,0.015543969005358683,False,0.017912683012564806,0.019588405320322997,False,0.013320062956155931,0.016896444313749984,False,0.01915284929665285,0.0220531452337402,False,0.013237261983460686,0.01673217807021713,False,0.018894307092599268,0.021716960054886558,False
2023-10-17,-0.0027632241162297,0.0027632241162297,0.01189827097246246,0.015543969005358683,False,0.017912683012564806,0.019588405320322997,False,0.013266362342363069,0.01681395574362511,False,0.01905219787373903,0.02192914798037978,False,0.013197555624350751,0.016650525257043615,False,0.01877613053649251,0.021593863869325852,False
2023-10-18,-0.0081985442192307,0.0081985442192307,0.01189827097246246,0.015543969005358683,False,0.017912683012564806,0.019588405320322997,False,0.013293949685406389,0.016838154216671935,False,0.019074258246180253,0.021948460120767586,False,0.013227997297970119,0.01667485831398269,False,0.018795724311313343,0.02161333579826442,False
2023-10-19,-0.0081072609169396,0.0081072609169396,0.01189827097246246,0.015543969005358683,False,0.017912683012564806,0.019588405320322997,False,0.013280321916105719,0.016822282577382486,False,0.019056970907915388,0.021929353097642223,False,0.013210643892911473,0.016660521888731544,False,0.018800308493135336,0.02159783224866647,False
2023-10-20,-0.007099394472382,0.007099394472382,0.01189827097246246,0.015543969005358683,False,0.017912683012564806,0.019588405320322997,False,0.013278378403063637,0.016820026449160023,False,0.01905451754500786,0.021926646216877708,False,0.01320969753347711,0.016659124588047983,False,0.018813260843110753,0.021598104427792385,False
2023-10-23,0.001957267758096,-0.001957267758096,0.01189827097246246,0.015543969005358683,False,0.017912683012564806,0.019588405320322997,False,0.013311761735446967,0.016839787418881567,False,0.019065683914792873,0.021926765419391925,False,0.013244885068536768,0.016678419804939924,False,0.018809267862726197,0.02159629501370996,False
2023-10-24,0.0080666703426236,-0.0080666703426236,0.01189827097246246,0.015543969005358683,False,0.017912683012564806,0.019588405320322997,False,0.013317172177510604,0.01684296676701342,False,0.019067455624599383,0.021926727805186647,False,0.013250164707162771,0.016681779448465463,False,0.018815876585900698,0.021597042039833897,False
2023-10-25,-0.015680738087781,0.015680738087781,0.01189827097246246,0.015543969005358683,True,0.017912683012564806,0.019588405320322997,False,0.013262097425067525,0.0167640882871004,True,0.018973558933845735,0.02181352728546017,False,0.013203852629376948,0.016604230941120547,True,0.018721862542784008,0.02148677931632683,False
2023-10-26,-0.0062521631661818,0.0062521631661818,0.012194439135811409,0.015816447019298078,False,0.017912683012564806,0.019588405320322997,False,0.013398235101111388,0.01692365387920599,False,0.019147905630440776,0.022006873043669255,False,0.01331766062612883,0.01676436162167273,False,0.018883685920701644,0.021680384811304586,False
2023-10-27,0.0002819101806838,-0.0002819101806838,0.012194439135811409,0.015816447019298078,False,0.017912683012564806,0.019588405320322997,False,0.013410656601173625,0.016937781555329066,False,0.019163109764519664,0.022023460815286323,False,0.013331068352796686,0.01677816774297434,False,0.018896542005068042,0.02169611390447826,False
2023-10-30,0.0058516625171217,-0.0058516625171217,0.012194439135811409,0.015816447019298078,False,0.017912683012564806,0.019588405320322997,False,0.013391702200516229,0.016899807973864665,False,0.019113136630979383,0.0219580639203219,False,0.013317299138955121,0.016741572834881487,False,0.018843229804171746,0.021633359609377824,False
2023-10-31,0.0019129571665252,-0.0019129571665252,0.012194439135811409,0.015816447019298078,False,0.017912683012564806,0.019588405320322997,False,0.013314885255667153,0.01681800517962656,False,0.019028188172372593,0.021869072146061642,False,0.013242220595120062,0.01666002831605645,False,0.01875239688444958,0.021544617181862256,False
2023-11-01,0.0124690203279711,-0.0124690203279711,0.012194439135811409,0.015816447019298078,False,0.017912683012564806,0.019588405320322997,False,0.01330366491051187,0.016806798099816722,False,0.019016989461913936,0.021857884193244196,False,0.013228911066368147,0.016649333756576557,False,0.018744320217508086,0.02153406453965805,False
2023-11-02,0.017262062824868,-0.017262062824868,0.01189827097246246,0.015171594552752769,False,0.017097215943768135,0.018552739361198136,False,0.013052171378097669,0.01652493886417826,False,0.018715971943862698,0.02153224135790091,False,0.012976295972577332,0.016368673621595244,False,0.01841532535539466,0.02121079263729764,False
2023-11-03,0.0084880147888727,-0.0084880147888727,0.01189827097246246,0.015171594552752769,False,0.017097215943768135,0.018552739361198136,False,0.012998761076753063,0.016486326163267527,False,0.01868669532208209,0.02151496497214823,False,0.012925580738605759,0.016328717898833608,False,0.01840313293270985,0.02119131394409603,False
2023-11-06,-0.0011687831142394,0.0011687831142394,0.01189827097246246,0.015171594552752769,False,0.017097215943768135,0.018552739361198136,False,0.012990769834675689,0.01647372892060999,False,0.018671192068677612,0.021495726444612395,False,0.012922803272401535,0.016314413645964598,False,0.01838103987228448,0.021163504723989965,False
2023-11-07,0.0058297642174209,-0.0058297642174209,0.01189827097246246,0.015171594552752769,False,0.017097215943768135,0.018552739361198136,False,0.01300853004076486,0.016490763777787576,False,0.01868776928984416,0.021511715438101053,False,0.012941602389037035,0.016331393471422546,False,0.018400077453365492,0.02117968175590539,False
2023-11-08,0.002365550108463,-0.002365550108463,0.01189827097246246,0.015171594552752769,False,0.017097215943768135,0.018552739361198136,False,0.013002505859269927,0.016479345691082455,False,0.018672948088824137,0.021492520005196355,False,0.012927465206330509,0.016320456335015297,False,0.018384033689303993,0.02116052741969563,False
2023-11-09,-0.0090462374355467,0.0090462374355467,0.01156855605932935,0.01497924621952944,False,0.017097215943768135,0.018552739361198136,False,0.012850224329256232,0.01630511540505975,False,0.01848486992767982,0.02128664231947341,False,0.01278337186322159,0.016147247629541627,False,0.018178735207916647,0.0209573631990272,False
2023-11-10,0.01134610625016,-0.01134610625016,0.01156855605932935,0.01497924621952944,False,0.017097215943768135,0.018552739361198136,False,0.01200807676368786,0.015186294147488419,False,0.01719149013318176,0.01976889171420841,False,0.011948602093322666,0.015038880047293885,False,0.016813770259374534,0.019459181281164736,False
2023-11-13,-0.0007799009956452,0.0007799009956452,0.01156855605932935,0.01497924621952944,False,0.017097215943768135,0.018552739361198136,False,0.012019228538983096,0.015202931196638453,False,0.01721158794281034,0.019793437851877035,False,0.011959703583669632,0.015055421212878159,False,0.01684338698004568,0.01948441598693559,False
2023-11-14,0.0190131918099439,-0.0190131918099439,0.01156855605932935,0.01497924621952944,False,0.017097215943768135,0.018552739361198136,False,0.01198299030944388,0.015162540046022467,False,0.017168576637665432,0.019747058701158157,False,0.011921683623621086,0.015015179609965698,False,0.0167998071917484,0.01943836979569408,False
2023-11-15,-0.0021671039208458,0.0021671039208458,0.01156855605932935,0.01497924621952944,False,0.017097215943768135,0.018552739361198136,False,0.012052876355189465,0.01525869383176241,False,0.0172813032252088,0.019881087328938462,False,0.0120025871074799,0.015109522884300758,False,0.01693908045877772,0.01957019913055681,False
2023-11-16,0.0048814282734324,-0.0048814282734324,0.01156855605932935,0.01497924621952944,False,0.017097215943768135,0.018552739361198136,False,0.012051146686583135,0.015256796444009447,False,0.017279300020351804,0.019878948110857234,False,0.012001597782640717,0.01510836393306842,False,0.01692435438143406,0.01956832286382862,False
2023-11-17,0.0014766628091746,-0.0014766628091746,0.01156855605932935,0.01497924621952944,False,0.017097215943768135,0.018552739361198136,False,0.012006327114999833,0.015210607967555845,False,0.017232247876559175,0.01983078584237805,False,0.011952938463217194,0.015062013968124531,False,0.016880884467372962,0.019519737254260393,False
2023-11-20,0.0070995165150838,-0.0070995165150838,0.01156855605932935,0.01497924621952944,False,0.017097215943768135,0.018552739361198136,False,0.01199778886427392,0.015201995260875128,False,0.017223588194242852,0.01982206577939154,False,0.011950892043228538,0.015053056269012422,False,0.01688220156760073,0.01951137266287338,False
2023-11-21,-0.0007928077519484,0.0007928077519484,0.01156855605932935,0.01497924621952944,False,0.017097215943768135,0.018552739361198136,False,0.011961937780299432,0.015168337486572701,False,0.017191314219479194,0.019791570487182848,False,0.011916550895277893,0.015019241520918535,False,0.016849556099612115,0.01948049374362028,False
2023-11-22,0.0026351314803774,-0.0026351314803774,0.01156855605932935,0.01497924621952944,False,0.017097215943768135,0.018552739361198136,False,0.011958273008389541,0.015150744306239172,False,0.01716493334929143,0.0197538942593914,False,0.011903276000356074,0.01500238442368161,False,0.016822058327401287,0.019444402006866132,False
2023-11-24,-0.00168129159494,0.00168129159494,0.01156855605932935,0.01497924621952944,False,0.017097215943768135,0.018552739361198136,False,0.011953380933142736,0.015137681458360938,False,0.017146715410208905,0.019729050164903082,False,0.011895439506868161,0.014989971802395134,False,0.01681288407725202,0.01942162138526652,False
2023-11-27,0.003412992109326,-0.003412992109326,0.01156855605932935,0.01497924621952944,False,0.017097215943768135,0.018552739361198136,False,0.011949634019512764,0.01513359447703489,False,0.01714241387389914,0.01972447284789248,False,0.011891217045041138,0.014985874072241894,False,0.01680620032937939,0.019417372282113828,False
2023-11-28,0.0034452940556185,-0.0034452940556185,0.01156855605932935,0.01497924621952944,False,0.017097215943768135,0.018552739361198136,False,0.011841383659542877,0.015012157710279812,False,0.017012657559813488,0.01958402290854713,False,0.011779332551200181,0.014864142382446132,False,0.01665321250996741,0.019274951430305887,False
2023-11-29,0.0022112575314624,-0.0022112575314624,0.01156855605932935,0.01497924621952944,False,0.017097215943768135,0.018552739361198136,False,0.011804063375913864,0.01497310868743424,False,0.01697251784350087,0.019542481256919247,False,0.011747307738979664,0.014825007303260503,False,0.016619013766329026,0.01923391241050594,False
2023-11-30,-0.0019889463227728,0.0019889463227728,0.01156855605932935,0.01497924621952944,False,0.017097215943768135,0.018552739361198136,False,0.011589910607458027,0.014678972115420229,False,0.016627918014117234,0.019133017902844662,False,0.01153121452016931,0.01453328907818496,False,0.016269261740079526,0.0188252970212588,False
2023-12-01,0.0094375483411288,-0.0094375483411288,0.01156855605932935,0.01497924621952944,False,0.017097215943768135,0.018552739361198136,False,0.01160420494233432,0.014685569267092089,False,0.016629658870892045,0.019128516665462638,False,0.011543353312190249,0.01454198417520026,False,0.01625316629364122,0.018827345107709812,False
2023-12-04,-0.0084583757853353,0.0084583757853353,0.01156855605932935,0.01497924621952944,False,0.017097215943768135,0.018552739361198136,False,0.011603996210902414,0.0146943493060594,False,0.01664411009094744,0.019150257402955236,False,0.011542474833872817,0.014549303229413047,False,0.01627901694170503,0.018846236885499926,False
2023-12-05,0.0042790738123516,-0.0042790738123516,0.01137368912438066,0.014575984566626147,False,0.016565011791097158,0.018552739361198136,False,0.011472479649313245,0.014537865001871412,False,0.01647187317729788,0.018957772692670724,False,0.011414909677379329,0.014395133193009198,False,0.016116077257934923,0.01865667683783011,False
2023-12-06,0.0001587026077425,-0.0001587026077425,0.01137368912438066,0.014575984566626147,False,0.016565011791097158,0.018552739361198136,False,0.011396399639175436,0.014454893838962257,False,0.016384554258963208,0.018864865337201924,False,0.01133499627127489,0.014312978840338598,False,0.016048971444744462,0.018564414591364837,False
2023-12-07,0.0056452973895821,-0.0056452973895821,0.01137368912438066,0.014575984566626147,False,0.016565011791097158,0.018552739361198136,False,0.011407047219853353,0.014463969779275141,False,0.016392638622372956,0.018871675165904798,False,0.011349907471885698,0.014322954458163348,False,0.016057056821138734,0.01857379222217142,False
2023-12-08,-0.0008037724555674,0.0008037724555674,0.01137368912438066,0.014575984566626147,False,0.016565011791097158,0.018552739361198136,False,0.011407033610260952,0.014463927266726037,False,0.016392577874415205,0.0188715909788561,False,0.0113473525399878,0.014322839148044015,False,0.016059330382576807,0.018573643561989733,False
2023-12-11,0.0016118500702527,-0.0016118500702527,0.01137368912438066,0.014575984566626147,False,0.016565011791097158,0.018552739361198136,False,0.0113298830626746,0.014375763624992204,False,0.016297465868391644,0.018767547813367993,False,0.011275257547817639,0.014235694539290123,False,0.015986871019354695,0.01847035908249862,False
2023-12-12,0.0043298857738296,-0.0043298857738296,0.01137368912438066,0.014575984566626147,False,0.016565011791097158,0.018552739361198136,False,0.011330471969303106,0.014369700654522602,False,0.016287206105933417,0.018751893656354865,False,0.011269404578070989,0.014229495957158498,False,0.015970162715558928,0.018454861953048265,False
2023-12-13,0.0167721546194154,-0.0167721546194154,0.01137368912438066,0.014575984566626147,False,0.016565011791097158,0.018552739361198136,False,0.011318438717051025,0.014348636587663452,False,0.016260444331519734,0.018717808268407115,False,0.011255284646439856,0.014208844220790294,False,0.0159463528470937,0.018421250864997695,False
2023-12-14,0.0071489522117724,-0.0071489522117724,0.01137368912438066,0.014575984566626147,False,0.016565011791097158,0.018552739361198136,False,0.011344021531692514,0.014401746595368055,False,0.0163309217532058,0.018810609094176152,False,0.011288075243557412,0.014259097095809997,False,0.015969978917014828,0.018509816597582208,False
2023-12-15,-0.0006028475915312,0.0006028475915312,0.010964233563513682,0.013909601490142216,False,0.015557626604593179,0.0171621905877247,False,0.011061738928824241,0.014075190538405901,False,0.0159764327572086,0.018420216175696905,False,0.010994121972458446,0.01393238828732825,False,0.015644894813929763,0.018113675653020533,False
2023-12-18,0.0029129722161187,-0.0029129722161187,0.010964233563513682,0.013909601490142216,False,0.015557626604593179,0.0171621905877247,False,0.010997021365511058,0.014001583108965517,False,0.01589721654721014,0.018333790655495764,False,0.0109335225429827,0.013859068358919747,False,0.015583381595424639,0.018027272839718653,False
2023-12-19,0.0058095223573825,-0.0058095223573825,0.01092125485996472,0.013909601490142216,False,0.015557626604593179,0.0171621905877247,False,0.010883165389211254,0.013872624945253813,False,0.015758730134824227,0.018183056999761808,False,0.010821109704708924,0.013730774571432725,False,0.015438583390437,0.017878471012815277,False
2023-12-20,-0.0087197986069206,0.0087197986069206,0.01092125485996472,0.013909601490142216,False,0.015557626604593179,0.0171621905877247,False,0.010867032064768262,0.013859017457683885,False,0.01574671624433932,0.018173091457506077,False,0.010795913396982302,0.013716226836865523,False,0.015429372291658786,0.017865086520578635,False
2023-12-21,0.0064967296656122,-0.0064967296656122,0.01092125485996472,0.013909601490142216,False,0.015557626604593179,0.0171621905877247,False,0.0109465416715997,0.01393984388361343,False,0.015828373475733227,0.018255816574200303,False,0.01087587045819311,0.013797045481134956,False,0.015510697757370745,0.017948221130984262,False
2023-12-22,0.0009333092706398,-0.0009333092706398,0.010504016826420772,0.013672630750202685,False,0.015557626604593179,0.0171621905877247,False,0.010782505449962116,0.013754632698583779,False,0.0156298026156205,0.018040073703008957,False,0.010718356080221599,0.013612315087881395,False,0.015293498673856511,0.017732829795377044,False
2023-12-26,0.0049311662939281,-0.0049311662939281,0.010504016826420772,0.013672630750202685,False,0.015557626604593179,0.0171621905877247,False,0.010780161770025234,0.013752255006355884,False,0.015627403464410675,0.018037646969251413,False,0.010718953823918418,0.013609701885820329,False,0.01529165826013892,0.017731041202423477,False
2023-12-27,0.005456742729868,-0.005456742729868,0.010504016826420772,0.013672630750202685,False,0.015557626604593179,0.0171621905877247,False,0.01070104864745926,0.013665982979377355,False,0.015536614752556159,0.017941052684862627,False,0.010642463849633308,0.013522885055457812,False,0.015179994843557903,0.017634316535707507,False
2023-12-28,-0.0022952197688877,0.0022952197688877,0.010504016826420772,0.013672630750202685,False,0.015557626604593179,0.0171621905877247,False,0.010590222714442049,0.013542837359422142,False,0.01540569641481298,0.017800143595463003,False,0.010528639836201675,0.013399986731882883,False,0.01506085204730513,0.01749307438196677,False
2023-12-29,-0.0042789663760625,0.0042789663760625,0.010504016826420772,0.013672630750202685,False,0.015557626604593179,0.0171621905877247,False,0.010558606546602647,0.013484188015654682,False,0.015329991341589199,0.017702515745423423,False,0.010498195550491128,0.013342470343355095,False,0.01500393517284243,0.017397444826785256,False
2024-01-02,-0.007975023461196,0.007975023461196,0.010504016826420772,0.013672630750202685,False,0.015557626604593179,0.0171621905877247,False,0.010571340335797087,0.013498579555520059,False,0.015345428786938444,0.017719297557341803,False,0.010513743956828449,0.01335679587635381,False,0.01502637634343076,0.017413561127314497,False
2024-01-03,-0.0063286027945884,0.0063286027945884,0.010504016826420772,0.013672630750202685,False,0.015557626604593179,0.0171621905877247,False,0.01064710345384603,0.013583759766113085,False,0.015436550414963314,0.017818056054177314,False,0.01058482257809917,0.013442844595952217,False,0.015105784954372703,0.01751283492827662,False
2024-01-04,-0.0054632379711639,0.0054632379711639,0.010504016826420772,0.013672630750202685,False,0.015557626604593179,0.0171621905877247,False,0.010703810957308539,0.013639875220571218,False,0.015492292334781254,0.01787331784697572,False,0.010637312887504479,0.013499787149983514,False,0.015168597134389636,0.01756960266901721,False
2024-01-05,-0.001044995600353,0.001044995600353,0.010504016826420772,0.013672630750202685,False,0.015557626604593179,0.0171621905877247,False,0.010655811201951249,0.01358379429823836,False,0.015431112855105619,0.017805584878339404,False,0.010593756223446637,0.013443641272283324,False,0.015099487983767139,0.01750043178246888,False
2024-01-08,0.0116781553127127,-0.0116781553127127,0.010504016826420772,0.013672630750202685,False,0.015557626604593179,0.0171621905877247,False,0.010527008880177373,0.013398285860748357,False,0.015209827482979927,0.017538313214323937,False,0.010454287524701124,0.013260976743475145,False,0.014916840347459251,0.017238395990475452,False
2024-01-09,-0.0013402965115753,0.0013402965115753,0.010504016826420772,0.013672630750202685,False,0.015557626604593179,0.0171621905877247,False,0.01054636444849027,0.013431587150259968,False,0.015251927385294989,0.017591722514180314,False,0.010479889443978445,0.01329361013882122,False,0.014948990007608715,0.017291400296448493,False
2024-01-10,0.0026818458803471,-0.0026818458803471,0.010504016826420772,0.013672630750202685,False,0.015557626604593179,0.0171621905877247,False,0.010561692542267211,0.013447249632106906,False,0.015267800838744761,0.017607867142391345,False,0.010496408087798873,0.013309166616574374,False,0.014961450160046992,0.01730739464564443,False
2024-01-11,0.0017629308695608,-0.0017629308695608,0.010504016826420772,0.013672630750202685,False,0.015557626604593179,0.0171621905877247,False,0.010536559906292502,0.01340572340393019,False,0.01521593159078529,0.017542703375726033,False,0.010469891896246798,0.013268374512743172,False,0.014912181393048231,0.017243781189684306,False
2024-01-12,0.001481601631736,-0.001481601631736,0.010504016826420772,0.013672630750202685,False,0.015557626604593179,0.0171621905877247,False,0.010535108528918332,0.013397078627175762,False,0.015202748365643315,0.017523686604071435,False,0.010465965064779967,0.013260686767003432,False,0.01489739733376288,0.01722682932466215,False
2024-01-16,-0.0064387295012638,0.0064387295012638,0.010504016826420772,0.013672630750202685,False,0.015557626604593179,0.0171621905877247,False,0.010539303592681466,0.013400595758733643,False,0.015205837777265023,0.017526226240984037,False,0.010472657006015778,0.013264003957146922,False,0.014902981235728942,0.01722856975528321,False
2024-01-17,-0.0056024320110884,0.0056024320110884,0.010504016826420772,0.013672630750202685,False,0.015557626604593179,0.0171621905877247,False,0.010574744209046244,0.013441037320836485,False,0.015249434528301678,0.01757387855018283,False,0.010507577379907472,0.013303546108135375,False,0.014938123577079456,0.017274675890033706,False
2024-01-18,0.0064814863591039,-0.0064814863591039,0.010504016826420772,0.013672630750202685,False,0.015557626604593179,0.0171621905877247,False,0.010579207076908282,0.013446173887700431,False,0.015254996144295705,0.01757998650793482,False,0.010518244198693474,0.01330844162438943,False,0.014948908096078711,0.01728172421351118,False
2024-01-19,0.0110322051017466,-0.0110322051017466,0.010504016826420772,0.013672630750202685,False,0.015557626604593179,0.0171621905877247,False,0.010540381186553741,0.013408378988662258,False,0.015217851716700866,0.01754367817124502,False,0.010479465125558543,0.013270434525675558,False,0.014909453873761067,0.0172444422213441,False
2024-01-22,0.0017958994640464,-0.0017958994640464,0.010504016826420772,0.013672630750202685,False,0.015557626604593179,0.0171621905877247,False,0.010543108283145176,0.013412288289256637,False,0.015222506891612423,0.01754929206423603,False,0.010480980370374843,0.013275000504351368,False,0.014905515326276477,0.017250931246703186,False
2024-01-23,0.0012040651612768,-0.0012040651612768,0.010504016826420772,0.013672630750202685,False,0.015557626604593179,0.0171621905877247,False,0.010536559905065008,0.013396048231670104,False,0.015200152174613396,0.017519077799866258,False,0.01047739884148179,0.013259224673405137,False,0.014885257406261863,0.01722171569315827,False
2024-01-24,-0.0005839452915568,0.0005839452915568,0.010504016826420772,0.013672630750202685,False,0.015557626604593179,0.0171621905877247,False,0.010540275736561038,0.013399412387634058,False,0.015203294451995739,0.017521934883077493,False,0.010478609941054288,0.013263001862975955,False,0.01489053566677192,0.017225544036761867,False
2024-01-25,0.0043833058120854,-0.0043833058120854,0.010504016826420772,0.013672630750202685,False,0.015557626604593179,0.0171621905877247,False,0.010546502552381919,0.013405844618946457,False,0.01520985628373166,0.01752866329819921,False,0.010489431389587257,0.013269287025666097,False,0.014891922444528378,0.017232216704928867,False
2024-01-26,-0.0024848954125913,0.0024848954125913,0.010504016826420772,0.013672630750202685,False,0.015557626604593179,0.0171621905877247,False,0.010544400022748632,0.013400567326659464,False,0.01520257597511193,0.017518808389640293,False,0.010484803322339193,0.013264235190978435,False,0.01489319429351842,0.017222569248801514,False
2024-01-29,0.0090898571016908,-0.0090898571016908,0.010504016826420772,0.013672630750202685,False,0.015557626604593179,0.0171621905877247,False,0.010568036397065264,0.01342494574057798,False,0.015227422555505937,0.017544256733165058,False,0.010509083507743832,0.013288703435631807,False,0.014919933623166457,0.017248033700240084,False
2024-01-30,4.6736902072025416e-05,-4.6736902072025416e-05,0.01010141635824866,0.013611494127334598,False,0.015557626604593179,0.0171621905877247,False,0.010452220784017325,0.013300315291650745,False,0.015097230663988338,0.017406916377842686,False,0.010391428454428399,0.013164054632943043,False,0.014795071809462691,0.01711091392130604,False
2024-01-31,-0.0095707222768323,0.0095707222768323,0.01010141635824866,0.013611494127334598,False,0.015557626604593179,0.0171621905877247,False,0.010440170074439852,0.0132732881791783,False,0.01506075466261415,0.017358295139111125,False,0.010378706463230464,0.013137424643055935,False,0.01475611445514258,0.017063413845476414,False
2024-02-01,0.0136623924904299,-0.0136623924904299,0.01010141635824866,0.013611494127334598,False,0.015557626604593179,0.0171621905877247,False,0.010499793678718223,0.013324218029237151,False,0.01510619946273575,0.01739668966759786,False,0.010438618289029793,0.013188073425833415,False,0.014813535884580726,0.01710245606595014,False
2024-02-02,0.0026003682530681,-0.0026003682530681,0.01010141635824866,0.013611494127334598,False,0.015557626604593179,0.0171621905877247,False,0.010513378256718177,0.013343002608313507,False,0.01512826481843146,0.017422972007022863,False,0.010453021903546845,0.013206027842359833,False,0.014827740873327248,0.017125219511157138,False
2024-02-05,-0.0066486658669959,0.0066486658669959,0.009665500427369368,0.013174075359949352,False,0.01509114913374184,0.0171621905877247,False,0.010316106421499934,0.01311393701400253,False,0.014879139954912591,0.017148063732535926,False,0.010236315487165332,0.012976331664563776,False,0.014600176450350865,0.01684957236610772,False
2024-02-06,0.0033980429790579,-0.0033980429790579,0.009665500427369368,0.013174075359949352,False,0.01509114913374184,0.0171621905877247,False,0.010326032819834399,0.013125450271502376,False,0.014891654391137505,0.017161865045279282,False,0.010248661035173674,0.012987041707942076,False,0.014626969770579751,0.016861898094672315,False
2024-02-07,0.004900974760106,-0.004900974760106,0.009665500427369368,0.013174075359949352,False,0.01509114913374184,0.0171621905877247,False,0.01031816144071984,0.013109943634819406,False,0.014871330529583776,0.017135349308673622,False,0.01024223825801092,0.012971646366337094,False,0.014617348322711218,0.01683567614841351,False
2024-02-08,-0.0006585116684669,0.0006585116684669,0.009665500427369368,0.013174075359949352,False,0.01509114913374184,0.0171621905877247,False,0.010244101272167674,0.013029667209344765,False,0.014787132152926529,0.01704610980723312,False,0.010170350733591278,0.012891746286188457,False,0.014535920485779626,0.016746965314107264,False
2024-02-09,0.0037870535332305,-0.0037870535332305,0.009665500427369368,0.013174075359949352,False,0.01509114913374184,0.0171621905877247,False,0.010167902961983392,0.012942342428998787,False,0.014692787477271657,0.016942742028900573,False,0.010092107012675645,0.012804958248729044,False,0.014445602879634093,0.016644482009354047,False
2024-02-12,-0.0013111109575587,0.0013111109575587,0.009665500427369368,0.013174075359949352,False,0.01509114913374184,0.0171621905877247,False,0.01014081947987671,0.01291492919848173,False,0.014665166202398619,0.016914853341836483,False,0.010065603228688474,0.012776994839534303,False,0.014432283750880764,0.016616808737369513,False
2024-02-13,-0.0149037507506909,0.0149037507506909,0.009665500427369368,0.013174075359949352,True,0.01509114913374184,0.0171621905877247,False,0.010147526038874137,0.012912230666914003,True,0.014656533825668998,0.016898593829399948,True,0.01007089045542454,0.012774631818898163,True,0.014426597479804201,0.016601004793778608,True
2024-02-14,0.0072877521089542,-0.0072877521089542,0.01010141635824866,0.013571052634087137,False,0.015300014292606844,0.0171621905877247,False,0.01033313906860274,0.013128514993573783,False,0.014892169239449462,0.017159102384207668,False,0.010255558861830594,0.012989233013554438,False,0.014653616783431129,0.016858402787844503,False
2024-02-15,0.0055472372102177,-0.0055472372102177,0.01010141635824866,0.013571052634087137,False,0.015300014292606844,0.0171621905877247,False,0.010324566375129891,0.013125318002608164,False,0.014892363878377609,0.017163656493388506,False,0.010249554687787068,0.0129862400571803,False,0.014645823141700145,0.01686298177503098,False
2024-02-16,-0.0048671745198244,0.0048671745198244,0.009665500427369368,0.013308604294822206,False,0.015300014292606844,0.0171621905877247,False,0.010165728739554007,0.01294513356315286,False,0.014698711346505286,0.0169526925949781,False,0.01008134472972487,0.01280663163203985,False,0.014465910863061027,0.016653864710085235,False
2024-02-20,-0.0030070456530255,0.0030070456530255,0.009665500427369368,0.013308604294822206,False,0.015300014292606844,0.0171621905877247,False,0.010196752183177426,0.012979864661727188,False,0.01473578167299454,0.016992769674806844,False,0.010118146393570256,0.012841568267290878,False,0.014495533127230746,0.016694132434887442,False
2024-02-21,-0.002051904534789,0.002051904534789,0.009536823022020885,0.012630104040647015,False,0.014694885591825897,0.015999698977585068,False,0.009958496347756073,0.012696715041431123,False,0.014424307735528677,0.01664488875249969,False,0.009878493538830977,0.012560533908597614,False,0.014174008397370548,0.016350766733180967,False
2024-02-22,0.0166375185866167,-0.0166375185866167,0.009536823022020885,0.012630104040647015,False,0.014694885591825897,0.015999698977585068,False,0.009973326195429115,0.012712592355035045,False,0.01444084591471418,0.016662276382814648,False,0.009898292772232586,0.012576363355698813,False,0.014192227785146448,0.01636730598552042,False
2024-02-23,0.003064663027542,-0.003064663027542,0.009536823022020885,0.012630104040647015,False,0.014694885591825897,0.015999698977585068,False,0.01004239096666943,0.012809822588138814,False,0.014555846257361643,0.01680011773888908,False,0.009971298931475716,0.012672441003017013,False,0.014319625646310558,0.016502990993109416,False
2024-02-26,-0.0025272463392256,0.0025272463392256,0.009420175413939877,0.012426786093947376,False,0.014694885591825897,0.015999698977585068,False,0.0098990977401191,0.012645575992410639,False,0.01437837979442856,0.016605658968531688,False,0.009823060587855864,0.012508488413561697,False,0.014127402427858999,0.016310122678524584,False
2024-02-27,-0.0002254103418555,0.0002254103418555,0.009420175413939877,0.012426786093947376,False,0.014694885591825897,0.015999698977585068,False,0.009926486814907032,0.012672990161443505,False,0.014405809795883545,0.01663310932037142,False,0.009849904089714506,0.012535800221038219,False,0.01415270672793589,0.01633757554967818,False
2024-02-28,-0.0003187138759036,0.0003187138759036,0.009420175413939877,0.012426786093947376,False,0.014694885591825897,0.015999698977585068,False,0.009926567721136837,0.01267307552538736,False,0.01440589797228144,0.01663320111178927,False,0.009848657198243285,0.01253576649448402,False,0.01415057469646863,0.01633764646928366,False
2024-02-29,0.0057643687601018,-0.0057643687601018,0.009420175413939877,0.012426786093947376,False,0.014694885591825897,0.015999698977585068,False,0.009892816259266492,0.01263533096386222,False,0.014365634090511222,0.016589698992944414,False,0.0098120928256939,0.012497866805472659,False,0.014111173120540329,0.016293837442330077,False
2024-03-01,0.0116022681802183,-0.0116022681802183,0.009420175413939877,0.012426786093947376,False,0.014694885591825897,0.015999698977585068,False,0.009891974801105001,0.012636760931757245,False,0.014368497143013215,0.016594404077127152,False,0.00981018850821961,0.012499324907435874,False,0.014116334824046771,0.016298406990364774,False
2024-03-04,0.0003008296424399,-0.0003008296424399,0.009420175413939877,0.012426786093947376,False,0.014694885591825897,0.015999698977585068,False,0.009827253759449709,0.012549059137100492,False,0.014266296367291915,0.01647356687036087,False,0.009744743043628795,0.012413613502164056,False,0.014017144590258405,0.016182897987648413,False
2024-03-05,-0.0047336545737064,0.0047336545737064,0.009420175413939877,0.012426786093947376,False,0.014694885591825897,0.015999698977585068,False,0.00981571237275709,0.012536666332901045,False,0.014253366388078722,0.016459946427103467,False,0.009724743721288762,0.012401636054459713,False,0.014000674488985817,0.016171605804207047,False
2024-03-06,0.0060036764398322,-0.0060036764398322,0.009266213578675943,0.012329457572907253,False,0.014694885591825897,0.015999698977585068,False,0.00974120395232106,0.012449184333101887,False,0.014157699117696244,0.016353758125613255,False,0.009668332210198062,0.012313422240006896,False,0.013898749552176622,0.01606207878792762,False
2024-03-07,0.0084302185203028,-0.0084302185203028,0.009266213578675943,0.012329457572907253,False,0.014694885591825897,0.015999698977585068,False,0.00973781090471528,0.012448970291991933,False,0.014159490770437317,0.01635812781987225,False,0.009660065327773382,0.01231299484979092,False,0.01389963082747698,0.016066151815736767,False
2024-03-08,-0.0050963028447526,0.0050963028447526,0.009125524915096767,0.012286946057705285,False,0.014694885591825897,0.015999698977585068,False,0.009634969283900034,0.012338469720130725,False,0.014044158025053221,0.016236583985015336,False,0.009557563990061852,0.012202616441783212,False,0.013787754830118883,0.015945508860816426,False
2024-03-11,-0.001101297979155,0.001101297979155,0.009125524915096767,0.012286946057705285,False,0.014694885591825897,0.015999698977585068,False,0.009677665335593312,0.012385970957603598,False,0.014094690942890337,0.01629101370786289,False,0.009586743451904963,0.012251047532747372,False,0.013840660113927343,0.016006827438089347,False
2024-03-12,0.0045733386942198,-0.0045733386942198,0.009125524915096767,0.012286946057705285,False,0.014694885591825897,0.015999698977585068,False,0.009695946634099993,0.012402512686511656,False,0.014110135145243482,0.016305047191913176,False,0.009616177680612889,0.012266389312562546,False,0.013864150378018004,0.01601848201885137,False
2024-03-13,-0.0024670894624314,0.0024670894624314,0.009125524915096767,0.012286946057705285,False,0.014694885591825897,0.015999698977585068,False,0.009690329028286246,0.012391782702175107,False,0.014096179666973284,0.016286945788145674,False,0.009612224908156362,0.012256287639082208,False,0.013842885702767163,0.01600194588786553,False
2024-03-14,-0.0051186696483635,0.0051186696483635,0.009125524915096767,0.012286946057705285,False,0.014694885591825897,0.015999698977585068,False,0.009717135711300383,0.012418987943556004,False,0.01412363636618119,0.016314725701545865,False,0.009644598459326532,0.012282619541688005,False,0.013838718206226714,0.016033658843098993,False
2024-03-15,-0.0062619891284028,0.0062619891284028,0.009125524915096767,0.012286946057705285,False,0.014694885591825897,0.015999698977585068,False,0.009738162137050048,0.012427608176969765,False,0.014124429303955424,0.01630545773539828,False,0.009663015918293097,0.012291498668002401,False,0.01386295496958637,0.01602406288952051,False
2024-03-18,0.0043994466969423,-0.0043994466969423,0.009125524915096767,0.012286946057705285,False,0.014694885591825897,0.015999698977585068,False,0.00979482004092012,0.012490760786606749,False,0.014191679543288366,0.01637797490989974,False,0.009728113142281069,0.012353912591003395,False,0.01386290873935768,0.01609769997975816,False
2024-03-19,0.0032343814844165,-0.0032343814844165,0.009125524915096767,0.012286946057705285,False,0.014694885591825897,0.015999698977585068,False,0.009793402357392077,0.012490373188653066,False,0.014191941845328673,0.01637907256832614,False,0.009730316718997514,0.012352997757737266,False,0.01385627160245879,0.016099825727628195,False
2024-03-20,0.0083860439750571,-0.0083860439750571,0.009125524915096767,0.012286946057705285,False,0.014694885591825897,0.015999698977585068,False,0.009794438709265512,0.012490617414425385,False,0.014191686304129033,0.0163781746459364,False,0.00972662417256513,0.012353446524917829,False,0.013852885439888229,0.016099452068671794,False
2024-03-21,0.0027797537414059,-0.0027797537414059,0.009125524915096767,0.012286946057705285,False,0.014694885591825897,0.015999698977585068,False,0.009752519966997997,0.01245165024425684,False,0.014154581335254369,0.016343463278781112,False,0.009688679599808729,0.012313845451955536,False,0.013819194505014816,0.01607001898596286,False
2024-03-22,0.0002367457303247,-0.0002367457303247,0.009125524915096767,0.012286946057705285,False,0.014694885591825897,0.015999698977585068,False,0.009753879158892576,0.012450157103699854,False,0.014151288605528027,0.01633785742654536,False,0.009701451104856118,0.012311691860613287,False,0.013824900388491526,0.016064646769284,False
2024-03-25,-0.0025336076705087,0.0025336076705087,0.009125524915096767,0.012286946057705285,False,0.014694885591825897,0.015999698977585068,False,0.009762190736678807,0.012458074189980586,False,0.014158956799839553,0.01634520570471925,False,0.009711615728729292,0.012319455278720056,False,0.013831494098178423,0.016071624260551958,False
2024-03-26,-0.0005069551478661,0.0005069551478661,0.009125524915096767,0.012286946057705285,False,0.014694885591825897,0.015999698977585068,False,0.009717943649273404,0.012407177508160203,False,0.014103864766217444,0.01628472112770294,False,0.009698390434100274,0.012267423609859347,False,0.013775329812422658,0.016016405282808968,False
2024-03-27,0.0072827042965858,-0.0072827042965858,0.009125524915096767,0.012286946057705285,False,0.014694885591825897,0.015999698977585068,False,0.009717252435029005,0.01240643895780112,False,0.014103096350630255,0.016283914324503424,False,0.009695473479616466,0.012266757919758607,False,0.013776008833398043,0.016015263475661113,False
2024-03-28,0.0012287977193858,-0.0012287977193858,0.009125524915096767,0.012286946057705285,False,0.014694885591825897,0.015999698977585068,False,0.009710272298738347,0.0123957103043873,False,0.014090002688603121,0.016267780771621436,False,0.00968723626597373,0.012255906172666111,False,0.01375544657885294,0.015999664457243674,False
2024-04-01,-0.0023636202575419,0.0023636202575419,0.009125524915096767,0.012286946057705285,False,0.014694885591825897,0.015999698977585068,False,0.00971400513429814,0.012394542574160497,False,0.014085743101005894,0.01625954702981101,False,0.00969648305227213,0.012254828285917821,False,0.01375113332553862,0.015992775314350605,False
2024-04-02,-0.0035870269714023,0.0035870269714023,0.009125524915096767,0.012286946057705285,False,0.014694885591825897,0.015999698977585068,False,0.009711916028201935,0.012377317118155911,False,0.014058967842577775,0.01622049682367677,False,0.009686829733616314,0.012238130414761322,False,0.013738777896738925,0.015955684032798692,False
2024-04-03,0.0022727543926675,-0.0022727543926675,0.009125524915096767,0.012286946057705285,False,0.014694885591825897,0.015999698977585068,False,0.009745389911370462,0.012412664169063612,False,0.01409549670957215,0.016258544751487147,False,0.009714098732911918,0.01227366733309681,False,0.0137869538287938,0.015995161396281717,False
2024-04-04,-0.0081307935103535,0.0081307935103535,0.009125524915096767,0.012286946057705285,False,0.014694885591825897,0.015999698977585068,False,0.009740398310877885,0.012407974403513442,False,0.014090997377256014,0.016254290194705163,False,0.009718920343547963,0.012268669275828913,False,0.01376602683790813,0.01599094490138374,False
2024-04-05,0.0069081050161335,-0.0069081050161335,0.009125524915096767,0.012286946057705285,False,0.014694885591825897,0.015999698977585068,False,0.009804737731490952,0.012481965578065019,False,0.014171078021442688,0.016342198008294284,False,0.009785819186517632,0.01234253894665242,False,0.013842209492333305,0.016078373967752645,False
2024-04-08,0.0012099133071255,-0.0012099133071255,0.009125524915096767,0.012286946057705285,False,0.014694885591825897,0.015999698977585068,False,0.009805499711476049,0.012487204224871734,False,0.014179141079941868,0.0163538914566474,False,0.00977843898586417,0.012347896248645893,False,0.013852243762139468,0.016091994645106057,False
2024-04-09,0.0040724840588609,-0.0040724840588609,0.009125524915096767,0.012286946057705285,False,0.014694885591825897,0.015999698977585068,False,0.009772501589502887,0.012451184267875538,False,0.014141214591476648,0.016313514386165465,False,0.00975166356081093,0.012312033267668774,False,0.013818798245482024,0.016053621787716667,False
2024-04-10,-0.0119656511994052,0.0119656511994052,0.009125524915096767,0.012286946057705285,True,0.014694885591825897,0.015999698977585068,False,0.009760813824644065,0.012440804788763303,True,0.014131660533979866,0.016305021293777262,False,0.009735547465173404,0.012301752181601433,True,0.01381008127408035,0.01604419758071844,False
2024-04-11,0.0090170372781944,-0.0090170372781944,0.009266213578675943,0.012500427189253833,False,0.014694885591825897,0.015999698977585068,False,0.009870126795554763,0.012569093794484313,False,0.014271921870171397,0.01646067140179132,False,0.0098524485777949,0.012428323161071399,False,0.01393964145510153,0.016197529208281276,False
2024-04-12,-0.0104237940252057,0.0104237940252057,0.009266213578675943,0.012500427189253833,True,0.014694885591825897,0.015999698977585068,False,0.009861390806156974,0.012556464597910749,True,0.01425683637736079,0.01644242868053522,False,0.009834947440585563,0.01241649243242077,True,0.013930153738711537,0.016180579604828292,False
2024-04-15,-0.0094171013290109,0.0094171013290109,0.009420175413939877,0.012584700134059502,False,0.014694885591825897,0.015999698977585068,False,0.009920287191938756,0.012625759756700279,False,0.014332692313898734,0.016526717587746445,False,0.009901733932251107,0.0124857179139398,False,0.014019244052093618,0.016265133816436142,False
2024-04-16,-0.0018506619475396,0.0018506619475396,0.009460160427765384,0.012584700134059502,False,0.014694885591825897,0.015999698977585068,False,0.010002314431040353,0.012720478478827516,False,0.014435418326825282,0.01663973586343091,False,0.009983159575572848,0.012579858390771597,False,0.014141942049591832,0.01638339321162454,False
2024-04-17,-0.0043030727010874,0.0043030727010874,0.009460160427765384,0.012584700134059502,False,0.014694885591825897,0.015999698977585068,False,0.010018887575308142,0.012737784431881036,False,0.014453186622462075,0.016658098436392016,False,0.00999853117374524,0.01259714549074385,False,0.014162379248720477,0.01640181882607502,False
2024-04-18,-0.0027453871935315,0.0027453871935315,0.009460160427765384,0.012584700134059502,False,0.014694885591825897,0.015999698977585068,False,0.010042716694927805,0.012764406152442755,False,0.01448157024648175,0.01668874674316119,False,0.010023767023480986,0.012623568005251176,False,0.01419563619368956,0.01643322525471222,False
2024-04-19,-0.0074734748851651,0.0074734748851651,0.009460160427765384,0.012584700134059502,False,0.014694885591825897,0.015999698977585068,False,0.010049394330582622,0.012771807628967643,False,0.014489428407566464,0.016697191908965098,False,0.01002298955144568,0.01263128520855813,False,0.014208789417994467,0.01644221859649052,False
2024-04-22,0.0021559324864573,-0.0021559324864573,0.009460160427765384,0.012584700134059502,False,0.014694885591825897,0.015999698977585068,False,0.010100937798116924,0.012830919315686997,False,0.01455331502340365,0.01676721603452473,False,0.010077106481976813,0.012689987775101696,False,0.01427441555622725,0.016511693709045788,False
2024-04-23,0.0081760173581197,-0.0081760173581197,0.009460160427765384,0.012584700134059502,False,0.014694885591825897,0.015999698977585068,False,0.010101253047538448,0.0128311815116968,False,0.014553543747037158,0.01676740173405675,False,0.010077986895715794,0.012691085222571582,False,0.014233393376641859,0.01651544236043427,False
2024-04-24,-0.0010372144020025,0.0010372144020025,0.009460160427765384,0.012584700134059502,False,0.014694885591825897,0.015999698977585068,False,0.010034880565550667,0.01276373650536963,False,0.014485422065316146,0.016698410279883384,False,0.01000378949535057,0.012623978902443796,False,0.014163912428983601,0.016449008036809345,False
2024-04-25,-0.0032352620009845,0.0032352620009845,0.009460160427765384,0.012584700134059502,False,0.014694885591825897,0.015999698977585068,False,0.010020628058383517,0.012747985198366358,False,0.014468725137843343,0.01668049788833095,False,0.009986109012783476,0.012608475361659497,False,0.014147516118627584,0.016431122533395265,False
2024-04-26,0.0091818633352233,-0.0091818633352233,0.009460160427765384,0.012584700134059502,False,0.014694885591825897,0.015999698977585068,False,0.010018165455477339,0.012728618230026275,False,0.014438692893464704,0.01663675690948447,False,0.00997751793012377,0.012590342584455669,False,0.01411098430315248,0.01638945834019174,False
2024-04-29,0.0038042107979585,-0.0038042107979585,0.009460160427765384,0.012584700134059502,False,0.014694885591825897,0.015999698977585068,False,0.010021495151293946,0.012733582850014412,False,0.014444689017277084,0.016644078888528164,False,0.00997992117377972,0.012595797730392178,False,0.0141304881633147,0.01639640629370177,False
2024-04-30,-0.0157493127629583,0.0157493127629583,0.009460160427765384,0.012584700134059502,True,0.014694885591825897,0.015999698977585068,True,0.009951681764929611,0.01265714615226837,True,0.014364073550179933,0.016558092192479255,True,0.009900576780488488,0.012520540618908818,True,0.014053008358276288,0.016314354706058704,True
2024-05-01,-0.0002729883573554,0.0002729883573554,0.009536823022020885,0.013065771069712172,False,0.015300014292606844,0.0162815529816742,False,0.010155899023549927,0.012896017118604943,False,0.014624808180077158,0.016846929532251382,False,0.010096613061604545,0.01275755491836199,False,0.014300385254564325,0.01661093421065298,False
2024-05-02,0.0073273348057652,-0.0073273348057652,0.009536823022020885,0.013065771069712172,False,0.015300014292606844,0.0162815529816742,False,0.010145954902787614,0.01288529498482182,False,0.014613595183524827,0.016835085599627746,False,0.010090120100912679,0.012746408484614296,False,0.014279643836857066,0.016599424050465474,False
2024-05-03,0.0118869503663883,-0.0118869503663883,0.009536823022020885,0.013065771069712172,False,0.015300014292606844,0.0162815529816742,False,0.010106347201782682,0.012847782449433832,False,0.014577404526780469,0.01680059403470799,False,0.010048116649902048,0.012708640613476013,False,0.014249942008389133,0.016564181065668548,False
2024-05-06,0.009225866862446,-0.009225866862446,0.009536823022020885,0.013065771069712172,False,0.015300014292606844,0.0162815529816742,False,0.01011979408809468,0.012866861296785546,False,0.014600036682262077,0.016827793475411194,False,0.010049350808260894,0.012728048481119797,False,0.014290894609104219,0.016590188275428703,False
2024-05-07,0.0010108781837416,-0.0010108781837416,0.009536823022020885,0.013065771069712172,False,0.015300014292606844,0.0162815529816742,False,0.010108233390176712,0.01286366217168453,False,0.01460211302772267,0.01683665070726053,False,0.010050278346711527,0.012724918531792901,False,0.014302860136400405,0.01659913350371787,False
2024-05-08,-0.001762494827044,0.001762494827044,0.009536823022020885,0.013065771069712172,False,0.015300014292606844,0.0162815529816742,False,0.010085270185171876,0.012838931006381692,False,0.014576266423648874,0.016809370361212224,False,0.010024778305352639,0.012700242210926322,False,0.014273939734538336,0.016571935915001917,False
2024-05-09,0.0061928235055204,-0.0061928235055204,0.009536823022020885,0.013065771069712172,False,0.015300014292606844,0.0162815529816742,False,0.010105116503105466,0.012855610062097853,False,0.01459094719519593,0.016821482615360716,False,0.010047966980439343,0.012716773078827182,False,0.01428717796455006,0.016584225383456008,False
2024-05-10,0.0011961937294201,-0.0011961937294201,0.009536823022020885,0.013065771069712172,False,0.015300014292606844,0.0162815529816742,False,0.010099050883254631,0.012853336917123268,False,0.014591066792592103,0.016824677751513886,False,0.01004478652470992,0.01271381146592379,False,0.014278152283933233,0.016587899126994717,False
2024-05-13,-0.0005393244598709,0.0005393244598709,0.009536823022020885,0.013065771069712172,False,0.015300014292606844,0.0162815529816742,False,0.010072522057876886,0.01282468940093367,False,0.014561082555279365,0.01679297534442585,False,0.010017255027383749,0.012685340310439623,False,0.014246278557653825,0.01655731726309555,False
2024-05-14,0.0058416045400452,-0.0058416045400452,0.009536823022020885,0.013065771069712172,False,0.015300014292606844,0.0162815529816742,False,0.010079431353758118,0.012831806638849046,False,0.014568330987660624,0.016800392409113477,False,0.010023258331263014,0.012692721636237941,False,0.014245243354710896,0.01656604916998538,False
2024-05-15,0.0135159305274586,-0.0135159305274586,0.009536823022020885,0.013065771069712172,False,0.015300014292606844,0.0162815529816742,False,0.010033502897592068,0.012785091013755096,False,0.014521118723166759,0.016752541783489987,False,0.00997762664354765,0.012645840107665587,False,0.01420749239394331,0.016517519338802897,False
2024-05-16,-0.0021101654419315,0.0021101654419315,0.009536823022020885,0.013065771069712172,False,0.015300014292606844,0.0162815529816742,False,0.010069468575310133,0.012837038961513244,False,0.014583150179966798,0.016827534193898694,False,0.010011191470588552,0.012697036974933539,False,0.014261551527121032,0.016591662587628307,False
2024-05-17,0.0015802240986065,-0.0015802240986065,0.009536823022020885,0.013065771069712172,False,0.015300014292606844,0.0162815529816742,False,0.01009339378458611,0.01285974719798978,False,0.014605090605850963,0.016848487705661337,False,0.010025187993364496,0.012720740253551579,False,0.014283665098505012,0.016612499429338977,False
2024-05-20,0.0022167218216658,-0.0022167218216658,0.009536823022020885,0.013065771069712172,False,0.015300014292606844,0.0162815529816742,False,0.010081321367586476,0.012847305622118152,False,0.014592416120835994,0.01683551384821666,False,0.010017741745553485,0.01270839499003349,False,0.01426973401499852,0.016600824406187816,False
2024-05-21,0.002281323100476,-0.002281323100476,0.009536823022020885,0.013065771069712172,False,0.015300014292606844,0.0162815529816742,False,0.010072813611471807,0.012838951704820151,False,0.014584159263285764,0.01682738174752269,False,0.010003735113166304,0.012700250067242359,False,0.014261933548732364,0.016592867093752288,False
2024-05-22,-0.0037169742938877,0.0037169742938877,0.009536823022020885,0.013065771069712172,False,0.015300014292606844,0.0162815529816742,False,0.010007222875495972,0.012766030305638446,False,0.014506612813436409,0.016743890435930053,False,0.00993861573336526,0.012627540119340315,False,0.014187671997114982,0.016510433866249258,False
2024-05-23,-0.0083248451783072,0.0083248451783072,0.009536823022020885,0.013065771069712172,False,0.015300014292606844,0.0162815529816742,False,0.009980818227157833,0.01273562422716339,False,0.014473682158861407,0.016707714788607282,False,0.009923849978775155,0.012597312847244423,False,0.014160183040900503,0.016476856643149712,False
2024-05-24,0.0057424562381073,-0.0057424562381073,0.009536823022020885,0.013065771069712172,False,0.015300014292606844,0.0162815529816742,False,0.010063529084072818,0.012823157633385348,False,0.014564258200417382,0.016802201716269328,False,0.010005357220829268,0.012684629432387939,False,0.014242016806882595,0.016572579130694272,False
2024-05-28,-6.621150307742934e-05,6.621150307742934e-05,0.009536823022020885,0.013065771069712172,False,0.015300014292606844,0.0162815529816742,False,0.010023235147977679,0.012764457201866102,False,0.014493944771334404,0.01671696138802298,False,0.009978830349284862,0.012625890939231325,False,0.014137471564067083,0.016489090306419815,False
2024-05-29,-0.0083789535514922,0.0083789535514922,0.009536823022020885,0.013065771069712172,False,0.015300014292606844,0.0162815529816742,False,0.010034685502178304,0.012774468034136502,False,0.014503047382659777,0.01672489660717506,False,0.009983831478508263,0.012635911893886157,False,0.014155909322061545,0.016499332666643954,False
2024-05-30,-0.0031143504479112,0.0031143504479112,0.009536823022020885,0.013065771069712172,False,0.015300014292606844,0.0162815529816742,False,0.010100421524702257,0.012850081673962071,False,0.01458489299348342,0.016814752553156932,False,0.010045346129790364,0.012711104425783777,False,0.014252307107489984,0.016588899863363232,False
2024-05-31,0.0036564562431729,-0.0036564562431729,0.009536823022020885,0.013065771069712172,False,0.015300014292606844,0.0162815529816742,False,0.010122996169391489,0.012866428756719558,False,0.014597310992519373,0.016822120259519187,False,0.01007204609739657,0.01272713696163552,False,0.014257914944382001,0.0165959728053421,False
2024-06-03,0.0062410874348662,-0.0062410874348662,0.009536823022020885,0.013065771069712172,False,0.015300014292606844,0.0162815529816742,False,0.010122513561324969,0.012866230857158467,False,0.01459729272080724,0.016822332874515993,False,0.010073286271957808,0.012727726812801633,False,0.014235322922002119,0.01659845457323869,False
2024-06-04,0.0021209683004049,-0.0021209683004049,0.009536823022020885,0.013065771069712172,False,0.015300014292606844,0.0162815529816742,False,0.010112514561559593,0.012860094387003468,False,0.014593593191847273,0.01682176569577703,False,0.010058908443627487,0.012720870070066226,False,0.014233197075764514,0.016595888517094242,False
2024-06-05,0.0130384623019958,-0.0130384623019958,0.009536823022020885,0.013065771069712172,False,0.015300014292606844,0.0162815529816742,False,0.0101126449701213,0.012860205950824072,False,0.014593692866173031,0.01682185008780468,False,0.010058718976162801,0.012721173947293654,False,0.014233310792354695,0.016596908452148944,False
2024-06-06,0.0007149539530213,-0.0007149539530213,0.009460160427765384,0.012996598937623595,False,0.015300014292606844,0.0162815529816742,False,0.010032375904728896,0.012783357106048339,False,0.014519001901687575,0.016749932779416443,False,0.009975876822976678,0.012643826480508668,False,0.014199892652938069,0.016525280365535716,False
2024-06-07,-0.0097291229348969,0.0097291229348969,0.009460160427765384,0.012996598937623595,True,0.015300014292606844,0.0162815529816742,False,0.010027583683682409,0.012768071152234564,False,0.01449709525826108,0.01671951615691705,False,0.00995662750666467,0.012628909186571618,False,0.014177623872347677,0.01649577115040795,False
2024-06-10,0.002287585177978,-0.002287585177978,0.009536823022020885,0.01301457834804077,False,0.015300014292606844,0.0162815529816742,False,0.01012549466452748,0.012879956606450162,False,0.014617797465555802,0.016851551078563776,False,0.01006230895048263,0.012738992070455705,False,0.014243106073590214,0.016629289428016086,False
2024-06-11,0.0051758865149447,-0.0051758865149447,0.009536823022020885,0.01301457834804077,False,0.015300014292606844,0.0162815529816742,False,0.010121824944603413,0.012869234927545123,False,0.014602626575620711,0.01683066134437356,False,0.010061625285661891,0.012728507288168775,False,0.014235460619576562,0.016609427941456006,False
2024-06-12,0.0084617110873848,-0.0084617110873848,0.009536823022020885,0.01301457834804077,False,0.015300014292606844,0.0162815529816742,False,0.010116783298192223,0.012866671364835451,False,0.014601626481639082,0.016831670872793084,False,0.010053797595579408,0.012726240776675293,False,0.014217635043367417,0.016610605144113125,False
2024-06-13,0.0038778523199706,-0.0038778523199706,0.009536823022020885,0.01301457834804077,False,0.015300014292606844,0.0162815529816742,False,0.010123587036058833,0.01287976078162075,False,0.014618681649225241,0.01685382346350248,False,0.010059104836425886,0.012739097756582704,False,0.014248134960367621,0.016632158699139688,False
2024-06-14,0.0051655704243748,-0.0051655704243748,0.009536823022020885,0.01301457834804077,False,0.015300014292606844,0.0162815529816742,False,0.010104527970510105,0.012848710220963396,False,0.014580065433060231,0.016805482645549878,False,0.010041332450070838,0.012708541433672327,False,0.01420728726868455,0.016585554076330996,False
2024-06-17,0.003481403528292,-0.003481403528292,0.009536823022020885,0.01301457834804077,False,0.015300014292606844,0.0162815529816742,False,0.010067134226009376,0.012811072906214298,False,0.014542274445347555,0.016767494132536875,False,0.010014880854766489,0.01267083441404661,False,0.01415209847540256,0.016547817933174534,False
2024-06-18,0.0035297525313309,-0.0035297525313309,0.009536823022020885,0.01301457834804077,False,0.015300014292606844,0.0162815529816742,False,0.010040925492969243,0.012784387696834114,False,0.014515288618253422,0.016740121903027847,False,0.009988467138140082,0.012643393866004674,False,0.014144428863074595,0.016519098203895598,False
2024-06-20,-0.002472945032587,0.002472945032587,0.009536823022020885,0.01301457834804077,False,0.015300014292606844,0.0162815529816742,False,0.009991954111415203,0.012731835640268264,False,0.014460477447759008,0.01668240695462207,False,0.0099408674424487,0.012590645993995253,False,0.014095023730571398,0.016461290043174207,False
2024-06-21,-0.0035300789811631,0.0035300789811631,0.009536823022020885,0.01301457834804077,False,0.015300014292606844,0.0162815529816742,False,0.010009122468322324,0.012750352714982054,False,0.014479845453420926,0.016702868714104917,False,0.009956917916449527,0.012610079303088629,False,0.014093261998474396,0.016483338820332535,False
2024-06-24,-0.00274401650843,0.00274401650843,0.009536823022020885,0.01301457834804077,False,0.015300014292606844,0.0162815529816742,False,0.010012658114594487,0.012754344155363162,False,0.014484124462714791,0.01670751735338791,False,0.009965363664491297,0.012614628450739601,False,0.014101262486079237,0.016490101412575134,False
2024-06-25,0.0039941388335746,-0.0039941388335746,0.009536823022020885,0.01301457834804077,False,0.015300014292606844,0.0162815529816742,False,0.009997731796679302,0.01273742246343369,False,0.01446594385250497,0.016687718578176105,False,0.009952570812587545,0.01259756388699765,False,0.01407601194626474,0.01647023384454836,False
2024-06-26,-0.003225776997316,0.003225776997316,0.009536823022020885,0.01301457834804077,False,0.015300014292606844,0.0162815529816742,False,0.009994270316198352,0.012729546660099119,False,0.01445528297143759,0.016673477865609444,False,0.009946764744216637,0.012590151066455786,False,0.014072821045378915,0.016456760549025774,False
2024-06-27,0.0037708110200417,-0.0037708110200417,0.009536823022020885,0.01301457834804077,False,0.015300014292606844,0.0162815529816742,False,0.010019893774038209,0.012757185835622464,False,0.014484193900437533,0.016704023457477575,False,0.00997094047791268,0.012617092152614192,False,0.01409959465184209,0.016486181906555226,False
2024-06-28,-0.0065788342196087,0.0065788342196087,0.009536823022020885,0.01301457834804077,False,0.015300014292606844,0.0162815529816742,False,0.009992533865066685,0.012729445153784207,False,0.014456212981972373,0.016675733748117958,False,0.009946918912547304,0.012589450241801366,False,0.014082537108213165,0.016459220590788727,False
2024-07-01,-0.0007717292847484,0.0007717292847484,0.009536823022020885,0.01301457834804077,False,0.015300014292606844,0.0162815529816742,False,0.0100304239565895,0.012758149124183207,False,0.014479121259070011,0.016691192464581794,False,0.00998514003690012,0.01261813784283493,False,0.014110865323014508,0.01647512024368159,False
2024-07-02,0.006866989664456,-0.006866989664456,0.009536823022020885,0.01301457834804077,False,0.015300014292606844,0.0162815529816742,False,0.010034752806218697,0.01276270866586086,False,0.014483826348617316,0.016696084635747066,False,0.00998690766168038,0.01262227312811432,False,0.014124654478603331,0.01647953682251893,False
2024-07-03,0.0081869458241889,-0.0081869458241889,0.009536823022020885,0.01301457834804077,False,0.015300014292606844,0.0162815529816742,False,0.01000711392852581,0.012738107051510008,False,0.014461140999746597,0.016675862380615514,False,0.009962736641631926,0.012597839470520057,False,0.014093184400631889,0.0164593840259016,False
2024-07-05,0.0085919413130304,-0.0085919413130304,0.009536823022020885,0.01301457834804077,False,0.015300014292606844,0.0162815529816742,False,0.00992712668332361,0.012654565184644681,False,0.014375356456491076,0.016587195187626472,False,0.009885292900628246,0.012514295506234474,False,0.01402478489059737,0.016370992160569732,False
2024-07-08,-0.0003718896575901,0.0003718896575901,0.009536823022020885,0.01301457834804077,False,0.015300014292606844,0.0162815529816742,False,0.009911713893625874,0.012645917353062844,False,0.014370976761798337,0.01658830159147198,False,0.009862325059656608,0.01250539615940372,False,0.014013865759883313,0.016371415548510536,False
2024-07-09,-2.450976313720383e-05,2.450976313720383e-05,0.009536823022020885,0.01301457834804077,False,0.015300014292606844,0.0162815529816742,False,0.009919650921896658,0.012653994646863701,False,0.014379142551710022,0.016596581130871292,False,0.009863996000333572,0.012513535195098896,False,0.014031006154616861,0.01638070153965583,False
2024-07-10,0.0077417571023723,-0.0077417571023723,0.009536823022020885,0.01301457834804077,False,0.015300014292606844,0.0162815529816742,False,0.009931203754044274,0.0126629978131895,False,0.01438653708682739,0.0166019079934771,False,0.009873330489978486,0.012522610228359122,False,0.014041450140433197,0.016386227656724258,False
2024-07-11,-0.004328485170608,0.004328485170608,0.009536823022020885,0.01301457834804077,False,0.015300014292606844,0.0162815529816742,False,0.00991828400756188,0.012643857674004066,False,0.01436347238711908,0.016573798815040203,False,0.00986829593898185,0.012503777182624484,False,0.014017179050506146,0.016358606077697135,False
2024-07-12,0.004752918882352,-0.004752918882352,0.009536823022020885,0.01301457834804077,False,0.015300014292606844,0.0162815529816742,False,0.009947681806986445,0.012666540440267824,False,0.014381918515069024,0.01658679933150569,False,0.009902109529889538,0.012525118172991139,False,0.014041923275017316,0.016371662526850083,False
2024-07-15,-4.333740546264026e-05,4.333740546264026e-05,0.009536823022020885,0.01301457834804077,False,0.015300014292606844,0.0162815529816742,False,0.009925127235592076,0.012645075065829462,False,0.014361140335085941,0.01656690444477082,False,0.00988008456400555,0.012503721297202357,False,0.014016666160060887,0.016351811595225748,False
2024-07-16,0.0082781856051554,-0.0082781856051554,0.009536823022020885,0.01301457834804077,False,0.015300014292606844,0.0162815529816742,False,0.009936302895940758,0.012655052594262618,False,0.014370361939988002,0.016575154414721446,False,0.009889412552073724,0.012513562637324364,False,0.01403336570431579,0.01636004325227778,False
2024-07-17,-0.0136012488760435,0.0136012488760435,0.009536823022020885,0.01301457834804077,True,0.015300014292606844,0.0162815529816742,False,0.009938397898085986,0.012658324456692613,True,0.014374376305284783,0.016580123164565388,False,0.009891599097621039,0.01251620717874999,True,0.014036299870451869,0.016364691184842958,False
2024-07-18,-0.0067430827749671,0.0067430827749671,0.009657842638767827,0.013324618855672397,False,0.015300014292606844,0.0162815529816742,False,0.010106199863280806,0.012851768533107164,False,0.014583998462765967,0.016810540003472537,False,0.010062406083354153,0.012709219339514497,False,0.014234743057776014,0.016592987373625225,False
2024-07-19,-0.0087396257070168,0.0087396257070168,0.009536823022020885,0.013168164531009998,False,0.015300014292606844,0.0162815529816742,False,0.010038330862061729,0.012771598182481855,False,0.014496066963839815,0.016712632623862453,False,0.009989639043881723,0.012629187290263555,False,0.014155892890216458,0.01649481833979962,False
2024-07-22,0.0073146055904405,-0.0073146055904405,0.009536823022020885,0.013168164531009998,False,0.015300014292606844,0.0162815529816742,False,0.010111909053066182,0.012856156419654884,False,0.014587552714722944,0.016813022733679264,False,0.010064850318125793,0.01271339004390163,False,0.014257237758314504,0.016595016579401337,False
2024-07-23,-0.00126170967734,0.00126170967734,0.009536823022020885,0.013168164531009998,False,0.015300014292606844,0.0162815529816742,False,0.01010786973999484,0.01285769394313941,False,0.014592608767283455,0.016822601367806878,False,0.010063206900083874,0.012714707495512602,False,0.01425716431190229,0.016603408731735093,False
2024-07-24,-0.0207199181874788,0.0207199181874788,0.009536823022020885,0.013168164531009998,True,0.015300014292606844,0.0162815529816742,True,0.010124613397614961,0.012874109901105688,True,0.01460881797349205,0.016838544823280416,True,0.010079383673563777,0.012731086041431638,True,0.014271241838740133,0.016619124027506264,True
2024-07-25,-0.0055487925214639,0.0055487925214639,0.009657842638767827,0.014025794985675116,False,0.01571571117212142,0.017961279681573464,False,0.010435006925854475,0.013242139182010426,False,0.015013210714135503,0.017289677752559227,False,0.010366865668628565,0.013097368825756439,False,0.014667910281492872,0.01706425881078175,False
2024-07-26,0.0101846353914082,-0.0101846353914082,0.009657842638767827,0.014025794985675116,False,0.01571571117212142,0.017961279681573464,False,0.010387566618055812,0.013186657502645381,False,0.01495265558508556,0.017222601406963665,False,0.010331645012627429,0.013043187264616165,False,0.014619704539347035,0.017001069233831618,False
2024-07-29,0.0016020021498613,-0.0016020021498613,0.009657842638767827,0.014025794985675116,False,0.01571571117212142,0.017961279681573464,False,0.010384673718034367,0.01318251178153633,False,0.014947719436037732,0.017216649272329576,False,0.010323811817781036,0.013038954985136715,False,0.014613671893123896,0.0169945504652874,False
2024-07-30,-0.0031916114155318,0.0031916114155318,0.009657842638767827,0.014025794985675116,False,0.01571571117212142,0.017961279681573464,False,0.010385190670533812,0.013182982173399478,False,0.014948160451936398,0.017217052529496502,False,0.010326312998154072,0.013039428629547664,False,0.014615079841112915,0.016995052152376615,False
2024-07-31,0.0186627957511669,-0.0186627957511669,0.009657842638767827,0.014025794985675116,False,0.01571571117212142,0.017961279681573464,False,0.0103534264903537,0.013146568002188476,False,0.014908812515591462,0.017173933644601645,False,0.010300892080021103,0.01300352321077992,False,0.014577873556437523,0.016952645314125308,False
2024-08-01,-0.0105112389437184,0.0105112389437184,0.009501592850312667,0.013692386000277331,True,0.01571571117212142,0.017961279681573464,False,0.01027684691618332,0.013083628302493287,True,0.014854478464358967,0.01713066096198936,False,0.010226458294307765,0.012940412713159464,True,0.014506044515353604,0.01691011685992213,False
2024-08-02,-0.0074344982919591,0.0074344982919591,0.009657842638767827,0.013764733436191643,False,0.01571571117212142,0.017961279681573464,False,0.010332563698369079,0.01314913001492743,False,0.01492615366981922,0.017210271337278135,False,0.010275401340788031,0.013005980306320645,False,0.014577038308813775,0.016989168426689346,False
2024-08-05,-0.0199490450235033,0.0199490450235033,0.009657842638767827,0.013764733436191643,True,0.01571571117212142,0.017961279681573464,True,0.010399334171753922,0.013224184458599622,True,0.015006434623185322,0.017297270244622028,True,0.010343192771228738,0.013079602103182946,True,0.01465679865242654,0.017074037769220136,True
2024-08-06,0.0004027890803606,-0.0004027890803606,0.010111192034566728,0.01455088128916137,False,0.016598613381934035,0.019361190435088466,False,0.010694906983296547,0.013571221403597,False,0.015385941239494879,0.017718512124104118,False,0.010639612000304678,0.01342575640098023,False,0.015033390215589602,0.01749080795841304,False
2024-08-07,-0.0068909809231954,0.0068909809231954,0.010111192034566728,0.01455088128916137,False,0.016598613381934035,0.019361190435088466,False,0.010678654779072455,0.013553783680745592,False,0.015367755551068629,0.017699365029576464,False,0.010607935594146719,0.01340720773786194,False,0.014980566388523981,0.017470574556511586,False
2024-08-08,0.0180173762166501,-0.0180173762166501,0.010111192034566728,0.01455088128916137,False,0.016598613381934035,0.019361190435088466,False,0.010697193134137393,0.01357521388078342,False,0.015391010269454523,0.01772496491347659,False,0.010623013195123251,0.013428575193247454,False,0.015005100860799448,0.017495762530989365,False
2024-08-09,0.0054101713390017,-0.0054101713390017,0.010111192034566728,0.01455088128916137,False,0.016598613381934035,0.019361190435088466,False,0.010751210185203303,0.013664155119939476,False,0.015501985823229491,0.017864262525414856,False,0.010693318778989814,0.013517112594455271,False,0.015138211693979943,0.017632626963798578,False
2024-08-12,0.0040474942304779,-0.0040474942304779,0.010111192034566728,0.01455088128916137,False,0.016598613381934035,0.019361190435088466,False,0.010726476958119797,0.013640960764598262,False,0.015479762370462741,0.017843287033370306,False,0.010667431794932633,0.01349367420453538,False,0.015116956862500797,0.01761108837934019,False
2024-08-13,0.0139385580451507,-0.0139385580451507,0.010111192034566728,0.01455088128916137,False,0.016598613381934035,0.019361190435088466,False,0.010726535489190378,0.013640963362196182,False,0.015479729678600783,0.01784320898179771,False,0.01066397706286951,0.013493678602579605,False,0.015108616646549876,0.017612376757418176,False
2024-08-14,0.0013737799442485,-0.0013737799442485,0.010111192034566728,0.01455088128916137,False,0.016598613381934035,0.019361190435088466,False,0.010672103736671526,0.013595941519504494,False,0.015440644721632313,0.017811755068756395,False,0.01060980554822698,0.0134484382596935,False,0.01508075428384201,0.01758000357611336,False
2024-08-15,0.012028602145916,-0.012028602145916,0.010111192034566728,0.01455088128916137,False,0.016598613381934035,0.019361190435088466,False,0.010597485522419,0.013511906400847791,False,0.015350668304244707,0.017714141935131756,False,0.010537799774040443,0.013364843015847777,False,0.014983410852269233,0.017484371148589088,False
2024-08-16,0.0052767458416595,-0.0052767458416595,0.010111192034566728,0.01455088128916137,False,0.016598613381934035,0.019361190435088466,False,0.010551776196645015,0.013473780985076653,False,0.015317327717217846,0.01768695158242535,False,0.010495283123848509,0.013326224846850511,False,0.014953775582964166,0.017455827708048523,False
2024-08-19,0.0077864858849718,-0.0077864858849718,0.010111192034566728,0.01455088128916137,False,0.016598613381934035,0.019361190435088466,False,0.010541854421136412,0.013466080038942813,False,0.015311027933310944,0.01768245279840312,False,0.010488921346013903,0.013318261877097481,False,0.014941552062642343,0.017452673414402174,False
2024-08-20,0.0009689481046633,-0.0009689481046633,0.010111192034566728,0.01455088128916137,False,0.016598613381934035,0.019361190435088466,False,0.010544635815379212,0.013473034693238774,False,0.01532061557437128,0.017695424779097958,False,0.010493776837065054,0.013325421982893108,False,0.014949119332762696,0.017465910003985455,False
2024-08-21,0.0024623755298588,-0.0024623755298588,0.010111192034566728,0.01455088128916137,False,0.016598613381934035,0.019361190435088466,False,0.010541932114741078,0.013470281623213554,False,0.015317831356288884,0.01769260052450422,False,0.010496527392139044,0.013322584405005354,False,0.014948908380943808,0.017462881675325736,False
2024-08-22,-0.0108846149382403,0.0108846149382403,0.010111192034566728,0.01455088128916137,True,0.016598613381934035,0.019361190435088466,False,0.01050101439440324,0.013406353462673024,True,0.015239385484480814,0.017595494146570665,False,0.010445518509780073,0.013260004918434471,True,0.01487763299661308,0.01736913511857696,False
2024-08-23,0.0100039874594394,-0.0100039874594394,0.010111192034566728,0.014446606441353923,False,0.016598613381934035,0.019361190435088466,False,0.010479481133030195,0.013380727365126629,False,0.015211177141079642,0.017563966683943145,False,0.010423099985628388,0.013234467905565938,False,0.014858199126431602,0.01733902129514478,False
2024-08-26,-0.00341052308011,0.00341052308011,0.010111192034566728,0.014446606441353923,False,0.016598613381934035,0.019361190435088466,False,0.010490625548984474,0.013399567160413087,False,0.015234872093166863,0.017593902267322124,False,0.010433578404063896,0.013252976638393551,False,0.014870591470551562,0.017367997522578428,False
2024-08-27,0.0013557596186437,-0.0013557596186437,0.010111192034566728,0.014446606441353923,False,0.016598613381934035,0.019361190435088466,False,0.010525459209170175,0.013434643557278438,False,0.015270101637081911,0.017629328660548078,False,0.010466832390805834,0.01328817518006853,False,0.014911803830082873,0.017403759304700447,False
2024-08-28,-0.0064579449427051,0.0064579449427051,0.010111192034566728,0.014446606441353923,False,0.016598613381934035,0.019361190435088466,False,0.010487441365988311,0.013373322037901298,False,0.015194077398439301,0.017534406113635062,False,0.010431561940448633,0.013227457125839032,False,0.01483079549868678,0.01731093556265043,False
2024-08-29,-0.0002075913620832,0.0002075913620832,0.010111192034566728,0.014446606441353923,False,0.016598613381934035,0.019361190435088466,False,0.010548995640700524,0.013440690043032177,False,0.015265113393354903,0.017610156801148184,False,0.01049193036093641,0.01329477091560058,False,0.014912813397670841,0.017386648361282734,False
2024-08-30,0.0035966533078566,-0.0035966533078566,0.010111192034566728,0.014446606441353923,False,0.016598613381934035,0.019361190435088466,False,0.010553575594892376,0.013445400915219539,False,0.015269906864121075,0.01761505644094179,False,0.010497638451607711,0.013299387348427115,False,0.014902175585353231,0.017391359051170115,False
2024-09-03,-0.0131992365007311,0.0131992365007311,0.010111192034566728,0.014446606441353923,True,0.016598613381934035,0.019361190435088466,False,0.010527052351532186,0.013418395004310494,True,0.015242596429350217,0.01758735458294423,False,0.010478976708583726,0.013272121975602354,True,0.014865219695992972,0.017363405230219793,False
2024-09-04,0.0012007720397239,-0.0012007720397239,0.010471888730387683,0.01466010201639434,False,0.016598613381934035,0.019361190435088466,False,0.010633095679200124,0.013543492609986113,False,0.01537971573057317,0.017739926107955474,False,0.010580799953747916,0.013396588723372809,False,0.01501337196786387,0.017514001780375293,False
2024-09-05,0.0016415981983598,-0.0016415981983598,0.010471888730387683,0.01466010201639434,False,0.016598613381934035,0.019361190435088466,False,0.010591434147600607,0.013497628917266793,False,0.015331200816873303,0.017688003417062923,False,0.01054062611855061,0.013350634851797445,False,0.014950633184375204,0.0174620873257887,False
2024-09-06,-0.0145593790954385,0.0145593790954385,0.010471888730387683,0.01466010201639434,True,0.016598613381934035,0.019361190435088466,False,0.010571221221280153,0.013476287451172783,True,0.015309147334214547,0.017665034735773816,False,0.010511911843687502,0.013329385798739301,True,0.014943593649480884,0.017439940484249225,False
2024-09-09,0.009188103931829,-0.009188103931829,0.010716595740705439,0.014971497412680503,False,0.016598613381934035,0.019361190435088466,False,0.010748109667660363,0.013681521154466542,False,0.01553226458306633,0.01791113880433024,False,0.010689431162803804,0.013533993749194647,False,0.015171061994577545,0.01768361181568215,False
2024-09-10,0.0061135173480977,-0.0061135173480977,0.010716595740705439,0.014971497412680503,False,0.016598613381934035,0.019361190435088466,False,0.010755902447231217,0.013696145644092996,False,0.015551199324612217,0.017935613777450017,False,0.010696886861425321,0.013548607674995427,False,0.015189467669312931,0.01770773898654992,False
2024-09-11,0.0091349159124599,-0.0091349159124599,0.010716595740705439,0.014971497412680503,False,0.016598613381934035,0.019361190435088466,False,0.010712333538505257,0.013652382118187756,False,0.015507313011137875,0.017891569637570184,False,0.01064995303968175,0.013504836065988289,False,0.015148236098600248,0.017663662741443167,False
2024-09-12,0.007524131286751,-0.007524131286751,0.010716595740705439,0.014971497412680503,False,0.016598613381934035,0.019361190435088466,False,0.010711869540513268,0.013660036433191122,False,0.015520089319593252,0.017910929558857123,False,0.010650744818003087,0.013512364502929114,False,0.015159378884108047,0.017682361194430386,False
2024-09-13,0.0052398502271632,-0.0052398502271632,0.010716595740705439,0.014971497412680503,False,0.016598613381934035,0.019361190435088466,False,0.010713935776607546,0.013666080780509807,False,0.015528643530679743,0.017922709852027093,False,0.010656452341935631,0.013518558254528173,False,0.015164158119694182,0.017695107000559845,False
2024-09-16,0.0013061934130776,-0.0013061934130776,0.010716595740705439,0.014971497412680503,False,0.016598613381934035,0.019361190435088466,False,0.010614998032230106,0.013556812393979033,False,0.015412857351413619,0.017798545953365583,False,0.010557028948975774,0.013409426503890823,False,0.015050646783556639,0.01757157244448128,False
2024-09-17,-0.0015012949704683,0.0015012949704683,0.010716595740705439,0.014971497412680503,False,0.016598613381934035,0.019361190435088466,False,0.010618767183647394,0.013560307072506408,False,0.01541617885993071,0.017801644875830504,False,0.010561771637883828,0.01341297984047542,False,0.015053152076723125,0.017574779484063444,False
2024-09-18,-0.0059043747412825,0.0059043747412825,0.010716595740705439,0.014971497412680503,False,0.016598613381934035,0.019361190435088466,False,0.010608400942985183,0.013548810635162495,False,0.015403969360648133,0.017788518834234254,False,0.010553497548216885,0.013401490142531778,False,0.015040917245910362,0.01756192209030097,False
2024-09-19,0.0148151730103687,-0.0148151730103687,0.010716595740705439,0.014971497412680503,False,0.016598613381934035,0.019361190435088466,False,0.010601499899650882,0.013540808573174279,False,0.01539527264567732,0.017778929239111885,False,0.010545535396665116,0.013393186823576732,False,0.01503281136590482,0.017552101500861995,False
2024-09-20,-2.633319895862807e-05,2.633319895862807e-05,0.010471888730387683,0.0144404690164832,False,0.01571571117212142,0.018806091991313462,False,0.010401753369915695,0.013323069025056452,False,0.015166180970289888,0.017535245977175578,False,0.01033936339239049,0.01317708873924703,False,0.014814109581951796,0.017313187024857846,False
2024-09-23,0.0015284930350352,-0.0015284930350352,0.010471888730387683,0.0144404690164832,False,0.01571571117212142,0.018806091991313462,False,0.010407346660601634,0.013328811228769728,False,0.015172017125979561,0.017541202895112056,False,0.010346069086906223,0.013182926565148627,False,0.014819000581499153,0.017320078422578912,False
2024-09-24,0.0044053152602407,-0.0044053152602407,0.010471888730387683,0.0144404690164832,False,0.01571571117212142,0.018806091991313462,False,0.010382734960495838,0.01330237084430384,False,0.015144422990811581,0.017512125773290952,False,0.010305087162149677,0.013157820169359347,False,0.014834009956031064,0.017293018253908242,False
2024-09-25,-0.0025201324670956,0.0025201324670956,0.010111192034566728,0.014355801824279294,False,0.01571571117212142,0.018806091991313462,False,0.010247989402977102,0.01314958170902253,False,0.014980249829415048,0.017333320023799698,False,0.010172389049696652,0.013005530934952037,False,0.014638926057215736,0.017117105354455067,False
2024-09-26,0.0046972860198945,-0.0046972860198945,0.010111192034566728,0.014355801824279294,False,0.01571571117212142,0.018806091991313462,False,0.010250743357919038,0.01315265373515336,False,0.014983522532527375,0.01733685066936408,False,0.010174251188574505,0.013008719775315945,False,0.014650230298397137,0.017120075740612604,False
2024-09-27,-0.0021195682840889,0.0021195682840889,0.010111192034566728,0.014355801824279294,False,0.01571571117212142,0.018806091991313462,False,0.010250381173066151,0.013152632258180495,False,0.014983716014442091,0.017337320451142075,False,0.010175058309559441,0.013008709672765318,False,0.014648060463822691,0.017120371849990348,False
2024-09-30,0.0001273113992136,-0.0001273113992136,0.010111192034566728,0.014355801824279294,False,0.01571571117212142,0.018806091991313462,False,0.01024902003220653,0.013151116835634444,False,0.014982103252733569,0.017335582573428415,False,0.010175929490386258,0.01300739444100125,False,0.014645643662883723,0.017119114096562926,False
2024-10-01,-0.0040487515504349,0.0040487515504349,0.010111192034566728,0.014355801824279294,False,0.01571571117212142,0.018806091991313462,False,0.010228759502978559,0.013128882494685312,False,0.014958623597552638,0.017310502239364818,False,0.010156725340894544,0.012986567644700837,False,0.01461424189901968,0.017096763219613995,False
2024-10-02,-0.0011328751642775,0.0011328751642775,0.009657842638767827,0.013990542409699378,False,0.01571571117212142,0.018806091991313462,False,0.010082629938728552,0.012956227412330185,False,0.014769233076427989,0.0170996006307198,False,0.010010559393267405,0.01281471073025595,False,0.014430611153190767,0.016889138902538528,False
2024-10-03,-0.0029058528832803,0.0029058528832803,0.009657842638767827,0.013990542409699378,False,0.01571571117212142,0.018806091991313462,False,0.010096182482322502,0.012962805418061019,False,0.01477141071754045,0.017096122212870737,False,0.010028384723609328,0.012821120016767032,False,0.014441521143822866,0.016885820787337295,False
2024-10-04,0.0038497927997461,-0.0038497927997461,0.009657842638767827,0.013990542409699378,False,0.01571571117212142,0.018806091991313462,False,0.010101842576878956,0.012969144685568229,False,0.014778178487793066,0.01710344076402525,False,0.010036001470558924,0.01282719128218415,False,0.014449918746261827,0.01689268958688646,False
2024-10-07,-0.0083092331506067,0.0083092331506067,0.009657842638767827,0.013990542409699378,False,0.01571571117212142,0.018806091991313462,False,0.01010105389120733,0.012964662443497076,False,0.014771365912843165,0.01709363286907229,False,0.010040447085348018,0.012822634645359298,False,0.014427697090536809,0.016882983359096788,False
2024-10-08,0.0067482449003965,-0.0067482449003965,0.009657842638767827,0.013990542409699378,False,0.01571571117212142,0.018806091991313462,False,0.010172692009071803,0.013034585945909886,False,0.014840207632732793,0.017161084107430204,False,0.010096634549069877,0.01289441666080766,False,0.014499231329453384,0.016952682611058048,False
2024-10-09,0.0027837755697179,-0.0027837755697179,0.009657842638767827,0.013990542409699378,False,0.01571571117212142,0.018806091991313462,False,0.010171197596783234,0.013036583447046977,False,0.014844408246476088,0.017168116517145032,False,0.010093518758565715,0.012896282473821848,False,0.014510518615084783,0.01695969197326436,False
2024-10-10,-0.0006659375045226,0.0006659375045226,0.009657842638767827,0.013990542409699378,False,0.01571571117212142,0.018806091991313462,False,0.010168371142412215,0.013027032182025328,False,0.014830614174341896,0.01714886890439043,False,0.010092370105711953,0.012887400805291407,False,0.014516654960926,0.016941954389060165,False
2024-10-11,0.0036152781325926,-0.0036152781325926,0.009657842638767827,0.013990542409699378,False,0.01571571117212142,0.018806091991313462,False,0.010084532422796673,0.012930557271229827,False,0.014726166857392668,0.017034174164061232,False,0.01000202255167546,0.012792991445980183,False,0.014429284732065171,0.016831133326056447,False
2024-10-14,0.0052741846640827,-0.0052741846640827,0.009657842638767827,0.013990542409699378,False,0.01571571117212142,0.018806091991313462,False,0.010083921401606919,0.012930146100366802,False,0.01472588177578802,0.017034051152726135,False,0.010016398223606037,0.012795260776278765,False,0.01439428898908616,0.016831598601539533,False
2024-10-15,-0.0034978421282363,0.0034978421282363,0.009657842638767827,0.013990542409699378,False,0.01571571117212142,0.018806091991313462,False,0.010081652948681647,0.012929524274823866,False,0.014726298837840953,0.017035803560825645,False,0.010011964591079772,0.012795222378420167,False,0.014405932513698183,0.01683401606642134,False
2024-10-16,0.0033622846321202,-0.0033622846321202,0.009657842638767827,0.013990542409699378,False,0.01571571117212142,0.018806091991313462,False,0.01008762264226913,0.01293626402097275,False,0.01473352442435833,0.017043653627814157,False,0.010010190214101808,0.012801378344128046,False,0.014430269990914119,0.016841096674233745,False
2024-10-17,-0.002062880431401,0.002062880431401,0.009657842638767827,0.013990542409699378,False,0.01571571117212142,0.018806091991313462,False,0.010001349423573043,0.012839821591890581,False,0.014630666052821192,0.016932548451303743,False,0.009920085354039421,0.012704481828477505,False,0.01434605546530562,0.016728275658894613,False
2024-10-18,0.0049192721221468,-0.0049192721221468,0.009657842638767827,0.013990542409699378,False,0.01571571117212142,0.018806091991313462,False,0.009940261420739222,0.012769356837808745,False,0.014554285333375503,0.01684856357815393,False,0.009870613305597428,0.012633892495709613,False,0.014271159313305488,0.016643494287896937,False
2024-10-21,-0.003700572708766,0.003700572708766,0.009657842638767827,0.013990542409699378,False,0.01571571117212142,0.018806091991313462,False,0.009865062818668202,0.012687267661794623,False,0.014467848767129277,0.016756539044179113,False,0.009789888128408105,0.012552186868714569,False,0.014183669294095277,0.016552740947971576,False
2024-10-22,0.001873241888438,-0.001873241888438,0.009657842638767827,0.013990542409699378,False,0.01571571117212142,0.018806091991313462,False,0.009899334161027219,0.01272449602879717,False,0.014506942775536663,0.01679803107609182,False,0.009812706750626322,0.012588397064421206,False,0.01422682852906127,0.016592338287705108,False
2024-10-23,-0.0098351060656961,0.0098351060656961,0.009657842638767827,0.013990542409699378,True,0.01571571117212142,0.018806091991313462,False,0.00990132722061459,0.012720701883156769,False,0.014499497375343867,0.016785892494123662,False,0.00981406793769326,0.012584993897954587,True,0.014221901124709814,0.01658161751555339,False
2024-10-24,0.0053278823041856,-0.0053278823041856,0.009657842638767827,0.013540878408000539,False,0.015334987376947266,0.018806091991313462,False,0.009797722555506778,0.012596717558796522,False,0.014362655147955625,0.016632523214103422,False,0.00971069050440952,0.012461606439149375,False,0.014088620859289752,0.01643035178360597,False
2024-10-25,0.0005714505120941,-0.0005714505120941,0.009657842638767827,0.013540878408000539,False,0.015334987376947266,0.018806091991313462,False,0.009731908399218286,0.012525951146551617,False,0.014288764266058476,0.016554616259423848,False,0.009654582941881344,0.012392058477947086,False,0.014001739125087453,0.01635491214524547,False
2024-10-28,0.0007402166845036,-0.0007402166845036,0.009657842638767827,0.013540878408000539,False,0.015334987376947266,0.018806091991313462,False,0.009730509839962095,0.012524491516522547,False,0.014287266105352043,0.016553068572870828,False,0.00964805323081086,0.012389530444181293,False,0.014015027466905977,0.0163504531952243,False
2024-10-29,0.004988382043214,-0.004988382043214,0.009657842638767827,0.013540878408000539,False,0.015334987376947266,0.018806091991313462,False,0.009740656735477056,0.0125320220790382,False,0.01429314597510697,0.016556826705817165,False,0.009654502409027387,0.012397103423239502,False,0.014025178762426644,0.016353713917156586,False
2024-10-30,-0.0016868347481013,0.0016868347481013,0.009657842638767827,0.013540878408000539,False,0.015334987376947266,0.018806091991313462,False,0.009735035434129853,0.012528097868334809,False,0.014290292490202156,0.01655534949055671,False,0.009649696211629965,0.012393623146114979,False,0.014008874206979322,0.01635341437040439,False
2024-10-31,-0.0161511859669736,0.0161511859669736,0.009657842638767827,0.013540878408000539,True,0.015334987376947266,0.018806091991313462,True,0.009733307916043857,0.01251154685781099,True,0.014264389064805217,0.016517424831797852,True,0.009649510366126433,0.012377388344248275,True,0.013997448948483895,0.016316254192978948,True
2024-11-01,0.0001029092854374,-0.0001029092854374,0.009787413656836457,0.014034883256621822,False,0.015954268097006098,0.01894004972598523,False,0.009886219777851315,0.01266935124871697,False,0.014425280242586833,0.016682283646374238,False,0.009800014260021334,0.01253559163052458,False,0.014146463592374363,0.016481727469143906,False
2024-11-04,0.0017284336323317,-0.0017284336323317,0.009787413656836457,0.014034883256621822,False,0.015954268097006098,0.01894004972598523,False,0.009892757156958783,0.01266902876552639,False,0.014420629745707646,0.01667207008762813,False,0.009808069642262019,0.012534850149726566,False,0.014152528365993036,0.016471226628822506,False
2024-11-05,0.0094264269861481,-0.0094264269861481,0.009787413656836457,0.014034883256621822,False,0.015954268097006098,0.01894004972598523,False,0.009878974006637566,0.012654688178712818,False,0.014405937461926319,0.01665692574612915,False,0.009794544969288914,0.01252061283614683,False,0.014135804005949866,0.016456052593239963,False
2024-11-06,0.0067013513987866,-0.0067013513987866,0.009787413656836457,0.014034883256621822,False,0.015954268097006098,0.01894004972598523,False,0.009888073936581525,0.012669754647768705,False,0.014424768330590839,0.016680595228860392,False,0.009803592093553708,0.012535270767250747,False,0.014160873888115605,0.01647831019080226,False
2024-11-07,0.0119459060632044,-0.0119459060632044,0.009787413656836457,0.014034883256621822,False,0.015954268097006098,0.01894004972598523,False,0.009885620535115061,0.012671083857148959,False,0.014428484058943623,0.016687378496654123,False,0.00983711262697955,0.012534119500346195,False,0.01405697929195582,0.016485022577513705,False
2024-11-08,0.0035496715007632,-0.0035496715007632,0.009787413656836457,0.014034883256621822,False,0.015954268097006098,0.01894004972598523,False,0.00980849015556553,0.01259569065486593,False,0.014354186873849031,0.016614490089780942,False,0.009770349694216987,0.012459548340576537,False,0.013979088710980088,0.016411532772705115,False
2024-11-11,-0.0042585940817655,0.0042585940817655,0.009787413656836457,0.014034883256621822,False,0.015954268097006098,0.01894004972598523,False,0.009790920163947128,0.012565734740689566,False,0.014316416452610019,0.01656667520256359,False,0.00976057847263288,0.012429876513373909,False,0.013933844696503822,0.016363926969529662,False
2024-11-12,-0.0059884341746849,0.0059884341746849,0.009787413656836457,0.014034883256621822,False,0.015954268097006098,0.01894004972598523,False,0.009817438113385398,0.012595454405567141,False,0.014348156138830049,0.01660101134630642,False,0.009775723761044271,0.01245968991640665,False,0.013957770776538515,0.016399866308467924,False
2024-11-13,-0.0035367660960819,0.0035367660960819,0.009787413656836457,0.014034883256621822,False,0.015954268097006098,0.01894004972598523,False,0.009781344288125713,0.012524785605914414,False,0.014255673349922917,0.016480489696961736,False,0.009748829257630159,0.012390661724473956,False,0.01389082305861628,0.016282561065786627,False
2024-11-14,-0.0035426949027029,0.0035426949027029,0.009787413656836457,0.014034883256621822,False,0.015954268097006098,0.01894004972598523,False,0.009792150791616699,0.012536945599466892,False,0.01426868728532714,0.016494601256286268,False,0.009759448477299123,0.012402840486065934,False,0.01390506039044976,0.016296990704896496,False
2024-11-15,-0.0118771566588719,0.0118771566588719,0.009787413656836457,0.014034883256621822,True,0.015954268097006098,0.01894004972598523,False,0.009828610386964823,0.012574107134359979,True,0.014306291686829967,0.016532774901448197,False,0.009787168500353544,0.01244048889321742,True,0.013947025290860135,0.016335750104527053,False
2024-11-18,0.0065841249480539,-0.0065841249480539,0.01015888444342637,0.0141919640714815,False,0.015954268097006098,0.01894004972598523,False,0.009964311773682946,0.012730712512442507,False,0.014476085778743876,0.01671952125744165,False,0.0099339744016299,0.012596562849028057,False,0.014106812130582376,0.016520824356913585,False
2024-11-19,0.0055455442287024,-0.0055455442287024,0.01015888444342637,0.0141919640714815,False,0.015954268097006098,0.01894004972598523,False,0.009963329773344123,0.0127289573233971,False,0.014473842770678117,0.016716651225621965,False,0.009927923273593476,0.012595060872388902,False,0.014112259271672659,0.016519080715682033,False
2024-11-20,0.0001969288151581,-0.0001969288151581,0.01015888444342637,0.0141919640714815,False,0.015954268097006098,0.01894004972598523,False,0.009947085098304395,0.012715026633988664,False,0.014461372017497602,0.016706057018160116,False,0.009913974863469161,0.01258112024148295,False,0.01409872568062054,0.016507702023516833,False
2024-11-21,0.0041425647426816,-0.0041425647426816,0.01015888444342637,0.0141919640714815,False,0.015954268097006098,0.01894004972598523,False,0.009955689424753736,0.01272333919911429,False,0.014469500505021087,0.016713948899433548,False,0.009924741285451096,0.012589407910113119,False,0.014106830535475455,0.01651548717967416,False
2024-11-22,0.003685343712857,-0.003685343712857,0.01015888444342637,0.0141919640714815,False,0.015954268097006098,0.01894004972598523,False,0.009934021102896033,0.01270208422718696,False,0.014448506323191156,0.016693289927136323,False,0.009896222778227153,0.012568084211941277,False,0.01407819449195936,0.016494874426306084,False
2024-11-25,0.0025109706410992,-0.0025109706410992,0.01015888444342637,0.0141919640714815,False,0.015954268097006098,0.01894004972598523,False,0.009933634135109445,0.012701875707150664,False,0.01444841038913289,0.016693338706751857,False,0.00989278723461765,0.012568121117907833,False,0.014079580472535767,0.016496695278984702,False
2024-11-26,0.0029452404395025,-0.0029452404395025,0.01015888444342637,0.0141919640714815,False,0.015954268097006098,0.01894004972598523,False,0.009935492343702192,0.01270325655232777,False,0.01444949005692369,0.016694031252746495,False,0.009889524499687255,0.012571125694866694,False,0.014109266412846265,0.01650596475080482,False
2024-11-27,-0.0014612596561149,0.0014612596561149,0.01015888444342637,0.0141919640714815,False,0.015954268097006098,0.01894004972598523,False,0.00993374021713839,0.012701805160010286,False,0.014448228403390767,0.01669301348212916,False,0.009884714515987948,0.012569823714664469,False,0.014124268923868019,0.01650530314713476,False
2024-11-29,0.0080395071502911,-0.0080395071502911,0.01015888444342637,0.0141919640714815,False,0.015954268097006098,0.01894004972598523,False,0.009930214624971555,0.012697920140006442,False,0.014444116613733095,0.016688610211504803,False,0.009879756977501599,0.012565085770242714,False,0.014095185894237007,0.016500864780908227,False
2024-12-02,0.0026062857923888,-0.0026062857923888,0.01015888444342637,0.0141919640714815,False,0.015954268097006098,0.01894004972598523,False,0.009924958166489637,0.012689907693547754,False,0.01443436536361176,0.01667662397021992,False,0.009881396732629099,0.012558614125402759,False,0.014123930346064975,0.016490536560160876,False
2024-12-03,-0.0004717082547943,0.0004717082547943,0.01015888444342637,0.0141919640714815,False,0.015954268097006098,0.01894004972598523,False,0.00983745524035917,0.012591418975713359,False,0.014328945507103005,0.01656229509538824,False,0.009789366252672205,0.012460566828950068,False,0.014009680071978961,0.016376250342559583,False
2024-12-04,0.0081786717617033,-0.0081786717617033,0.01015888444342637,0.0141919640714815,False,0.015954268097006098,0.01894004972598523,False,0.009852124401842516,0.01260498713478545,False,0.014341819023440292,0.016574275744746084,False,0.009805174873110853,0.012474103650224524,False,0.014016949610373464,0.016388459278005436,False
2024-12-05,-0.0020567149202432,0.0020567149202432,0.01015888444342637,0.0141919640714815,False,0.015954268097006098,0.01894004972598523,False,0.0098454942593864,0.012604822251539697,False,0.014345733191514682,0.016583432968061276,False,0.00980082385256244,0.012474337840514115,False,0.014039779484353204,0.016397684538277443,False
2024-12-06,0.003348353456077,-0.003348353456077,0.01015888444342637,0.0141919640714815,False,0.015954268097006098,0.01894004972598523,False,0.009870187492068843,0.01262796207412301,False,0.014367892939005965,0.016604332964830062,False,0.009832912963605738,0.012497716534907208,False,0.014064574604431149,0.016419270684102386,False
2024-12-09,-0.0043620709981475,0.0043620709981475,0.01015888444342637,0.0141919640714815,False,0.015954268097006098,0.01894004972598523,False,0.009854736430611088,0.012612805049676596,False,0.014352921427935003,0.01658959990549679,False,0.009810332954168005,0.01248312039143641,False,0.014051109884556235,0.016404724288493638,False
2024-12-10,-0.001061892312755,0.001061892312755,0.01015888444342637,0.0141919640714815,False,0.015954268097006098,0.01894004972598523,False,0.009892764154851453,0.01265442288220583,False,0.014396804326021344,0.016636394231488265,False,0.00984666333735984,0.012525045753785916,False,0.01410172474426942,0.01645193452163992,False
2024-12-11,0.0071070602366865,-0.0071070602366865,0.01015888444342637,0.0141919640714815,False,0.015954268097006098,0.01894004972598523,False,0.009910738275113996,0.012671484237524872,False,0.014413289801096974,0.016652139492310307,False,0.009868204634489348,0.012542329842869336,False,0.01410555134930202,0.016468970285411447,False
2024-12-12,-0.0083036258945283,0.0083036258945283,0.01015888444342637,0.0141919640714815,False,0.015954268097006098,0.01894004972598523,False,0.00984255169577515,0.01257615422055064,False,0.014300834488520932,0.016517671985278176,False,0.00980026789490199,0.0124504183813352,False,0.01403130569583401,0.016340858165014512,False
2024-12-13,-0.0020216985384365,0.0020216985384365,0.01015888444342637,0.0141919640714815,False,0.015954268097006098,0.01894004972598523,False,0.009927187413309994,0.012666588511842252,False,0.01439492720697964,0.01661646710491453,False,0.009891773567329416,0.012541828083766155,False,0.014127987507979282,0.016441337559405123,False
2024-12-16,0.0062694986300538,-0.0062694986300538,0.01015888444342637,0.0141919640714815,False,0.015954268097006098,0.01894004972598523,False,0.009935958458765394,0.012676145975170585,False,0.014404980835853452,0.016627158485843747,False,0.009899698495027939,0.012550359280617162,False,0.014134160152110085,0.016450704979805834,False
2024-12-17,-0.0028381953060521,0.0028381953060521,0.01015888444342637,0.0141919640714815,False,0.015954268097006098,0.01894004972598523,False,0.009935150463380501,0.01267854348885443,False,0.014409400764350551,0.0166341779483387,False,0.009896235916885267,0.012553192803768985,False,0.014134404047150415,0.016457914999734494,False
2024-12-18,-0.0263191696155293,0.0263191696155293,0.01015888444342637,0.0141919640714815,True,0.015954268097006098,0.01894004972598523,True,0.009964179371853671,0.012706159434544183,True,0.014436125245751016,0.01665975657592486,True,0.009926325610373168,0.012581057602862628,True,0.014166443223537004,0.016483924579165046,True
2024-12-19,-0.0040513473732169,0.0040513473732169,0.010471888730387683,0.015414685270737163,False,0.01808809408580371,0.02232937760883713,False,0.010354303595783461,0.013177507149333832,False,0.014958718359501208,0.017248218549000327,False,0.010296142722097897,0.013049183108470738,False,0.014753259530632966,0.017064381843584858,False
2024-12-20,0.0096914204240806,-0.0096914204240806,0.010471888730387683,0.015414685270737163,False,0.01808809408580371,0.02232937760883713,False,0.010391494150888868,0.013213427057375857,False,0.01499383659286745,0.017282306340658343,False,0.010335192404520731,0.013085109481565098,False,0.014788002943970226,0.017098324027832342,False
2024-12-23,0.0022902203883254,-0.0022902203883254,0.010471888730387683,0.015414685270737163,False,0.01808809408580371,0.02232937760883713,False,0.01039561294954653,0.013227491851326404,False,0.015014176498752339,0.017310712033397027,False,0.010341335455736298,0.01309870269720911,False,0.014801521664558824,0.01712564725421975,False
2024-12-24,0.0089805766976429,-0.0089805766976429,0.010471888730387683,0.015414685270737163,False,0.01808809408580371,0.02232937760883713,False,0.010398801187551696,0.013228806403188758,False,0.015014308907457596,0.01730932496088258,False,0.010354651983153804,0.013099741433061184,False,0.014791800221871862,0.01712389758030614,False
2024-12-26,0.0007556009606807,-0.0007556009606807,0.010471888730387683,0.015414685270737163,False,0.01808809408580371,0.02232937760883713,False,0.010406922898899577,0.013242572140845838,False,0.015031635565445692,0.01733122868852199,False,0.010350115679013427,0.013113891208191146,False,0.014825935938254299,0.01714634363244116,False
2024-12-27,-0.0102041299314662,0.0102041299314662,0.010471888730387683,0.015414685270737163,False,0.01808809408580371,0.02232937760883713,False,0.01039017141951054,0.013224665236062623,False,0.01501299968146364,0.017311655802793965,False,0.010333906292999816,0.013096142274967684,False,0.014811750862127916,0.017127141971930958,False
2024-12-30,-0.0067607880126384,0.0067607880126384,0.010471888730387683,0.015414685270737163,False,0.01808809408580371,0.02232937760883713,False,0.010459921498358378,0.01330611372656491,False,0.015101828915714936,0.017409971960390205,False,0.0103983510310144,0.013177119941787335,False,0.014896892549300916,0.01722426079271357,False
2024-12-31,-0.0037143339481522,0.0037143339481522,0.010471888730387683,0.015414685270737163,False,0.01808809408580371,0.02232937760883713,False,0.010445505325093397,0.013289269122852585,False,0.015083452170428734,0.017389625859418542,False,0.010379540296523557,0.013159810150290429,False,0.014862656756613054,0.017203330647848777,False
2025-01-02,0.0011158493074556,-0.0011158493074556,0.010471888730387683,0.015414685270737163,False,0.01808809408580371,0.02232937760883713,False,0.01042038344584646,0.013260421791793982,False,0.015052254383087396,0.01735540688622681,False,0.0103559891805021,0.013131137628689999,False,0.014833749859112153,0.017169546888831533,False
2025-01-03,0.0072736568693657,-0.0072736568693657,0.010471888730387683,0.015414685270737163,False,0.01808809408580371,0.02232937760883713,False,0.010375213659099455,0.013210462471272845,False,0.014999273257341043,0.017298541648592847,False,0.01031368406890073,0.013081595791887052,False,0.014783976064207836,0.017114206980328155,False
2025-01-06,0.0040989590656373,-0.0040989590656373,0.010471888730387683,0.015414685270737163,False,0.01808809408580371,0.02232937760883713,False,0.010360650036583246,0.013200652194415265,False,0.014992461953958938,0.017295585110047838,False,0.010298160675680115,0.013071688612456884,False,0.014767318193633179,0.017111475524902865,False
2025-01-07,-0.0103930774393023,0.0103930774393023,0.010471888730387683,0.015414685270737163,False,0.01808809408580371,0.02232937760883713,False,0.010338652402869785,0.013165364587799783,True,0.014948789458238973,0.01724113500127218,False,0.01028731873928668,0.013036489397786542,True,0.014733978951136357,0.017056775221027474,False
2025-01-08,0.0016815254464823,-0.0016815254464823,0.010471888730387683,0.015414685270737163,False,0.01808809408580371,0.02232937760883713,False,0.010433381101651538,0.01327495911145894,False,0.015067763105088424,0.01737216421132432,False,0.010370531177865757,0.013145804454325604,False,0.014852345766903915,0.017187177157905343,False
2025-01-10,-0.0099186920224349,0.0099186920224349,0.010471888730387683,0.015414685270737163,False,0.01808809408580371,0.02232937760883713,False,0.010435991263418725,0.013277215872631405,False,0.015069796899305418,0.017373911412416433,False,0.010371355877918636,0.013148091376735617,False,0.014848510236067836,0.017189008774219507,False
2025-01-13,-0.0017460977982832,0.0017460977982832,0.010471888730387683,0.015414685270737163,False,0.01808809408580371,0.02232937760883713,False,0.01053709085715819,0.013392128427928897,False,0.01519342430689963,0.017508740555027193,False,0.010475472375815864,0.013262916889639674,False,0.014945064911117948,0.017324090601526856,False
2025-01-14,0.0007726433395207,-0.0007726433395207,0.010471888730387683,0.015414685270737163,False,0.01808809408580371,0.02232937760883713,False,0.010552582794008386,0.013408276078250578,False,0.015209985658948412,0.01752583366331981,False,0.010494250942509402,0.013279356624287284,False,0.01497872073745795,0.0173417420834738,False
2025-01-15,0.0175979968211204,-0.0175979968211204,0.010471888730387683,0.015414685270737163,False,0.01808809408580371,0.02232937760883713,False,0.010499062623640528,0.013348487543950238,False,0.01514624229819148,0.017457006921170408,False,0.010444995337897483,0.013220928102752388,False,0.014912356017371661,0.017275152993630874,False
2025-01-16,-0.0008386078499943,0.0008386078499943,0.010471888730387683,0.015414685270737163,False,0.01808809408580371,0.02232937760883713,False,0.010523284159242283,0.013402437706427127,False,0.015218948799858386,0.017553822097813504,False,0.010467047748597299,0.013273437974558605,False,0.014971786753321469,0.01736788413318831,False
2025-01-17,0.007784066686588,-0.007784066686588,0.010471888730387683,0.015414685270737163,False,0.01808809408580371,0.02232937760883713,False,0.010538337865487944,0.013413877264387688,False,0.015228108124984683,0.017560050499601597,False,0.01048306869160799,0.013284911759086287,False,0.01498531061518228,0.0173742868046199,False
2025-01-21,0.0092397422339434,-0.0092397422339434,0.010471888730387683,0.015414685270737163,False,0.01808809408580371,0.02232937760883713,False,0.010524378498726247,0.01339307102250133,False,0.015202982063257021,0.017529371908062304,False,0.010470726568451754,0.013264294520108496,False,0.014958320950979901,0.017344626706950236,False
2025-01-22,0.0051695781136868,-0.0051695781136868,0.010471888730387683,0.015414685270737163,False,0.01808809408580371,0.02232937760883713,False,0.010528467575688557,0.013405763035479894,False,0.015221101827292796,0.017554468293962518,False,0.01046679938919036,0.013276084337188462,False,0.014962026304377936,0.017368192558239362,False
2025-01-23,0.0009482884284192,-0.0009482884284192,0.010471888730387683,0.015414685270737163,False,0.01808809408580371,0.02232937760883713,False,0.010521660746501908,0.013401256598159727,False,0.015218046749643527,0.01755327873805631,False,0.01045817619182973,0.013271607343840376,False,0.014955697646282861,0.017366941043693983,False
2025-01-24,-0.0007493596857467,0.0007493596857467,0.010471888730387683,0.015414685270737163,False,0.01808809408580371,0.02232937760883713,False,0.010514599956696853,0.013393959079609307,False,0.015210599874559999,0.0175456398858457,False,0.01045875149810451,0.01326482194025098,False,0.014981135074104255,0.017359614593248605,False
2025-01-27,-0.0121357460324566,0.0121357460324566,0.010471888730387683,0.015414685270737163,True,0.01808809408580371,0.02232937760883713,False,0.01053017178965834,0.01340827116994022,True,0.015224117170022974,0.0175581355826401,False,0.010473026396267342,0.013279151620735041,True,0.014998866394005305,0.017372275809111062,False
2025-01-28,0.0082944741995842,-0.0082944741995842,0.010716595740705439,0.015539647354486253,False,0.01808809408580371,0.02232937760883713,False,0.010643410776154237,0.013540470605844141,False,0.015368279103279564,0.01771767364860879,False,0.010586839854305957,0.01341073299864702,False,0.015111708401221934,0.017530465862224124,False
2025-01-29,-0.0032469651793046,0.0032469651793046,0.010716595740705439,0.015539647354486253,False,0.01808809408580371,0.02232937760883713,False,0.01064057861442759,0.013536110723396373,False,0.01536295535364232,0.01771111098126187,False,0.01058125162000205,0.013406773549594032,False,0.015112690304275908,0.017524692037917948,False
2025-01-30,0.0062342319395202,-0.0062342319395202,0.010716595740705439,0.015539647354486253,False,0.01808809408580371,0.02232937760883713,False,0.010661132497801496,0.013558539189530996,False,0.015386566528626817,0.017736242364585757,False,0.010606421210534185,0.013429330134913204,False,0.01514226455344477,0.01754988488034029,False
2025-01-31,-0.0035086840634308,0.0035086840634308,0.010716595740705439,0.015539647354486253,False,0.01808809408580371,0.02232937760883713,False,0.010561053180171273,0.013449096071661698,False,0.015271215616424154,0.01761329780140641,False,0.01049810015368621,0.013320090221457519,False,0.015011837898852246,0.017428470332426216,False
2025-02-03,-0.0022636421269989,0.0022636421269989,0.010716595740705439,0.015539647354486253,False,0.01808809408580371,0.02232937760883713,False,0.01055888418876363,0.013428927484180975,False,0.015239690751687567,0.017567176015888676,False,0.010512100561996635,0.013301650166396218,False,0.015008639525342208,0.017385681315062615,False
2025-02-04,0.0078419024651902,-0.0078419024651902,0.010716595740705439,0.015539647354486253,False,0.01808809408580371,0.02232937760883713,False,0.010580962497463061,0.013451671954535602,False,0.01526285551572117,0.017590881009206805,False,0.010535228518395933,0.013325738254921081,False,0.015062100106484877,0.017410505280682748,False
2025-02-05,0.0069897551045806,-0.0069897551045806,0.010716595740705439,0.015539647354486253,False,0.01808809408580371,0.02232937760883713,False,0.01052088758166482,0.013391060342318515,False,0.015201905291831361,0.01752949554693289,False,0.010464841990354766,0.01326615283431207,False,0.014984498411334273,0.017350297546493733,False
2025-02-06,0.0022086584771543,-0.0022086584771543,0.010716595740705439,0.015539647354486253,False,0.01808809408580371,0.02232937760883713,False,0.010521741927299037,0.01339578148534106,False,0.015209066068668788,0.017539792134981025,False,0.010462081712047551,0.013270594663214645,False,0.014991810151970148,0.017359911342487922,False
2025-02-07,-0.0078381532660412,0.0078381532660412,0.010716595740705439,0.015539647354486253,False,0.01808809408580371,0.02232937760883713,False,0.010525349880220455,0.013397570176047953,False,0.015209706953279065,0.017538957673904784,False,0.010464468938492044,0.013272478825107221,False,0.01499234262660484,0.017359402725799545,False
2025-02-10,0.0076785340637242,-0.0076785340637242,0.010716595740705439,0.015539647354486253,False,0.01808809408580371,0.02232937760883713,False,0.010588617157390073,0.013469614219574749,False,0.015287288420632341,0.01762365673227011,False,0.010530417860844337,0.013344315086712681,False,0.015068003614133527,0.01744330155236933,False
2025-02-11,-0.0021196029566963,0.0021196029566963,0.010716595740705439,0.015539647354486253,False,0.01808809408580371,0.02232937760883713,False,0.010591577458395063,0.01347728092866845,False,0.015297924489422653,0.01763810950148835,False,0.010528242717996877,0.013352176213802039,False,0.015074233433172712,0.017458399698210333,False
2025-02-12,-0.0036987008237403,0.0036987008237403,0.010716595740705439,0.015539647354486253,False,0.01808809408580371,0.02232937760883713,False,0.01059673027718781,0.013482921212976772,False,0.015303872324718509,0.017644452650961564,False,0.010531008626525014,0.013357799814806582,False,0.015083346563059066,0.017464633169434363,False
2025-02-13,0.0126233875244996,-0.0126233875244996,0.010471888730387683,0.015201761830872983,False,0.01808809408580371,0.02232937760883713,False,0.010443283695459406,0.013301879147836261,False,0.01510541975995539,0.017423621301494135,False,0.010382710408752542,0.013178284697276096,False,0.01489382187795028,0.017247499002807434,False
2025-02-14,-0.0001406500100647,0.0001406500100647,0.010471888730387683,0.015201761830872983,False,0.01808809408580371,0.02232937760883713,False,0.010468911699025226,0.013339439564850696,False,0.015150508556768121,0.01747838678733534,False,0.010409156171159575,0.013214969924914234,False,0.01492579733910122,0.017300093107774483,False
2025-02-18,0.0018695744407995,-0.0018695744407995,0.010471888730387683,0.015201761830872983,False,0.01808809408580371,0.02232937760883713,False,0.01048135355499096,0.013349262342885831,False,0.015158678910214739,0.017484433177948715,False,0.010419340888265557,0.013225167538865863,False,0.014944960168218968,0.017308143752839778,False
2025-02-19,0.0013443228668746,-0.0013443228668746,0.010471888730387683,0.015201761830872983,False,0.01808809408580371,0.02232937760883713,False,0.010439352956951376,0.013303437522571742,False,0.01511044131751059,0.017433094300673302,False,0.010376912301706608,0.013179713781484787,False,0.01490755035321328,0.01725867172341003,False
2025-02-20,-0.0018995920004512,0.0018995920004512,0.010471888730387683,0.015201761830872983,False,0.01808809408580371,0.02232937760883713,False,0.010414921491972299,0.01327722117245046,False,0.015083098850421878,0.01740430436626819,False,0.010352323318732936,0.013153592473550461,False,0.014880997744931875,0.01722995352123118,False
2025-02-21,-0.0097516168184372,0.0097516168184372,0.010471888730387683,0.015201761830872983,False,0.01808809408580371,0.02232937760883713,False,0.010413896807498038,0.013276090950894508,False,0.015081902043573923,0.01740302197325404,False,0.010349838612321381,0.0131522719383989,False,0.014871844482502524,0.017228546299676885,False
2025-02-24,-0.0033765299335414,0.0033765299335414,0.010471888730387683,0.015201761830872983,False,0.01808809408580371,0.02232937760883713,False,0.0104519892757753,0.013297044822799338,False,0.01509204285881951,0.017399264102521746,False,0.010389123656638436,0.013173791063408696,False,0.014881488637299121,0.017225972067517466,False
2025-02-25,-0.0036679782854786,0.0036679782854786,0.010471888730387683,0.015201761830872983,False,0.01808809408580371,0.02232937760883713,False,0.01048331637599494,0.013329784978830632,False,0.015125674537833323,0.017434041710791884,False,0.0104156948296193,0.013206874608964893,False,0.014929730021662214,0.01726127200626675,False
2025-02-26,0.0022161396948767,-0.0022161396948767,0.010471888730387683,0.015201761830872983,False,0.01808809408580371,0.02232937760883713,False,0.010492100670974076,0.01333964167138221,False,0.01513620782579914,0.01744544466840735,False,0.010427790814605454,0.013216825098134537,False,0.01494764938334534,0.017273913859513993,False
2025-02-27,-0.0170271963425799,0.0170271963425799,0.010471888730387683,0.015201761830872983,True,0.01808809408580371,0.02232937760883713,False,0.01048298192859066,0.0133306874093915,True,0.01512735733752286,0.01743672756686112,True,0.010417739549511022,0.01320798145198812,True,0.01494034956122349,0.017265326224864,True
2025-02-28,0.0117034529975645,-0.0117034529975645,0.010716595740705439,0.0157029893230931,False,0.018517339169850808,0.02232937760883713,False,0.010700495570872501,0.013586479777588237,False,0.015407300460143516,0.01774771313774086,False,0.010625560630526516,0.013462887227540092,False,0.01523549150086594,0.017573106557373583,False
2025-03-03,-0.009568261448886,0.009568261448886,0.010716595740705439,0.0157029893230931,False,0.018517339169850808,0.02232937760883713,False,0.010722444230223543,0.013620039349903613,False,0.015448185571669958,0.01779801421482836,False,0.010642792100714076,0.013496173958385285,False,0.015267895557433088,0.01762338605717921,False
2025-03-04,-0.0066474504723641,0.0066474504723641,0.010716595740705439,0.0157029893230931,False,0.018517339169850808,0.02232937760883713,False,0.010799545985492402,0.01369521538708848,False,0.015522146637786045,0.017870413603993218,False,0.010718264308852157,0.013571408927934712,False,0.015340557870088131,0.01769631761375425,False
2025-03-05,0.0062734742438199,-0.0062734742438199,0.010716595740705439,0.0157029893230931,False,0.018517339169850808,0.02232937760883713,False,0.010852205209048001,0.013754191604018577,False,0.015585108362384928,0.017938498146431354,False,0.010763089164767908,0.01363059008323441,False,0.01540792408667088,0.017763773865092515,False
2025-03-06,-0.0154014413132392,0.0154014413132392,0.010716595740705439,0.0157029893230931,True,0.018517339169850808,0.02232937760883713,False,0.0108100273024431,0.013712483826674848,True,0.015543697198265973,0.017897468237511368,False,0.010722707048792288,0.013589455595085308,True,0.015354783148049396,0.017723640190836294,True
2025-03-07,0.0035169689879291,-0.0035169689879291,0.011430512884587664,0.016050437505785324,False,0.018517339169850808,0.02232937760883713,False,0.011002453866895641,0.013932043447803103,False,0.015780375565457052,0.018156150380633736,False,0.010920941161697291,0.013808121808435953,False,0.015575127145099992,0.017979421679990296,False
2025-03-10,-0.0195704163539439,0.0195704163539439,0.011430512884587664,0.016050437505785324,True,0.018517339169850808,0.02232937760883713,True,0.010996831213682641,0.013919999759438442,True,0.015764280727546823,0.01813484835134759,True,0.010912669213840195,0.013796291901635914,True,0.015557169782313317,0.01795879067775446,True
2025-03-11,-0.0035913389799289,0.0035913389799289,0.011925828656165214,0.016642226713098555,False,0.019763516975419188,0.02232937760883713,False,0.011228556760132968,0.014195884908252498,False,0.016068026984238808,0.018474406201522735,False,0.011166820339363547,0.014070139668846618,False,0.01588519385855176,0.018292247224098133,False
2025-03-12,0.0044001063837649,-0.0044001063837649,0.011925828656165214,0.016642226713098555,False,0.019763516975419188,0.02232937760883713,False,0.011244985360937152,0.014213956752964161,False,0.01608713558184962,0.018494847401323296,False,0.011179722998378744,0.014088684731087582,False,0.015910110393755478,0.018314220895289487,False
2025-03-13,-0.0054081133014049,0.0054081133014049,0.011925828656165214,0.016642226713098555,False,0.019763516975419188,0.02232937760883713,False,0.011245026787194735,0.014213832671179774,False,0.016086907077987926,0.018494484677350913,False,0.011177642317137847,0.014088753436515873,False,0.01592322752979495,0.018313356071415616,False
2025-03-14,0.0133059141011476,-0.0133059141011476,0.011925828656165214,0.016642226713098555,False,0.019763516975419188,0.02232937760883713,False,0.011268742780352937,0.014240584928562299,False,0.016115574970488787,0.0185256148533482,False,0.011200400725112832,0.014114980854971485,False,0.015927500979646448,0.018344780101513903,False
2025-03-17,0.0065155761357112,-0.0065155761357112,0.011925828656165214,0.016642226713098555,False,0.019763516975419188,0.02232937760883713,False,0.011256953561934393,0.014244523123391339,False,0.016129435880507206,0.01855223003875898,False,0.01118994229624846,0.014118784038951462,False,0.015964255894657674,0.018370420614693083,False
2025-03-18,-0.0066357314301003,0.0066357314301003,0.011925828656165214,0.016642226713098555,False,0.019763516975419188,0.02232937760883713,False,0.011201096197306915,0.014187459802941593,False,0.016071611700279254,0.01849342787871794,False,0.011132944926471251,0.014061638605504091,False,0.01590198225217689,0.018311567318731844,False
2025-03-19,0.0093540460815761,-0.0093540460815761,0.011925828656165214,0.016642226713098555,False,0.019763516975419188,0.02232937760883713,False,0.011262059200290575,0.014252696346377719,False,0.01613954449923385,0.018564826340523324,False,0.011197631971953824,0.014126696757208727,False,0.01596101294638156,0.018383315601228727,False
2025-03-20,-0.0020645424793907,0.0020645424793907,0.011925828656165214,0.016642226713098555,False,0.019763516975419188,0.02232937760883713,False,0.011270136353675181,0.014269043989371248,False,0.016161110146712558,0.018593099009712552,False,0.01120517832880443,0.014142584288701776,False,0.01598452574524357,0.018410268135015558,False
2025-03-21,-0.0014350954754871,0.0014350954754871,0.011925828656165214,0.016642226713098555,False,0.019763516975419188,0.02232937760883713,False,0.011286449940606342,0.014278882403237013,False,0.016166863254424128,0.018593601022460878,False,0.011218630313169801,0.014152644674576815,False,0.015989722417876575,0.01841120260855722,False
2025-03-24,0.0099309578194871,-0.0099309578194871,0.011925828656165214,0.016642226713098555,False,0.019763516975419188,0.02232937760883713,False,0.011302578973774504,0.014294825894560027,False,0.016182689683973784,0.018609276985322047,False,0.011234223025393257,0.014168369728225865,False,0.01599602378592482,0.018426799565590256,False
2025-03-25,0.003025883236971,-0.003025883236971,0.011925828656165214,0.016642226713098555,False,0.019763516975419188,0.02232937760883713,False,0.01130476410958943,0.014307417026908275,False,0.01620184615152601,0.018636872281525153,False,0.011240829260015886,0.014180238376711136,False,0.016022824069173883,0.018452233803272957,False
2025-03-26,-0.0108140266107857,0.0108140266107857,0.011925828656165214,0.016642226713098555,False,0.019763516975419188,0.02232937760883713,False,0.01128109602084032,0.014283385628682501,False,0.016177585534648334,0.01861231703583312,False,0.011219821728933939,0.014156254984930445,False,0.016000301727299063,0.018427765603612253,False
2025-03-27,-0.0010589590066655,0.0010589590066655,0.011925828656165214,0.016642226713098555,False,0.019763516975419188,0.02232937760883713,False,0.011380714847648628,0.014397838008578192,False,0.01630139667686657,0.018748157570179953,False,0.011316727654339062,0.014270224374511774,False,0.01613628335262479,0.01856190144339822,False
2025-03-28,-0.0107587869387456,0.0107587869387456,0.011925828656165214,0.016642226713098555,False,0.019763516975419188,0.02232937760883713,False,0.011393972527500906,0.014405987197928545,False,0.016306322825307383,0.018748940946146035,False,0.01132494810473993,0.014278998081308393,False,0.016137610318360883,0.018564921076246202,False
2025-03-31,0.0068037090001832,-0.0068037090001832,0.011925828656165214,0.016642226713098555,False,0.019763516975419188,0.02232937760883713,False,0.011498950313484151,0.014525452256231171,False,0.016434928171007133,0.018889294864731662,False,0.011439884543751182,0.014397518272727514,False,0.016274516903944432,0.01870235648271934,False
2025-04-01,0.0045813706744688,-0.0045813706744688,0.011925828656165214,0.016642226713098555,False,0.019763516975419188,0.02232937760883713,False,0.011477214387003115,0.014507510013416478,False,0.016419379433211166,0.018876822645970983,False,0.011419368830679875,0.014378963020049882,False,0.016248668441574285,0.018688452152045964,False
2025-04-02,0.0045326099333011,-0.0045326099333011,0.011925828656165214,0.016642226713098555,False,0.019763516975419188,0.02232937760883713,False,0.01144476138173487,0.014475113045717511,False,0.016387017820648553,0.018844506477537017,False,0.011377664766304973,0.014346510983498746,False,0.01621595515803413,0.01865492673585337,False
2025-04-03,-0.0330826412507093,0.0330826412507093,0.011925828656165214,0.016642226713098555,True,0.019763516975419188,0.02232937760883713,True,0.011441719464558298,0.01447359473676829,True,0.01638646078424061,0.01884518502377803,True,0.011375605231652403,0.014344888185871698,True,0.01621291952148941,0.018655102174735493,True
2025-04-04,-0.040275865491436,0.040275865491436,0.012059203357583467,0.01826661056319887,True,0.0203421903371308,0.026707243017905797,True,0.01201049724095167,0.015161509911013164,True,0.017149541940880343,0.019704881635089613,True,0.011938327623875613,0.015029225602464108,True,0.016932424271600542,0.019500819077953896,True
2025-04-07,-0.009363240277502,0.009363240277502,0.012720665790007557,0.020431235136966517,False,0.023575536415784505,0.033225892119224866,False,0.012882371498032558,0.01620692887561555,False,0.0183044534633657,0.021000530668427622,False,0.012821183267879887,0.016069032084927153,False,0.018034219468407893,0.020776528003901572,False
2025-04-08,-0.0137263302143494,0.0137263302143494,0.012720665790007557,0.020431235136966517,True,0.023575536415784505,0.033225892119224866,False,0.012962006862908364,0.016296050805668674,True,0.018399560642416744,0.0211033310556938,False,0.012896103728336317,0.016154966881136167,True,0.018132159766542456,0.020874444853717505,False
2025-04-09,0.0787412396880169,-0.0787412396880169,0.013420343307152914,0.020471780807244846,False,0.023575536415784505,0.033225892119224866,False,0.013105993094724924,0.016458528881714743,False,0.018573705564162563,0.021292472090920132,False,0.013041668855060305,0.01631655908283014,False,0.018288630692375043,0.02106164686461931,False
2025-04-10,-0.0300108395108462,0.0300108395108462,0.013420343307152914,0.020471780807244846,True,0.023575536415784505,0.033225892119224866,True,0.015019947681651366,0.018950877988441486,True,0.0214309744448362,0.02461879477432887,True,0.014952264683344133,0.018792115247503988,True,0.021158187285404875,0.024331656142480826,True
2025-04-11,0.0156936338605978,-0.0156936338605978,0.013670043612111743,0.021734057009921978,False,0.028201921262140887,0.03445644875099717,False,0.015471211536328208,0.01947712244689566,False,0.022004525549609,0.025253152017695922,False,0.015388206826521882,0.019317595092913597,False,0.021720689608132858,0.024970164442900532,False
2025-04-14,0.0061464410287716,-0.0061464410287716,0.013670043612111743,0.021734057009921978,False,0.028201921262140887,0.03445644875099717,False,0.015407812012352098,0.01942415640748065,False,0.021958142188101857,0.025215229776482332,False,0.015318368413836691,0.019263912475671708,False,0.02168290756951728,0.024930615731148215,False
2025-04-15,0.0006515697206355,-0.0006515697206355,0.013670043612111743,0.021734057009921978,False,0.028201921262140887,0.03445644875099717,False,0.015323416805962522,0.01933413648445458,False,0.021864573527573542,0.025117099705640918,False,0.015239793205170623,0.019173671097914992,False,0.021603151412131337,0.024829886698953422,False
2025-04-16,-0.0104325500498863,0.0104325500498863,0.013670043612111743,0.021734057009921978,False,0.028201921262140887,0.03445644875099717,False,0.015311567066336443,0.019321819104073327,False,0.021851961104011858,0.025104108044954714,False,0.015235016811884577,0.01916159053102893,False,0.021585002078853895,0.02481711298589696,False
2025-04-17,-0.001899395183953,0.001899395183953,0.013670043612111743,0.021734057009921978,False,0.028201921262140887,0.03445644875099717,False,0.015369084721183689,0.01938772002559379,False,0.021923151183148103,0.025182096603291237,False,0.015283003586876795,0.019226779754896502,False,0.02165063424938667,0.024897057536617685,False
2025-04-21,-0.014563280982559,0.014563280982559,0.013670043612111743,0.021734057009921978,True,0.028201921262140887,0.03445644875099717,False,0.015364088786463084,0.019382314586303358,False,0.021917487379869184,0.02517610070890643,False,0.015284348558882967,0.019221159773155947,False,0.021648224228176135,0.024890319794778907,False
2025-04-22,0.0159569827684816,-0.0159569827684816,0.01418450709894839,0.021798437838245793,False,0.028201921262140887,0.03445644875099717,False,0.015448151101717846,0.01948052773390087,False,0.022024628548675235,0.025294717611826504,False,0.015335135272137847,0.01932039271966511,False,0.021756960932672348,0.025017460269992506,False
2025-04-23,0.0102135007195752,-0.0102135007195752,0.01418450709894839,0.021798437838245793,False,0.028201921262140887,0.03445644875099717,False,0.015474024900337688,0.01952699861543476,False,0.022084094509836703,0.02537088694713028,False,0.015360794340299997,0.019366627191526112,False,0.02180710541558252,0.02509191967341914,False
2025-04-24,0.0197445282558958,-0.0197445282558958,0.01418450709894839,0.021798437838245793,False,0.028201921262140887,0.03445644875099717,False,0.0154779576798846,0.019534000891541923,False,0.022093033387956068,0.025382315058782773,False,0.015366171493597832,0.01937404657650565,False,0.021851544816565333,0.025108681525245754,False
2025-04-25,0.0055241289768828,-0.0055241289768828,0.01418450709894839,0.021798437838245793,False,0.028201921262140887,0.03445644875099717,False,0.015519142136282327,0.01960676546557509,False,0.022185722440860027,0.025500614268354267,False,0.015401585571536688,0.019445855796614717,False,0.02191615358685935,0.025224646451987933,False
2025-04-28,0.0034694945858087,-0.0034694945858087,0.01418450709894839,0.021798437838245793,False,0.028201921262140887,0.03445644875099717,False,0.01548739070056429,0.019575848838992414,False,0.02215533251076312,0.025470901333605852,False,0.015370326384504723,0.01941504102210138,False,0.021887480581928312,0.02519615260016655,False
2025-04-29,0.0043868952330157,-0.0043868952330157,0.01418450709894839,0.021798437838245793,False,0.028201921262140887,0.03445644875099717,False,0.015488123228372933,0.01957096276993786,False,0.02214690156528421,0.025457913940694434,False,0.015374546754934448,0.01941008952329934,False,0.021899673650926786,0.025183209160301246,False
2025-04-30,-0.0026136781741473,0.0026136781741473,0.01418450709894839,0.021798437838245793,False,0.028201921262140887,0.03445644875099717,False,0.015487175508422556,0.01957036639230202,False,0.02214652685599689,0.025457824155352717,False,0.015367723383423185,0.019409643679091263,False,0.02189959410426419,0.02518429710658315,False
2025-05-01,0.0019698934345572,-0.0019698934345572,0.013670043612111743,0.02164282379604511,False,0.028201921262140887,0.03445644875099717,False,0.015347430055347834,0.019408467880809382,False,0.021970651571223472,0.025263983665278388,False,0.015225768830812164,0.01924857986173909,False,0.02173099090016921,0.024991555185202498,False
2025-05-02,0.007746070322038,-0.007746070322038,0.013670043612111743,0.02164282379604511,False,0.028201921262140887,0.03445644875099717,False,0.015338771959112011,0.019399889408675174,False,0.021962123335404038,0.025255520001280386,False,0.015224155457432805,0.019239855521066045,False,0.02171584643901245,0.024984522168836888,False
2025-05-05,-0.000413739714174,0.000413739714174,0.013670043612111743,0.02164282379604511,False,0.028201921262140887,0.03445644875099717,False,0.015339057448691809,0.019400672926983636,False,0.021963221069226067,0.025257021615604485,False,0.01521495823092836,0.0192405156595649,False,0.021716040874260698,0.024985033195577707,False
2025-05-06,-0.0008003587205461,0.0008003587205461,0.013670043612111743,0.02164282379604511,False,0.028201921262140887,0.03445644875099717,False,0.015345466764716337,0.019396210981715116,False,0.0219519002446325,0.025236884652068612,False,0.015215533594611023,0.019236728089274548,False,0.021673596030367823,0.024970489869107135,False
2025-05-07,0.0012601794279067,-0.0012601794279067,0.013670043612111743,0.02164282379604511,False,0.028201921262140887,0.03445644875099717,False,0.015360730979377395,0.019405164659545088,False,0.02195687248834606,0.025236739313930008,False,0.015236557984151073,0.019245840160076362,False,0.02164957314868686,0.024973186380081485,False
2025-05-08,0.0001843841539953,-0.0001843841539953,0.013670043612111743,0.02164282379604511,False,0.028201921262140887,0.03445644875099717,False,0.015359831663584528,0.019404290211554112,False,0.0219560137299101,0.02523590072224294,False,0.015240553366342537,0.019245087449043307,False,0.021640132693626014,0.024973821240793538,False
2025-05-09,0.0007137829441113,-0.0007137829441113,0.013670043612111743,0.02164282379604511,False,0.028201921262140887,0.03445644875099717,False,0.015350245406840863,0.01939424700207462,False,0.021945682220518778,0.02522519864326447,False,0.015228583124582399,0.019234286275838543,False,0.0216138401489345,0.024962464139447284,False
2025-05-12,0.0173145131497573,-0.0173145131497573,0.013670043612111743,0.02164282379604511,False,0.028201921262140887,0.03445644875099717,False,0.015361328219090501,0.01940257770636897,False,0.02195227656912763,0.025229561147245182,False,0.015244579711195364,0.01924296020302149,False,0.02161772326681343,0.02496707380845745,False
2025-05-13,0.0062789105595053,-0.0062789105595053,0.013670043612111743,0.02164282379604511,False,0.028201921262140887,0.03445644875099717,False,0.01539209298748471,0.019457536780711635,False,0.022022500277479203,0.025319405427405725,False,0.015277452240455954,0.019296170646055075,False,0.021681019335012482,0.025055556006294114,False
2025-05-14,-0.0024735036837611,0.0024735036837611,0.013670043612111743,0.02164282379604511,False,0.028201921262140887,0.03445644875099717,False,0.015375210105610906,0.01944329339279388,False,0.022009922194997103,0.02530896786430097,False,0.015262802310345314,0.019281878128525304,False,0.02166584311482406,0.025044192765077442,False
2025-05-15,0.0063811413194559,-0.0063811413194559,0.013670043612111743,0.02164282379604511,False,0.028201921262140887,0.03445644875099717,False,0.015402475551551342,0.019469035870188472,False,0.022034703803437278,0.025332514408847172,False,0.015289490519048866,0.019307165447827988,False,0.021692235116246412,0.02506842131543477,False
2025-05-16,0.0023431064557079,-0.0023431064557079,0.013670043612111743,0.02164282379604511,False,0.028201921262140887,0.03445644875099717,False,0.01538563110172855,0.019440662153337465,False,0.021999056059302673,0.025287516910596296,False,0.015275405634367772,0.019279051844934777,False,0.021636997783899232,0.025025109522547013,False
2025-05-19,0.0020299798275003,-0.0020299798275003,0.013670043612111743,0.02164282379604511,False,0.028201921262140887,0.03445644875099717,False,0.01536639635031032,0.01942106624195197,False,0.021979232285430424,0.025267400251072058,False,0.015250939248213413,0.01925965481227283,False,0.02161771107639652,0.02500616151493312,False
2025-05-20,-0.000825841816131,0.000825841816131,0.013670043612111743,0.02164282379604511,False,0.028201921262140887,0.03445644875099717,False,0.015364967761964327,0.019419731758931313,False,0.021977957175195767,0.025266201456326562,False,0.015249329843542901,0.019258205146574666,False,0.021624887250786106,0.02500398716920351,False
2025-05-21,-0.0125257408503891,0.0125257408503891,0.013670043612111743,0.02164282379604511,False,0.028201921262140887,0.03445644875099717,False,0.015376919725736831,0.0194316282680394,False,0.021989818696932933,0.02527801800664658,False,0.01526592025339486,0.019270269956718194,False,0.021618241527602517,0.025017966706621167,False
2025-05-22,0.0003445041023244,-0.0003445041023244,0.013670043612111743,0.02164282379604511,False,0.028201921262140887,0.03445644875099717,False,0.015493266370920635,0.019562485288487037,False,0.022129830580851596,0.025429797198974327,False,0.015386462344892646,0.01940061441994632,False,0.02174259162863412,0.025168847547052727,False
2025-05-23,-0.001427851632304,0.001427851632304,0.013670043612111743,0.02164282379604511,False,0.028201921262140887,0.03445644875099717,False,0.015470905553454282,0.019538571038737573,False,0.022104936242013817,0.02540364309142377,False,0.015360108515032002,0.019376839256929335,False,0.021730539904361797,0.02514182184463484,False
2025-05-27,0.0144463710361339,-0.0144463710361339,0.013670043612111743,0.02164282379604511,False,0.028201921262140887,0.03445644875099717,False,0.015417878150455292,0.01947908099450154,False,0.022041368798185315,0.025334834715421507,False,0.015306182803652486,0.019317893354115902,False,0.021674196317112107,0.025074518135296903,False
2025-05-28,-0.0046252610470102,0.0046252610470102,0.013670043612111743,0.02164282379604511,False,0.028201921262140887,0.03445644875099717,False,0.01543921443837945,0.019514682142364702,False,0.0220859699093713,0.025391004032340465,False,0.015332612156921962,0.019353491978414013,False,0.021721422756055847,0.025133051145608334,False
2025-05-29,0.0048102140728413,-0.0048102140728413,0.013670043612111743,0.02164282379604511,False,0.028201921262140887,0.03445644875099717,False,0.01546652633002494,0.01954429962629762,False,0.022117042034016637,0.025423945896053086,False,0.015359068502316983,0.019383004971031376,False,0.021749053987632026,0.025165177543294684,False
2025-05-30,-0.0015265689245345,0.0015265689245345,0.013670043612111743,0.02164282379604511,False,0.028201921262140887,0.03445644875099717,False,0.015392364911770347,0.019464700538568185,False,0.02203401222029028,0.02533650635945095,False,0.015284307293517582,0.019303807052597464,False,0.02167294482488873,0.025078797794987607,False
2025-06-02,0.0063536452302104,-0.0063536452302104,0.013670043612111743,0.02164282379604511,False,0.028201921262140887,0.03445644875099717,False,0.01538282616921069,0.019454352012826213,False,0.02202315278739805,0.025324990226213106,False,0.015268199206713729,0.019293722713534456,False,0.021671515216695452,0.025068300804909866,False
2025-06-03,0.0025546814343731,-0.0025546814343731,0.013670043612111743,0.02164282379604511,False,0.028201921262140887,0.03445644875099717,False,0.015379999595399426,0.019453548154500778,False,0.022023625097591818,0.025327102874200542,False,0.015270493573048802,0.019292781220059167,False,0.021677081853407096,0.025073324555386724,False
2025-06-04,0.0048025347345327,-0.0048025347345327,0.013670043612111743,0.02164282379604511,False,0.028201921262140887,0.03445644875099717,False,0.015385374547269563,0.01945654257760282,False,0.022025117601173205,0.025326664868358047,False,0.015272356161913832,0.019295952994213623,False,0.021674537747106457,0.0250750234087341,False
2025-06-05,-0.0044334249844901,0.0044334249844901,0.013670043612111743,0.02164282379604511,False,0.028201921262140887,0.03445644875099717,False,0.015379767506490463,0.019452236026490845,False,0.02202163155298631,0.02532423346298484,False,0.015271463848105377,0.019291229037661943,False,0.021670275515383728,0.02506980480541083,False
2025-06-06,0.0019942389361072,-0.0019942389361072,0.013670043612111743,0.02164282379604511,False,0.028201921262140887,0.03445644875099717,False,0.015405939183429801,0.01946730210823422,False,0.02202969090982182,0.02532328664586818,False,0.015291891782201975,0.019306458415697555,False,0.021675510803056547,0.02506998176912848,False
2025-06-09,0.0016471087635577,-0.0016471087635577,0.013670043612111743,0.02164282379604511,False,0.028201921262140887,0.03445644875099717,False,0.015401492300667124,0.019463025497833217,False,0.022025521727395338,0.025319255547216712,False,0.01530095276313438,0.019301709659324855,False,0.021655225314658265,0.02506419567245043,False
2025-06-10,0.0049953191034299,-0.0049953191034299,0.013670043612111743,0.02164282379604511,False,0.028201921262140887,0.03445644875099717,False,0.015319995052551487,0.019372384748042166,False,0.021929112173699247,0.025215430995479758,False,0.015189364474679166,0.01921340805217714,False,0.02160640414762443,0.02496350909036349,False
2025-06-11,-0.0005658932217959,0.0005658932217959,0.013670043612111743,0.02164282379604511,False,0.028201921262140887,0.03445644875099717,False,0.015314704208544198,0.019368501310832505,False,0.02192611669540493,0.025213576865327277,False,0.015185934610666361,0.01920941661569322,False,0.021600053406868543,0.024961057867612508,False
2025-06-12,0.0064312576046363,-0.0064312576046363,0.013670043612111743,0.02164282379604511,False,0.028201921262140887,0.03445644875099717,False,0.015331125601541377,0.01938325982536032,False,0.021939826069226235,0.02522593771414905,False,0.015202497052875817,0.019224159356541495,False,0.021612307107033355,0.024973965035159803,False
2025-06-13,-0.0075728339541542,0.0075728339541542,0.013670043612111743,0.02164282379604511,False,0.028201921262140887,0.03445644875099717,False,0.01532979647646863,0.01937952978049576,False,0.021934581239767943,0.025218745838998132,False,0.015208478418303742,0.01921983419638822,False,0.021601757280905257,0.024965455140316926,False
2025-06-16,0.0031287855598815,-0.0031287855598815,0.013670043612111743,0.02164282379604511,False,0.028201921262140887,0.03445644875099717,False,0.015394601165374807,0.01944916172973634,False,0.022007258796616663,0.025295338102399447,False,0.015275664234565627,0.01928933828802362,False,0.021669907104254787,0.025042197948669936,False
2025-06-17,-0.0033450659239568,0.0033450659239568,0.013670043612111743,0.02164282379604511,False,0.028201921262140887,0.03445644875099717,False,0.015397775713431075,0.01945107303896436,False,0.022008373105161128,0.025295427977005014,False,0.015277413335046685,0.019290549379622376,False,0.021658156032132735,0.025041835154780007,False
2025-06-18,-0.0005637711638151,0.0005637711638151,0.013670043612111743,0.02164282379604511,False,0.028201921262140887,0.03445644875099717,False,0.015427293043822003,0.01948115216752904,False,0.022038806682558837,0.025326317149261864,False,0.01530973900146876,0.019320858197483283,False,0.021690313215712576,0.025073024856031766,False
2025-06-20,-0.0023924474162983,0.0023924474162983,0.013670043612111743,0.02164282379604511,False,0.028201921262140887,0.03445644875099717,False,0.015440988496135335,0.019494167136589628,False,0.022051392322180317,0.025338350945381238,False,0.015325780117935655,0.019334160701312872,False,0.021704969427977363,0.025086105058262555,False
2025-06-23,0.0076285206537756,-0.0076285206537756,0.013670043612111743,0.02164282379604511,False,0.028201921262140887,0.03445644875099717,False,0.015440504962801116,0.01949364256484944,False,0.02205084185855265,0.025337767201320034,False,0.015316711644407982,0.019333507326198585,False,0.02170760793303082,0.025084288195849975,False
2025-06-24,0.0073361481613128,-0.0073361481613128,0.013670043612111743,0.02164282379604511,False,0.028201921262140887,0.03445644875099717,False,0.015407362017624408,0.019463418912433503,False,0.02202246004180056,0.02531175280909197,False,0.015288363186889822,0.019303148608098477,False,0.02168735632078536,0.02505688228082146,False
2025-06-25,0.0015705949012358,-0.0015705949012358,0.013670043612111743,0.02164282379604511,False,0.028201921262140887,0.03445644875099717,False,0.015378816082961218,0.019437864232705028,False,0.021998792599999185,0.025290511150132665,False,0.015264455638818092,0.01927769893168152,False,0.021655732058397756,0.025037914380346634,False
2025-06-26,0.0063065924546871,-0.0063065924546871,0.013670043612111743,0.02164282379604511,False,0.028201921262140887,0.03445644875099717,False,0.015384903696221204,0.019443035633596093,False,0.02200338594560254,0.025294361485764378,False,0.015271165029743322,0.019282802221631118,False,0.02166029052852371,0.025041277255121442,False
2025-06-27,-0.0011487109343297,0.0011487109343297,0.013670043612111743,0.02164282379604511,False,0.028201921262140887,0.03445644875099717,False,0.015352815283213698,0.019412481894766197,False,0.021973800461026104,0.02526602055786046,False,0.015237502360397167,0.01925288278433491,False,0.02164248942437081,0.025015190313032117,False
2025-06-30,0.0072975265560466,-0.0072975265560466,0.013670043612111743,0.02164282379604511,False,0.028201921262140887,0.03445644875099717,False,0.015370174134233543,0.019429251566073082,False,0.021990198407981696,0.025281940704672042,False,0.015251333267697231,0.019269606629080543,False,0.021660543325607105,0.025031274241939662,False
2025-07-01,-0.0004024596653805,0.0004024596653805,0.013670043612111743,0.02164282379604511,False,0.028201921262140887,0.03445644875099717,False,0.015312061066740474,0.0193704760567839,False,0.021931004951941262,0.02522221003599746,False,0.015189846726973953,0.019211008789248828,False,0.021608287485711634,0.02497248250067997,False
2025-07-02,0.0031131552728096,-0.0031131552728096,0.013670043612111743,0.02164282379604511,False,0.028201921262140887,0.03445644875099717,False,0.01531026972612823,0.019368604880910956,False,0.021929083406529378,0.02522022374752294,False,0.015183886298079846,0.019209608184875195,False,0.02162249135759552,0.024972302180352308,False
2025-07-03,0.0031961568240289,-0.0031961568240289,0.013670043612111743,0.02164282379604511,False,0.028201921262140887,0.03445644875099717,False,0.015314219001746544,0.01936974293034968,False,0.021928447801504148,0.025217308355458334,False,0.015192466738177495,0.01921076302392891,False,0.02162151988034789,0.024969673750215752,False
2025-07-07,-0.0066604486720262,0.0066604486720262,0.013670043612111743,0.02164282379604511,False,0.028201921262140887,0.03445644875099717,False,0.015317013053749867,0.019368175337274283,False,0.021924128366076042,0.025209451808006662,False,0.01519659074459223,0.019209290167807473,False,0.02161318512833204,0.024963174346152774,False
2025-07-08,-0.0019005689486441,0.0019005689486441,0.013670043612111743,0.02164282379604511,False,0.028201921262140887,0.03445644875099717,False,0.015374215012851796,0.019424410012150974,False,0.021979752763488593,0.025264291778304773,False,0.015241382259500556,0.019265421710974954,False,0.0216519895979319,0.025018290026600512,False
2025-07-09,0.0069313612691726,-0.0069313612691726,0.013670043612111743,0.02164282379604511,False,0.028201921262140887,0.03445644875099717,False,0.015382102909329735,0.01943274836771103,False,0.021988375321994547,0.02527327964031588,False,0.015250789084587464,0.019273647098729044,False,0.021659879961994002,0.025026588092495153,False
2025-07-10,0.0012404781436689,-0.0012404781436689,0.013670043612111743,0.02164282379604511,False,0.028201921262140887,0.03445644875099717,False,0.015367909496498815,0.019422017542875973,False,0.021979829107810985,0.025267541440404866,False,0.015236843572406612,0.01926264927213036,False,0.021650296084476314,0.025019872637546427,False
2025-07-11,-0.0032875028130422,0.0032875028130422,0.013670043612111743,0.02164282379604511,False,0.028201921262140887,0.03445644875099717,False,0.015376582016962985,0.01942628688485678,False,0.021981320403247788,0.02526546194196129,False,0.015249297998195676,0.019267133094879714,False,0.02165619717360402,0.02501824795912458,False
2025-07-14,0.0007020994052227,-0.0007020994052227,0.013670043612111743,0.02164282379604511,False,0.028201921262140887,0.03445644875099717,False,0.015369313766544329,0.0194182300116676,False,0.021972765973402558,0.025256267971980786,False,0.015240272425312952,0.019260028463990296,False,0.02167909084106116,0.025010250587998453,False
2025-07-15,-0.0035051382347129,0.0035051382347129,0.013670043612111743,0.02164282379604511,False,0.028201921262140887,0.03445644875099717,False,0.015379531956582395,0.019426927747926603,False,0.021980504427319913,0.02526277340137502,False,0.015251526695308775,0.01926873198960207,False,0.021686059259616836,0.025016820903650504,False
2025-07-16,0.002623797963481,-0.002623797963481,0.013670043612111743,0.02164282379604511,False,0.028201921262140887,0.03445644875099717,False,0.015398855309484495,0.019447642263750887,False,0.02200209665349882,0.025285493802591097,False,0.015272621710057258,0.01928926353665335,False,0.021698840592561927,0.025039563656253722,False
2025-07-17,0.0040979672527755,-0.0040979672527755,0.013670043612111743,0.02164282379604511,False,0.028201921262140887,0.03445644875099717,False,0.015402481395975973,0.0194464437521833,False,0.021997854214001723,0.02527733881553554,False,0.015259869747242088,0.019289356987462668,False,0.021723724547571266,0.0250338411762435,False
2025-07-18,0.0001624307565936,-0.0001624307565936,0.013489138043221155,0.02164282379604511,False,0.028201921262140887,0.03445644875099717,False,0.01526748755556955,0.019295141289963662,False,0.02183626234138532,0.025102521331650383,False,0.015137463787277589,0.019137927391570237,False,0.021535729039558513,0.024859569861666805,False
2025-07-21,0.0061433120476761,-0.0061433120476761,0.013489138043221155,0.02164282379604511,False,0.028201921262140887,0.03445644875099717,False,0.015221439997771527,0.01924441291088193,False,0.02178258074579434,0.02504504378546186,False,0.015083538200308676,0.019087626564309814,False,0.021491713292640508,0.024802888285623558,False
2025-07-22,0.0013954370185809,-0.0013954370185809,0.013489138043221155,0.02164282379604511,False,0.028201921262140887,0.03445644875099717,False,0.01514206009589467,0.019159990777941338,False,0.021694977376246243,0.024953351377076525,False,0.015009674987590177,0.019003431403933315,False,0.021415093443807185,0.024710392967939684,False
2025-07-23,0.0015734867817648,-0.0015734867817648,0.013489138043221155,0.02164282379604511,False,0.028201921262140887,0.03445644875099717,False,0.015150712995228924,0.019164827032324378,False,0.02169740563891229,0.024952684500064076,False,0.015025021752884823,0.019008152812432656,False,0.02141035822809782,0.02470973047629353,False
2025-07-24,-0.0006018405943459,0.0006018405943459,0.013489138043221155,0.02164282379604511,False,0.028201921262140887,0.03445644875099717,False,0.015138397058878598,0.019152263368402436,False,0.021684685679094835,0.024939763643530746,False,0.014992890753299872,0.018995825685056197,False,0.021375026656953594,0.024696763388632696,False
2025-07-25,0.0021613598808349,-0.0021613598808349,0.01289616345807719,0.02106430982014144,False,0.028201921262140887,0.03445644875099717,False,0.014899929193828354,0.018873658258355224,False,0.021380757240645056,0.02460328557545509,False,0.01478616397135828,0.018717811498547284,False,0.02107071543833268,0.024363144268940748,False
2025-07-28,-0.0015860199445973,0.0015860199445973,0.01289616345807719,0.02106430982014144,False,0.028201921262140887,0.03445644875099717,False,0.014855954314432715,0.01882634674455015,False,0.021331340582630018,0.02455116304626647,False,0.014745583060500465,0.01867038642713893,False,0.021023051258661395,0.02431004903021918,False
2025-07-29,0.0023474705820309,-0.0023474705820309,0.01289616345807719,0.02106430982014144,False,0.028201921262140887,0.03445644875099717,False,0.014873960879328952,0.01883696681807597,False,0.02133730038246915,0.024551132710052177,False,0.01476438459819576,0.018681279337840438,False,0.021023819972044867,0.024310697370024004,False
2025-07-30,-0.0037905041299929,0.0037905041299929,0.01289616345807719,0.02106430982014144,False,0.028201921262140887,0.03445644875099717,False,0.014871626630859164,0.01883479709254948,False,0.021335234457503034,0.02454920020632285,False,0.014760388291998416,0.018678744426830506,False,0.021003121538454537,0.024306883446673425,False
2025-07-31,-0.0017133079930829,0.0017133079930829,0.01289616345807719,0.02106430982014144,False,0.028201921262140887,0.03445644875099717,False,0.014875781856304943,0.018839399341251385,False,0.02134011874142483,0.024554447007438404,False,0.014771685455602524,0.018683097953498106,False,0.021014785880146526,0.02431224938728831,False
2025-08-01,-0.0055926347013362,0.0055926347013362,0.01289616345807719,0.02106430982014144,False,0.028201921262140887,0.03445644875099717,False,0.014846365366164578,0.018781804466263024,False,0.021264745603543397,0.024456222376129176,False,0.014722348513878407,0.01862540263888972,False,0.020930777070693785,0.024216105420339674,False
2025-08-04,0.0121129172277892,-0.0121129172277892,0.01289616345807719,0.02106430982014144,False,0.028201921262140887,0.03445644875099717,False,0.01479662416977906,0.018724425094903838,False,0.021202547166668657,0.02438782969830867,False,0.014681752096359371,0.018567060492564118,False,0.020871599964614317,0.024145125837371467,False
2025-08-05,-0.0029915889049504,0.0029915889049504,0.01289616345807719,0.02106430982014144,False,0.028201921262140887,0.03445644875099717,False,0.014740884157809558,0.01867438819976176,False,0.021156108473155764,0.024346015994389857,False,0.014607223090020124,0.018518444217581725,False,0.020839715310193366,0.02410813347390335,False
2025-08-06,0.0047367992486782,-0.0047367992486782,0.012350243182319467,0.02049328642220958,False,0.028201921262140887,0.03445644875099717,False,0.014526623835396976,0.018422928623339975,False,0.020881179201051665,0.02404091968066518,False,0.01442565455822059,0.0182677343736755,False,0.020556468589701136,0.023803512563391374,False
2025-08-07,0.0014351458537915,-0.0014351458537915,0.012350243182319467,0.02049328642220958,False,0.028201921262140887,0.03445644875099717,False,0.014514661290911146,0.018412331163671917,False,0.020871442998581013,0.024032290504977998,False,0.01437202703635968,0.018257946660010967,False,0.020573187515889865,0.02379928682589174,False
2025-08-08,0.0045506401412045,-0.0045506401412045,0.012350243182319467,0.02049328642220958,False,0.028201921262140887,0.03445644875099717,False,0.014460276223633257,0.01835259078364526,False,0.020808323852935396,0.02396482842432236,False,0.014317924091593026,0.01819845152277047,False,0.020512380502983152,0.02373273027690383,False
2025-08-11,-0.0034577912577914,0.0034577912577914,0.012350243182319467,0.02049328642220958,False,0.028201921262140887,0.03445644875099717,False,0.014414020511385886,0.018280899877326392,False,0.020720585413396348,0.02385646310452404,False,0.014283662354870467,0.0181271796905362,False,0.02041255691091448,0.023624180881078295,False
2025-08-12,0.0062574090246936,-0.0062574090246936,0.012350243182319467,0.02049328642220958,False,0.028201921262140887,0.03445644875099717,False,0.014448312169144512,0.018314891718544155,False,0.02075438809482685,0.023890022647259753,False,0.014315382862344198,0.018161390357863124,False,0.020445654657445134,0.02365960061996402,False
2025-08-13,0.0036078417174437,-0.0036078417174437,0.012350243182319467,0.02049328642220958,False,0.028201921262140887,0.03445644875099717,False,0.014446374685767439,0.018314707666278816,False,0.020755310314600792,0.02389236682644486,False,0.014308989185206275,0.018161191545716177,False,0.020457367334671156,0.023661346666896805,False
2025-08-14,-0.0025902325040989,0.0025902325040989,0.012350243182319467,0.02049328642220958,False,0.028201921262140887,0.03445644875099717,False,0.014428513560425736,0.01828181141961636,False,0.020712928132498407,0.023837791788793777,False,0.014288294613143057,0.01812818851330834,False,0.020409534420764586,0.023606695359009625,False
2025-08-15,-0.0033729325375105,0.0033729325375105,0.012350243182319467,0.02049328642220958,False,0.028201921262140887,0.03445644875099717,False,0.014448173768796634,0.018302438037739382,False,0.020734164476364347,0.023859811850612977,False,0.01431306297268219,0.0181484957219336,False,0.020421598564088244,0.023627291656029597,False
2025-08-18,-0.0009996251004468,0.0009996251004468,0.012350243182319467,0.02049328642220958,False,0.028201921262140887,0.03445644875099717,False,0.014469632813779578,0.018313698101231502,False,0.020738989814262237,0.023856366240414838,False,0.014342895791570364,0.018160167809689064,False,0.020419496106086465,0.0236246042851068,False
2025-08-19,-0.0052221008987077,0.0052221008987077,0.012350243182319467,0.02049328642220958,False,0.028201921262140887,0.03445644875099717,False,0.014488025915491923,0.01833038598709997,False,0.020754601847993496,0.02387059541530378,False,0.014359250805595957,0.018177308885149672,False,0.020439040397905672,0.023638016571884107,False
2025-08-20,-0.0005902859145186,0.0005902859145186,0.012350243182319467,0.02049328642220958,False,0.028201921262140887,0.03445644875099717,False,0.014533786106929576,0.018374552289868566,False,0.020797762536993464,0.023912463527151363,False,0.014415003951037232,0.018221692224709905,False,0.02048346051402241,0.023680365809756,False
2025-08-21,-0.0042730503362478,0.0042730503362478,0.012350243182319467,0.02049328642220958,False,0.028201921262140887,0.03445644875099717,False,0.014540462861226445,0.0183813407757372,False,0.020804621516372176,0.023919413116169044,False,0.014417691543297728,0.018228468763291993,False,0.020493298295668202,0.02368796248260587,False
2025-08-22,0.01308690430863,-0.01308690430863,0.012350243182319467,0.02049328642220958,False,0.028201921262140887,0.03445644875099717,False,0.014574521214248924,0.018417207044858656,False,0.020841628433116616,0.0239578861773741,False,0.014449707406950302,0.018264204319122172,False,0.02052778522867687,0.023726026517791054,False
2025-08-25,-0.0034182291706972,0.0034182291706972,0.012350243182319467,0.02049328642220958,False,0.028201921262140887,0.03445644875099717,False,0.01448726719853673,0.01833214592095878,False,0.020757950845120082,0.023875986933065724,False,0.014342689259832238,0.018178311219480964,False,0.020462106362279433,0.023643896236984582,False
2025-08-26,0.0036526933737543,-0.0036526933737543,0.012350243182319467,0.02049328642220958,False,0.028201921262140887,0.03445644875099717,False,0.014515185834592124,0.01835351787881226,False,0.020775192382909466,0.02388791938821208,False,0.014373016249796847,0.018200121296058736,False,0.020479855187716226,0.02365674872027065,False
2025-08-27,0.0013678731727531,-0.0013678731727531,0.012350243182319467,0.02049328642220958,False,0.028201921262140887,0.03445644875099717,False,0.014484459072155023,0.018322162646827372,False,0.020743440637891592,0.02385565798063483,False,0.01433670540544169,0.018168499359531583,False,0.020442912436734736,0.02362428737782719,False
2025-08-28,0.0054100822628689,-0.0054100822628689,0.012350243182319467,0.02049328642220958,False,0.028201921262140887,0.03445644875099717,False,0.014484417061766798,0.018322122273431482,False,0.020743401297304363,0.023855619967580025,False,0.014337109072168721,0.018168461969892916,False,0.020442878623197408,0.023624244712143114,False
2025-08-29,-0.0052536480535296,0.0052536480535296,0.012350243182319467,0.02049328642220958,False,0.028201921262140887,0.03445644875099717,False,0.014426954918363964,0.01826212225821127,False,0.02068180009193072,0.023791960654139927,False,0.014277476530181792,0.018108263443694938,False,0.02038932890838934,0.023559885636731403,False
2025-09-02,-0.0030010246352404,0.0030010246352404,0.012350243182319467,0.02049328642220958,False,0.028201921262140887,0.03445644875099717,False,0.014459446976151123,0.018297741001620023,False,0.02071939151898563,0.02383208769266859,False,0.014313448851157316,0.01814395310035565,False,0.02042391469000083,0.023600556667224618,False
2025-09-03,0.0075050282940191,-0.0075050282940191,0.012350243182319467,0.02049328642220958,False,0.028201921262140887,0.03445644875099717,False,0.014487443867890797,0.018326145927870463,False,0.020748053881737165,0.023861080954369496,False,0.014338524785722086,0.018173030173666026,False,0.02045240261256474,0.023634412295995295,False
2025-09-04,0.0064677977296587,-0.0064677977296587,0.01201938081434348,0.02041147946311154,False,0.028201921262140887,0.03445644875099717,False,0.014352254695339793,0.01817765212564358,False,0.02059116594317676,0.023693403516721855,False,0.014207906196361536,0.018025178989753327,False,0.020298201242507606,0.023467058994212295,False
2025-09-05,0.0042534586015291,-0.0042534586015291,0.01201938081434348,0.02041147946311154,False,0.028201921262140887,0.03445644875099717,False,0.014343031211025046,0.018171437652268366,False,0.020586849910319678,0.02369152766608528,False,0.014193053475020334,0.018019153603695173,False,0.02030062901212935,0.023466170564726763,False
2025-09-08,0.0065752924600695,-0.0065752924600695,0.01201938081434348,0.02041147946311154,False,0.028201921262140887,0.03445644875099717,False,0.014336754911824408,0.01816622099151927,False,0.020582301795020037,0.023687838873321047,False,0.014202846253321721,0.018013637578433665,False,0.020286898952009105,0.023460447475839565,False
2025-09-09,0.0001559245813903,-0.0001559245813903,0.011398748137233091,0.020205154660298725,False,0.028201921262140887,0.03445644875099717,False,0.014179346273289971,0.017990300445261564,False,0.02039470174463419,0.02348522643879906,False,0.014061297813671308,0.01783733764857652,False,0.020089246552159403,0.02325661127105396,False
2025-09-10,0.0029200559924514,-0.0029200559924514,0.011398748137233091,0.020205154660298725,False,0.028201921262140887,0.03445644875099717,False,0.014190148463750376,0.017994668676115693,False,0.020395010671665877,0.023480317693261837,False,0.014080392463112087,0.017841833719636553,False,0.020087678952359824,0.02325202685390186,False
2025-09-11,0.0058926597086291,-0.0058926597086291,0.011398748137233091,0.020205154660298725,False,0.028201921262140887,0.03445644875099717,False,0.014194260666592263,0.01799658047230027,False,0.020395534190692757,0.02347905677437508,False,0.014075806051761288,0.017843502595048293,False,0.02009262437378958,0.023250734996809578,False
2025-09-12,0.0004028528415645,-0.0004028528415645,0.011398748137233091,0.020205154660298725,False,0.028201921262140887,0.03445644875099717,False,0.0141913402978499,0.01798962355655898,False,0.020386030542975372,0.02346627965560126,False,0.014073797024307153,0.0178363574385778,False,0.02008315459312654,0.023237746325783012,False
2025-09-15,0.0062964345654214,-0.0062964345654214,0.011398748137233091,0.020205154660298725,False,0.028201921262140887,0.03445644875099717,False,0.01420316446457764,0.017997215170572744,False,0.020390951761391093,0.023467768450510525,False,0.014088743817226246,0.01784393251712124,False,0.020091701764031817,0.023237692265978483,False
2025-09-16,-3.953262515749012e-05,3.953262515749012e-05,0.011398748137233091,0.020205154660298725,False,0.028201921262140887,0.03445644875099717,False,0.014202807555170805,0.01799784125197088,False,0.02039219802982431,0.02346981188343846,False,0.014092413040294667,0.017844716467910617,False,0.020083221180790277,0.02323987146179202,False
2025-09-17,-0.0026624078247624,0.0026624078247624,0.011398748137233091,0.020205154660298725,False,0.028201921262140887,0.03445644875099717,False,0.014208288218137513,0.018003346749620227,False,0.02039771919613314,0.023475353189637855,False,0.01409775179428226,0.01785038334837456,False,0.02008560048977482,0.02324570985514118,False
2025-09-18,0.0014583740598671,-0.0014583740598671,0.011398748137233091,0.020205154660298725,False,0.028201921262140887,0.03445644875099717,False,0.014215305640188068,0.018010967001945828,False,0.020405719785201514,0.02348384264888607,False,0.0141032581226017,0.01785807030182051,False,0.020094253014434033,0.023254541703919294,False
2025-09-19,0.004883371746725,-0.004883371746725,0.011398748137233091,0.020205154660298725,False,0.028201921262140887,0.03445644875099717,False,0.01416997794838249,0.01796160598868057,False,0.020353814075012376,0.023428666083418138,False,0.014052175117646283,0.01780870695239934,False,0.02004980894569749,0.02319993712832191,False
2025-09-22,0.0052495304878675,-0.0052495304878675,0.011398748137233091,0.020205154660298725,False,0.028201921262140887,0.03445644875099717,False,0.01414366284028313,0.0179185134686557,False,0.020300136376259707,0.023361382604191565,False,0.014030396188203374,0.017765727628647546,False,0.020004195498666964,0.02313283799176672,False
2025-09-23,-0.0018272304409672,0.0018272304409672,0.011398748137233091,0.020205154660298725,False,0.028201921262140887,0.03445644875099717,False,0.014129831507646608,0.017906529548418877,False,0.02028931802259069,0.023352062424833734,False,0.014014035465321819,0.017753739704317237,False,0.019992596546761457,0.02312412215864309,False
2025-09-24,-0.0042710150114472,0.0042710150114472,0.011398748137233091,0.020205154660298725,False,0.028201921262140887,0.03445644875099717,False,0.014145410974690648,0.0179226568720444,False,0.02030579099904145,0.02336897969009447,False,0.014031689121763164,0.017769694349960667,False,0.02001171223427248,0.023140467547856078,False
2025-09-25,-0.0022984143526385,0.0022984143526385,0.011398748137233091,0.020205154660298725,False,0.028201921262140887,0.03445644875099717,False,0.014184165829592733,0.01796244047190834,False,0.020346223653082213,0.02341024661334056,False,0.014070492712508563,0.01780926327671709,False,0.020051496450920792,0.023180944086416577,False
2025-09-26,0.0040054503564624,-0.0040054503564624,0.011398748137233091,0.020205154660298725,False,0.028201921262140887,0.03445644875099717,False,0.014182777083584317,0.017960924229770688,False,0.020344626971284318,0.023408546537505896,False,0.014070125532830926,0.017808036956601363,False,0.020050148305122747,0.023179913286162358,False
2025-09-29,0.0063986244569572,-0.0063986244569572,0.011398748137233091,0.020205154660298725,False,0.028201921262140887,0.03445644875099717,False,0.014183692682030874,0.0179613694104826,False,0.020344775356768218,0.023408313433850886,False,0.014068384382272675,0.017808423456958822,False,0.020046862695970447,0.023179855981265565,False
2025-09-30,0.0028924127955608,-0.0028924127955608,0.011398748137233091,0.020205154660298725,False,0.028201921262140887,0.03445644875099717,False,0.014158553892101225,0.01793850021216465,False,0.02032333808567215,0.023388716706777415,False,0.014038624296240419,0.017785022129928434,False,0.020029231883416713,0.02315856116950388,False
2025-10-01,0.0033150865582028,-0.0033150865582028,0.011398748137233091,0.020205154660298725,False,0.028201921262140887,0.03445644875099717,False,0.014149075602725323,0.017929423844134214,False,0.020314515297234038,0.023380219859766883,False,0.014035302356197557,0.01777594968511134,False,0.0200206550280776,0.02315056003670855,False
2025-10-02,0.0015483706015795,-0.0015483706015795,0.011398748137233091,0.020205154660298725,False,0.028201921262140887,0.03445644875099717,False,0.01411363252624352,0.017892459644178085,False,0.020276591392413165,0.023341062387328002,False,0.014000499925427186,0.017739544727998727,False,0.01998225802515996,0.023112430567820565,False
2025-10-03,-0.0002330228123014,0.0002330228123014,0.011398748137233091,0.020205154660298725,False,0.028201921262140887,0.03445644875099717,False,0.014101812878444217,0.017880361907373164,False,0.020264318204123836,0.023328563680467665,False,0.01398619803734321,0.017727668796012574,False,0.019967601027792038,0.023100775412701616,False
2025-10-06,0.0045501582302489,-0.0045501582302489,0.011398748137233091,0.020205154660298725,False,0.028201921262140887,0.03445644875099717,False,0.014086538615266764,0.01786392339180835,False,0.020247145140247336,0.023310446456522322,False,0.01396729073584059,0.017711553240234042,False,0.01994792501876559,0.023083865926702876,False
2025-10-07,-0.0008751830848302,0.0008751830848302,0.011398748137233091,0.020205154660298725,False,0.028201921262140887,0.03445644875099717,False,0.014085485262927227,0.017863314129776982,False,0.020246816062984875,0.02331047751795529,False,0.013955354705094696,0.017711736871364132,False,0.019946432383046497,0.023087707139793013,False
2025-10-08,0.0078817897527268,-0.0078817897527268,0.011398748137233091,0.020205154660298725,False,0.028201921262140887,0.03445644875099717,False,0.014026428974504441,0.017796809356083847,False,0.020175611902509785,0.02323323294696268,False,0.013898610519442566,0.017645420219069032,False,0.019874852587065592,0.02301107582914739,False
2025-10-09,-0.0043860882678167,0.0043860882678167,0.011398748137233091,0.020205154660298725,False,0.028201921262140887,0.03445644875099717,False,0.014027285928870925,0.01779903587592711,False,0.02017870250648089,0.02323743421134461,False,0.013907652291973107,0.017647927284716515,False,0.019876751828258734,0.023015764663777145,False
2025-10-10,-0.0147456173354324,0.0147456173354324,0.011398748137233091,0.020205154660298725,True,0.028201921262140887,0.03445644875099717,False,0.01406439301412195,0.017838283919173855,True,0.02021930131962791,0.0232797692520232,False,0.013945468453986538,0.01768706868664422,True,0.019925677774325024,0.02305995821619966,False
2025-10-13,0.0149777317625367,-0.0149777317625367,0.01201938081434348,0.02042580548157261,False,0.028201921262140887,0.03445644875099717,False,0.014207669624790229,0.01800365134243771,False,0.020398606244134802,0.02347698890306838,False,0.014084081604581761,0.017850572781066863,False,0.020098430200993615,0.02325189048311186,False
2025-10-14,-0.000442352712036,0.000442352712036,0.01201938081434348,0.02042580548157261,False,0.028201921262140887,0.03445644875099717,False,0.014232606715791504,0.01804646954710222,False,0.020452705973316793,0.023545589468744764,False,0.014104436510875253,0.017893071267098812,False,0.020149669119342045,0.023320782584065003,False
2025-10-15,0.0056996793049235,-0.0056996793049235,0.01201938081434348,0.02042580548157261,False,0.028201921262140887,0.03445644875099717,False,0.014248656498939843,0.018060787698199368,False,0.02046593160580416,0.023557410819948776,False,0.01412305360434857,0.017907293139390993,False,0.020162657303780477,0.02333261498920731,False
2025-10-16,0.0013583146789042,-0.0013583146789042,0.01201938081434348,0.02042580548157261,False,0.028201921262140887,0.03445644875099717,False,0.014214031841960368,0.018026713147484375,False,0.020432204127280917,0.023524129454634484,False,0.014095664483286993,0.017873871893488213,False,0.020132129995142124,0.02330197720927732,False
2025-10-17,0.0007831635876528,-0.0007831635876528,0.01201938081434348,0.02042580548157261,False,0.028201921262140887,0.03445644875099717,False,0.014219769492943037,0.018031872036432237,False,0.020436997864582827,0.02352845384009433,False,0.014115454525109648,0.017879136030157335,False,0.02011972939397156,0.023307253085800856,False
2025-10-20,0.0135381835182852,-0.0135381835182852,0.01201938081434348,0.02042580548157261,False,0.028201921262140887,0.03445644875099717,False,0.01420543463672264,0.018016787588414164,False,0.020421440485269605,0.02351228857313494,False,0.014099071949614671,0.017864150555701758,False,0.020100709467516777,0.023293272270938217,False
2025-10-21,-0.0087286119689762,0.0087286119689762,0.01201938081434348,0.02042580548157261,False,0.028201921262140887,0.03445644875099717,False,0.014223388338517618,0.01804806045963196,False,0.020461116666215525,0.023562766044295715,False,0.014113378647404104,0.017894639490890138,False,0.020154056850658537,0.02334623525437933,False
2025-10-22,-0.0043417391871454,0.0043417391871454,0.01201938081434348,0.02042580548157261,False,0.028201921262140887,0.03445644875099717,False,0.014269012963525262,0.01810016628076787,False,0.020517311593567122,0.023624216951063037,False,0.0141504942927964,0.017947512693060337,False,0.020209719018126793,0.023432364516479696,False
2025-10-23,0.0037053415961361,-0.0037053415961361,0.01201938081434348,0.02042580548157261,False,0.028201921262140887,0.03445644875099717,False,0.014302976674499757,0.018136442720836587,False,0.020555047177091338,0.023663828061306826,False,0.014180797560684227,0.017983755040181203,False,0.02024141138976588,0.02347157834640252,False
2025-10-24,0.0055231212854028,-0.0055231212854028,0.01201938081434348,0.02042580548157261,False,0.028201921262140887,0.03445644875099717,False,0.014210947825324857,0.01803479411110237,False,0.020447329282935234,0.02354830894304281,False,0.014082098601821608,0.017882084326993494,False,0.02013127776802037,0.023355915516279756,False
2025-10-27,0.0056732765200886,-0.0056732765200886,0.01201938081434348,0.02042580548157261,False,0.028201921262140887,0.03445644875099717,False,0.014210812900288822,0.018034823303975312,False,0.020447462020824928,0.023548574773703385,False,0.014080215718372025,0.017881785251463753,False,0.02014039800409785,0.023356254491987753,False
2025-10-28,0.0024329292101751,-0.0024329292101751,0.01201938081434348,0.02042580548157261,False,0.028201921262140887,0.03445644875099717,False,0.014198763721503905,0.01802489742619998,False,0.02043887577283154,0.02354171043416314,False,0.01406977524892647,0.01787149853579985,False,0.020131833388739133,0.023354144601258522,False
2025-10-29,-0.0012715236366266,0.0012715236366266,0.01201938081434348,0.02042580548157261,False,0.028201921262140887,0.03445644875099717,False,0.014192873105176411,0.01801923042476318,False,0.020433349854154986,0.02353636585782514,False,0.014061992855512349,0.017865727994037947,False,0.020126424238578484,0.023349372084503366,False
2025-10-30,-0.0064386816718074,0.0064386816718074,0.01201938081434348,0.02042580548157261,False,0.028201921262140887,0.03445644875099717,False,0.0142133879930122,0.018038595847394458,False,0.020451990057981057,0.023554073893370175,False,0.014084109082084715,0.01788401435293428,False,0.020133803904747262,0.0233648932933899,False
2025-10-31,0.0011071287169809,-0.0011071287169809,0.01201938081434348,0.02042580548157261,False,0.028201921262140887,0.03445644875099717,False,0.014249178948399945,0.018078650506085682,False,0.020494734765751962,0.023600276286474823,False,0.014118542556236426,0.017924087875238262,False,0.020181270621122033,0.023413271860044348,False
2025-11-03,0.00171566674198,-0.00171566674198,0.011398748137233091,0.02009703399633402,False,0.028201921262140887,0.03445644875099717,False,0.014075515792550123,0.0178784071352226,False,0.020277721446830852,0.023361707523124896,False,0.013954051715525401,0.017724289932599155,False,0.019963903064595695,0.023174866206556632,False
2025-11-04,-0.0119978704279556,0.0119978704279556,0.011398748137233091,0.02009703399633402,True,0.028201921262140887,0.03445644875099717,False,0.014069078743108188,0.01787197363736228,False,0.0202712901897289,0.023355279146207327,False,0.0139413665768435,0.01771850080957237,False,0.01996841136261574,0.023170641537902673,False
2025-11-05,0.0025685802911565,-0.0025685802911565,0.011943549231867932,0.020106319670878912,False,0.028201921262140887,0.03445644875099717,False,0.0141837218072458,0.018001792524905195,False,0.02041068378425285,0.02350697969979505,False,0.014050236205569819,0.017848893862204167,False,0.020119394558035623,0.023325441075630077,False
2025-11-06,-0.0073300252564614,0.0073300252564614,0.011943549231867932,0.020106319670878912,False,0.028201921262140887,0.03445644875099717,False,0.014185520806955737,0.01799707986419668,False,0.020401862796845898,0.023492878027705173,False,0.0140504544280908,0.017844459315749062,False,0.02011356333052166,0.02331307421393709,False
2025-11-07,9.949206710029856e-05,-9.949206710029856e-05,0.011943549231867932,0.020106319670878912,False,0.028201921262140887,0.03445644875099717,False,0.01425286551968611,0.01806727470790195,False,0.020473855840768284,0.02356718240883133,False,0.01409248077793627,0.017916140906444326,False,0.020178240779387405,0.023396528193305795,False
2025-11-10,0.015829276822852,-0.015829276822852,0.011943549231867932,0.020106319670878912,False,0.028201921262140887,0.03445644875099717,False,0.01425488207179554,0.018057765677274334,False,0.020457075107344343,0.023541054909097404,False,0.014102189813000557,0.01790637123956511,False,0.020133740930282525,0.023372404533938004,False
2025-11-11,0.001756145088473,-0.001756145088473,0.011943549231867932,0.020106319670878912,False,0.028201921262140887,0.03445644875099717,False,0.014285326254787203,0.01810842197159469,False,0.020520483595616333,0.02362085457563177,False,0.014134276226888096,0.017956774844297967,False,0.02020960272334866,0.023453513312224793,False
2025-11-12,0.0027978773390222,-0.0027978773390222,0.011943549231867932,0.020106319670878912,False,0.028201921262140887,0.03445644875099717,False,0.01425246166186856,0.018073320391820642,False,0.020483970659562704,0.023582527536651375,False,0.014079593568188243,0.017921833984420935,False,0.0201592979677814,0.023413415351753574,False
2025-11-13,-0.0145963527794274,0.0145963527794274,0.011943549231867932,0.020106319670878912,True,0.028201921262140887,0.03445644875099717,False,0.014202069891858574,0.01801905538962644,True,0.020427261963722174,0.02352267781124938,False,0.01402995244012458,0.017868152066691175,True,0.02012159025818171,0.023357007873911616,False
2025-11-14,-0.003724866174834,0.003724866174834,0.012073702010431148,0.020306202928684437,False,0.028201921262140887,0.03445644875099717,False,0.0143250212741527,0.01816200305851991,False,0.020582825658763553,0.023694457659710122,False,0.014156584790270411,0.01801049145649899,False,0.020264974536831397,0.02352707543364815,False
2025-11-17,-0.0070861195473952,0.0070861195473952,0.012073702010431148,0.020306202928684437,False,0.028201921262140887,0.03445644875099717,False,0.014326328184681249,0.01816345686163792,False,0.020584372139126426,0.02369612326382905,False,0.014150180493521704,0.01801154201489651,False,0.020264161640018947,0.02352919988717848,False
2025-11-18,-0.0053806596330325,0.0053806596330325,0.012073702010431148,0.020306202928684437,False,0.028201921262140887,0.03445644875099717,False,0.014271729109168971,0.0180998558850784,False,0.020515091697110726,0.023619542655968915,False,0.01409514494158403,0.017947523979718855,False,0.02017505250785299,0.023453739233142996,False
2025-11-19,0.0028780159806951,-0.0028780159806951,0.012073702010431148,0.020306202928684437,False,0.028201921262140887,0.03445644875099717,False,0.014321068456220798,0.018149571264863947,False,0.0205650443228858,0.02366980022858852,False,0.014142848129049031,0.017997172546137214,False,0.020211954722143474,0.023502712986906527,False
2025-11-20,-0.0112712518798062,0.0112712518798062,0.012073702010431148,0.020306202928684437,False,0.028201921262140887,0.03445644875099717,False,0.014325067744633047,0.018151875894707882,False,0.02056627976137245,0.023669661369742478,False,0.014153883368631642,0.017999463745799697,False,0.020207881918348693,0.02350265353376832,False
2025-11-21,0.0062357723630704,-0.0062357723630704,0.012073702010431148,0.020306202928684437,False,0.028201921262140887,0.03445644875099717,False,0.014422576890290868,0.018262502774975695,False,0.0206851828624285,0.023799202405791774,False,0.014253220145384831,0.018109745285436275,False,0.020328113677124223,0.02363084166860653,False
2025-11-24,0.0157970029939466,-0.0157970029939466,0.012073702010431148,0.020306202928684437,False,0.028201921262140887,0.03445644875099717,False,0.014420961833931866,0.01826260446587673,False,0.020686367680849957,0.02380177943455252,False,0.014248138747621635,0.01810989996078958,False,0.020328518011875886,0.023633289541499954,False
2025-11-25,0.005767000693895,-0.005767000693895,0.012073702010431148,0.020306202928684437,False,0.028201921262140887,0.03445644875099717,False,0.014450772245848413,0.018312295325420436,False,0.020748601481596796,0.023880135448149535,False,0.014282561937062298,0.018159904346133786,False,0.020425666937635208,0.023710540052718124,False
2025-11-26,0.007056615312731,-0.007056615312731,0.012073702010431148,0.020306202928684437,False,0.028201921262140887,0.03445644875099717,False,0.014445619548402436,0.018309142286918323,False,0.020746710064816164,0.023879865671269842,False,0.014268076476829091,0.018156577220876397,False,0.020419854981066788,0.023701520547536933,False
2025-11-28,0.0051250120270807,-0.0051250120270807,0.012073702010431148,0.020306202928684437,False,0.028201921262140887,0.03445644875099717,False,0.014441594193902061,0.018308272150319365,False,0.02074783061340512,0.023883544969820033,False,0.01426376103342954,0.018155573048551924,False,0.020419072012398613,0.02370487073348918,False
2025-12-01,-0.0044325368340539,0.0044325368340539,0.012073702010431148,0.020306202928684437,False,0.028201921262140887,0.03445644875099717,False,0.014420136138453608,0.018288055597977547,False,0.020728397348279068,0.023865118511870294,False,0.014243676067570255,0.0181355078002794,False,0.020405368689411556,0.023687458970721956,False
2025-12-02,0.0018214999686347,-0.0018214999686347,0.012073702010431148,0.020306202928684437,False,0.028201921262140887,0.03445644875099717,False,0.014460916708416623,0.0183265224685895,False,0.020765404463282577,0.023900249313316448,False,0.014277558567325089,0.018173973293906423,False,0.020440863608242408,0.02372325271678875,False
2025-12-03,0.0024196054632519,-0.0024196054632519,0.012073702010431148,0.020306202928684437,False,0.028201921262140887,0.03445644875099717,False,0.0144632377279415,0.018328635651670706,False,0.02076738651851688,0.02390206282187385,False,0.014279760949840301,0.01817592325703139,False,0.02043108729463198,0.02372442550644421,False
2025-12-04,-0.000921065161833,0.000921065161833,0.012073702010431148,0.020306202928684437,False,0.028201921262140887,0.03445644875099717,False,0.014452117862280768,0.01831762893283828,False,0.020756451186106,0.0238912192468159,False,0.014269629739736596,0.018165086881419986,False,0.02042884055759748,0.023714076317960818,False
2025-12-05,0.0005860223007627,-0.0005860223007627,0.012073702010431148,0.020306202928684437,False,0.028201921262140887,0.03445644875099717,False,0.014469771592082563,0.018330520621045922,False,0.020766338414412007,0.023897244658244225,False,0.014281465341804652,0.018177821912450504,False,0.020431357603510874,0.023720652598224277,False
2025-12-08,-0.0027349879411481,0.0027349879411481,0.012073702010431148,0.020306202928684437,False,0.028201921262140887,0.03445644875099717,False,0.014456426182084104,0.018316470385992663,False,0.02075184349222762,0.023882178152372754,False,0.01427201641743624,0.018163646248987725,False,0.02040525826481726,0.0237048379541748,False
2025-12-09,0.0009385045768162,-0.0009385045768162,0.012073702010431148,0.020306202928684437,False,0.028201921262140887,0.03445644875099717,False,0.014482583624915458,0.01834309121803343,False,0.020778756685070163,0.023909467134513744,False,0.014299257851418693,0.018189928775957397,False,0.02043451585378005,0.02373161902505729,False
2025-12-10,0.0050886072994609,-0.0050886072994609,0.012073702010431148,0.020306202928684437,False,0.028201921262140887,0.03445644875099717,False,0.014452145240143056,0.018310306495696226,False,0.020744491615073284,0.023873299282731082,False,0.01427009055611322,0.018157215316354478,False,0.020398471214822373,0.023695044802008604,False
2025-12-11,0.0014659438166035,-0.0014659438166035,0.012073702010431148,0.020306202928684437,False,0.028201921262140887,0.03445644875099717,False,0.01443311308383373,0.0182926893039978,False,0.02072776715065404,0.02385772229552464,False,0.014251711376533981,0.018139493317122522,False,0.020374800820674926,0.02367832482195393,False
2025-12-12,-0.0101689061111231,0.0101689061111231,0.012073702010431148,0.020306202928684437,False,0.028201921262140887,0.03445644875099717,False,0.014441396469128629,0.018297344718724663,False,0.020730133611813306,0.02385714662405143,False,0.014255393368799036,0.01814408175587557,False,0.020373777018693275,0.023677975934183443,False
2025-12-15,-0.0015852298359903,0.0015852298359903,0.012073702010431148,0.020306202928684437,False,0.028201921262140887,0.03445644875099717,False,0.01446216395162126,0.018321492553896843,False,0.020756414173858668,0.023886168510961828,False,0.014280563236971912,0.018169001199830524,False,0.020417793609167567,0.02370856343135326,False
2025-12-16,0.0005350939869972,-0.0005350939869972,0.012073702010431148,0.020306202928684437,False,0.028201921262140887,0.03445644875099717,False,0.014459627012990762,0.018318754653141523,False,0.020753549482391043,0.02388314084760283,False,0.014295115576835625,0.01816734183221834,False,0.020429308181699295,0.023706698874706725,False
2025-12-17,-0.0079295057246567,0.0079295057246567,0.012073702010431148,0.020306202928684437,False,0.028201921262140887,0.03445644875099717,False,0.01447155846262066,0.018327890091831636,False,0.020760920866192713,0.02388824478328924,False,0.01429957002673304,0.018176166305858655,False,0.020428225121316753,0.02371170380685455,False
2025-12-18,0.0073292311140425,-0.0073292311140425,0.012073702010431148,0.020306202928684437,False,0.028201921262140887,0.03445644875099717,False,0.014514072511858255,0.01837603083175282,False,0.020812611589078874,0.02394449851735826,False,0.01434391689676755,0.018224141749557703,False,0.020476632656463645,0.023767621682867324,False
2025-12-19,0.006307114575497,-0.006307114575497,0.011670892081288358,0.019204564529640304,False,0.02489503216396398,0.03445644875099717,False,0.014130926571347941,0.01792974256999903,False,0.020326485671873906,0.0234071668143464,False,0.013965627276421113,0.017780334359200907,False,0.020004330055904955,0.02323730125602765,False
2025-12-22,0.0067185229906455,-0.0067185229906455,0.011670892081288358,0.019204564529640304,False,0.02489503216396398,0.03445644875099717,False,0.01409163391678687,0.017890993864902772,False,0.020288080154530895,0.023369202417304905,False,0.013921627875206663,0.017741285255151652,False,0.0199673449967724,0.023200068366585357,False
2025-12-23,0.0053073698194775,-0.0053073698194775,0.011670892081288358,0.019204564529640304,False,0.02489503216396398,0.03445644875099717,False,0.014087648919945975,0.017882975574553324,False,0.020277517184892454,0.023355368615054863,False,0.013917491839651226,0.017733415940866644,False,0.01995771835603255,0.02318942655735726,False
2025-12-24,0.0027297648521344,-0.0027297648521344,0.011670892081288358,0.019204564529640304,False,0.02489503216396398,0.03445644875099717,False,0.0140820315234242,0.017878997043401727,False,0.020274572644140038,0.023353753125681283,False,0.013915343660083738,0.017729723254326445,False,0.019957659384136444,0.023189231069326136,False
2025-12-26,0.001036115536643,-0.001036115536643,0.011670892081288358,0.019204564529640304,False,0.02489503216396398,0.03445644875099717,False,0.014084281014509646,0.017875466162419487,False,0.02026739481977217,0.023341887660945543,False,0.013918675721605277,0.017726365446025745,False,0.019939731734277114,0.02317841594308433,False
2025-12-29,-0.0084127144437461,0.0084127144437461,0.011670892081288358,0.019204564529640304,False,0.02489503216396398,0.03445644875099717,False,0.014083170398233862,0.017874358452880445,False,0.02026628894414697,0.023340784142562458,False,0.013917801963052054,0.017725286444883706,False,0.019936503250021647,0.02317789934835234,False
2025-12-30,-0.0014360239348709,0.0014360239348709,0.011670892081288358,0.019204564529640304,False,0.02489503216396398,0.03445644875099717,False,0.014062757037513854,0.017850579642213267,False,0.020240386809015423,0.023312152768059525,False,0.013894996288566419,0.017701602219369214,False,0.019914168159296027,0.023162299163144193,False
2025-12-31,-0.007593651989142,0.007593651989142,0.011670892081288358,0.019204564529640304,False,0.02489503216396398,0.03445644875099717,False,0.014022212251096185,0.017805145663906563,False,0.020191868149340115,0.02325966917792698,False,0.013856882060793954,0.017656313793078533,False,0.0198711188733094,0.02311018891999558,False
2026-01-02,0.000696276413693,-0.000696276413693,0.011670892081288358,0.019204564529640304,False,0.02489503216396398,0.03445644875099717,False,0.01405616000374732,0.017843775502153304,False,0.02023345200177381,0.02330505000626236,False,0.013893430470318673,0.017694357647223973,False,0.019906891797367394,0.02315398952264279,False
2026-01-05,0.0095849403429975,-0.0095849403429975,0.011670892081288358,0.019204564529640304,False,0.02489503216396398,0.03445644875099717,False,0.01405782191868528,0.01784543325676475,False,0.020235107131558502,0.02330670176219598,False,0.01389813589752733,0.017696177474446153,False,0.019902092120190163,0.023155490133178712,False
2026-01-06,0.0057858485908707,-0.0057858485908707,0.011670892081288358,0.019204564529640304,False,0.02489503216396398,0.03445644875099717,False,0.014061327324094047,0.017852177813559158,False,0.0202438953287246,0.023318116775874094,False,0.013897078905946134,0.017702643618722685,False,0.019932296079430666,0.023168368910701162,False
2026-01-07,-0.0013140447603964,0.0013140447603964,0.011670892081288358,0.019204564529640304,False,0.02489503216396398,0.03445644875099717,False,0.014059588118557847,0.017851710931629353,False,0.0202442311792325,0.02331948442769659,False,0.013898930124510185,0.01770237999178208,False,0.019937210147882613,0.023170517583826752,False
2026-01-08,-0.0016368994265967,0.0016368994265967,0.011670892081288358,0.019204564529640304,False,0.02489503216396398,0.03445644875099717,False,0.01397866692224269,0.017759458249123165,False,0.02014482925302196,0.023210893139369734,False,0.013820919591333901,0.017610295160202384,False,0.019844092554278554,0.02306394901585447,False
2026-01-09,0.0075497115541265,-0.0075497115541265,0.011670892081288358,0.019204564529640304,False,0.02489503216396398,0.03445644875099717,False,0.013994060429446554,0.017775390273006432,False,0.020161101037013917,0.02322760163790109,False,0.013829441963646343,0.01762650696446481,False,0.019868278556495606,0.02308116032820619,False
2026-01-12,0.0030526315356485,-0.0030526315356485,0.011670892081288358,0.019204564529640304,False,0.02489503216396398,0.03445644875099717,False,0.013897254831248635,0.017671742864366947,False,0.02005313700393514,0.023114089182257186,False,0.013729380573263561,0.0175229856489362,False,0.01977351565619019,0.022967556894181628,False
2026-01-13,-0.0010414494966783,0.0010414494966783,0.011670892081288358,0.019204564529640304,False,0.02489503216396398,0.03445644875099717,False,0.01387694774349578,0.01765115324045919,False,0.020032369122754447,0.023093092176053116,False,0.013720806793901735,0.017502020691189835,False,0.019740799645569674,0.022946936144785976,False
2026-01-14,-0.0019420400824036,0.0019420400824036,0.011670892081288358,0.019204564529640304,False,0.02489503216396398,0.03445644875099717,False,0.013885677465515615,0.017660257252990745,False,0.020041709282075524,0.023102735869349435,False,0.01373016021538815,0.01751107813563962,False,0.019748805262031908,0.022956491853678224,False
2026-01-15,0.0010247502961232,-0.0010247502961232,0.011670892081288358,0.019204564529640304,False,0.02489503216396398,0.03445644875099717,False,0.013864989745091915,0.017614458186206987,False,0.01998006700356774,0.023020729337552996,False,0.013705387403772171,0.017465961676046436,False,0.019695766631733887,0.022878130743936635,False
2026-01-16,-0.0024220126594952,0.0024220126594952,0.011670892081288358,0.019204564529640304,False,0.02489503216396398,0.03445644875099717,False,0.013856431976908154,0.017605619872228136,False,0.019971051688070684,0.02301148651113126,False,0.013695272714738624,0.01745718097317286,False,0.019687855770652914,0.02286929838448336,False
2026-01-20,-0.0103986922807929,0.0103986922807929,0.011670892081288358,0.019204564529640304,False,0.02489503216396398,0.03445644875099717,False,0.013883727389499155,0.017629478397196963,False,0.019992741817227946,0.023030389467945826,False,0.013722430111033558,0.01748093906693999,False,0.01971035725116686,0.022887757196884087,False
2026-01-21,0.011704759040179,-0.011704759040179,0.011670892081288358,0.019204564529640304,False,0.02489503216396398,0.03445644875099717,False,0.01398254495278407,0.017733443789604855,False,0.020099955070007204,0.02314177739517877,False,0.013830079383052278,0.017586306210542055,False,0.0198258781259473,0.023009297622535622,False
2026-01-22,0.007546436178566,-0.007546436178566,0.011670892081288358,0.019204564529640304,False,0.02489503216396398,0.03445644875099717,False,0.013993109540995401,0.017753333007867456,False,0.020125727369408996,0.023175111580170618,False,0.01384020198447189,0.017605545411529696,False,0.01984923931366653,0.023041166411343923,False
2026-01-23,0.0035436324301682,-0.0035436324301682,0.011670892081288358,0.019204564529640304,False,0.02489503216396398,0.03445644875099717,False,0.013983299805532553,0.017747735986723214,False,0.020122788227453135,0.023175588773610995,False,0.013830089536258488,0.01759949938688431,False,0.019849779373933778,0.023041811391277686,False
2026-01-26,0.0062809727129346,-0.0062809727129346,0.011670892081288358,0.019204564529640304,False,0.02489503216396398,0.03445644875099717,False,0.013967870365520475,0.017732749219237707,False,0.020108080750231964,0.023161240285323573,False,0.013821263620410432,0.01758476611579941,False,0.01983014517646631,0.02302836389519171,False
2026-01-27,0.0062947802224631,-0.0062947802224631,0.011065500508746967,0.019138064979436435,False,0.02489503216396398,0.03445644875099717,False,0.01384258269082603,0.017594347778847497,False,0.019961405593114732,0.0230039304118368,False,0.013678378877644982,0.017445603512520037,False,0.019670146458307763,0.02286951336432644,False
2026-01-28,0.0061480065712396,-0.0061480065712396,0.011065500508746967,0.019138064979436435,False,0.02489503216396398,0.03445644875099717,False,0.013841202483352272,0.017590584931212735,False,0.019956139493842572,0.022996732090889278,False,0.013675168199809396,0.017442226485016876,False,0.01966443852180126,0.022865803448749843,False
2026-01-29,-0.0018379800395895,0.0018379800395895,0.011065500508746967,0.019138064979436435,False,0.02489503216396398,0.03445644875099717,False,0.013807176818974538,0.017557462182771728,False,0.01992358641172489,0.022964911235891967,False,0.013662399605754695,0.01740979384175839,False,0.019641450749721148,0.02284138073779352,False
2026-01-30,-0.0207256074417882,0.0207256074417882,0.011065500508746967,0.019138064979436435,True,0.02489503216396398,0.03445644875099717,False,0.013831984254592224,0.017580369037838457,True,0.01994529415545622,0.022985077688161652,True,0.01369444783538243,0.01743309225268461,True,0.019668562942762945,0.022861831189177843,True
2026-02-02,-0.0028737364432411,0.0028737364432411,0.011670892081288358,0.019865323099588897,False,0.025461075797007696,0.03445644875099717,False,0.014064835327315225,0.017854878504559895,False,0.020246086671550517,0.023319653422201294,False,0.013972651592845895,0.017709615684807497,False,0.019894747438461074,0.023232409443764254,False
2026-02-03,0.0028002158102907,-0.0028002158102907,0.011670892081288358,0.019865323099588897,False,0.025461075797007696,0.03445644875099717,False,0.014068796006049484,0.017859225401201786,False,0.020250677240196066,0.023324557197442093,False,0.013956769510671175,0.017713850873974233,False,0.019902310566820527,0.023242136563068658,False
2026-02-04,-0.006917637713407,0.006917637713407,0.011670892081288358,0.019865323099588897,False,0.025461075797007696,0.03445644875099717,False,0.014072507649145383,0.017858756784144617,False,0.02024757121988234,0.02331806116070515,False,0.013952275399321935,0.01771120647228994,False,0.0199510996030607,0.0232448285212266,False
2026-02-05,-0.0104168676523422,0.0104168676523422,0.011670892081288358,0.019865323099588897,False,0.025461075797007696,0.03445644875099717,False,0.01413591933467112,0.017924145440649287,False,0.020314207183852826,0.02338630036558443,False,0.014028106412886284,0.017778317968663828,False,0.020023364714181726,0.02331661239782169,False
2026-02-06,0.0177053913831953,-0.0177053913831953,0.011670892081288358,0.019865323099588897,False,0.025461075797007696,0.03445644875099717,False,0.014231017613039992,0.018030572946346305,False,0.020427782508095925,0.023509063220100386,False,0.014124097811447366,0.01788513664195467,False,0.020105802214349846,0.023443153673900458,False
2026-02-09,0.0076084924197831,-0.0076084924197831,0.011670892081288358,0.019865323099588897,False,0.025461075797007696,0.03445644875099717,False,0.01420578754489726,0.018024889786461055,False,0.020434431853271654,0.023531564291625548,False,0.014081405414596676,0.01787870317338974,False,0.02009319538623332,0.023466339474855564,False
2026-02-10,-0.0013936729350028,0.0013936729350028,0.011670892081288358,0.019865323099588897,False,0.025461075797007696,0.03445644875099717,False,0.01420572265750286,0.01802473724143752,False,0.020434224003432606,0.023531285355109705,False,0.014080158119618835,0.017878442636314114,False,0.020096840101446262,0.023466753401917142,False
2026-02-11,0.0012128496557834,-0.0012128496557834,0.011670892081288358,0.019865323099588897,False,0.025461075797007696,0.03445644875099717,False,0.014201462310659968,0.01802013225666737,False,0.020429401580235564,0.023526183444945187,False,0.014066792900411155,0.017873878415957088,False,0.020078959079116818,0.02346249147760276,False
2026-02-12,-0.013816244280722,0.013816244280722,0.011670892081288358,0.019865323099588897,True,0.025461075797007696,0.03445644875099717,False,0.01417441891043993,0.017991209669649056,False,0.020399293379595142,0.023494551302283173,False,0.014045092940774558,0.017845896001859294,False,0.020042604068837972,0.02343297839224398,False
2026-02-13,0.0056446944752624,-0.0056446944752624,0.012288199160294016,0.020005198011340153,False,0.025461075797007696,0.03445644875099717,False,0.014306798831046281,0.018130352498178057,False,0.020542703051508498,0.023643445410113664,False,0.014160247740266462,0.017986699322989408,False,0.020202329100853324,0.02358889088377089,False
2026-02-17,-0.0039532875918647,0.0039532875918647,0.012288199160294016,0.020005198011340153,False,0.025461075797007696,0.03445644875099717,False,0.014291992750938343,0.018117663919995683,False,0.020531350444358967,0.023633810008602298,False,0.014153539191444693,0.017973637835020834,False,0.020171741291167774,0.023578699599470607,False
2026-02-18,0.0064987075731369,-0.0064987075731369,0.012288199160294016,0.020005198011340153,False,0.025461075797007696,0.03445644875099717,False,0.014322834295361856,0.018150423493475617,False,0.020565320137758317,0.023669335143472605,False,0.014191183810136463,0.018006758201971472,False,0.020213210878227177,0.023616751976506464,False
2026-02-19,-0.0013924092529876,0.0013924092529876,0.012288199160294016,0.020005198011340153,False,0.025461075797007696,0.03445644875099717,False,0.014313985043007665,0.01814456386066002,False,0.020561346711068237,0.023667786173386628,False,0.014184629344795401,0.018001137177580718,False,0.02021761132767365,0.02361654870186012,False
2026-02-20,0.0075935351174325,-0.0075935351174325,0.012288199160294016,0.020005198011340153,False,0.025461075797007696,0.03445644875099717,False,0.014311074886522635,0.01814142978653934,False,0.02055807136317993,0.02366432923764625,False,0.014181203174679512,0.017997995448122143,False,0.020214670733645752,0.023613088274727793,False
2026-02-23,-0.0023328134315316,0.0023328134315316,0.012288199160294016,0.020005198011340153,False,0.025461075797007696,0.03445644875099717,False,0.01421817165168405,0.018042550855431234,False,0.020455422255043522,0.023556834089370704,False,0.01409088404478641,0.017899780382235646,False,0.02012644018639734,0.023507665544695192,False
2026-02-24,0.0038705360159821,-0.0038705360159821,0.012288199160294016,0.020005198011340153,False,0.025461075797007696,0.03445644875099717,False,0.01421121466317299,0.01803488709556358,False,0.02044731258008703,0.02354815125235765,False,0.014086081755166404,0.017891874401218578,False,0.020132445157303037,0.0234999431562399,False
2026-02-25,0.0066447455229511,-0.0066447455229511,0.012288199160294016,0.020005198011340153,False,0.025461075797007696,0.03445644875099717,False,0.014176956620895093,0.017999586475507867,False,0.020411354178475685,0.02351134736370486,False,0.01404936493477218,0.017856427148297188,False,0.02010044863883118,0.023463159877351227,False
2026-02-26,-0.0031506983252776,0.0031506983252776,0.012288199160294016,0.020005198011340153,False,0.025461075797007696,0.03445644875099717,False,0.01417059426553138,0.01799610800338634,False,0.020409695201499427,0.023512027095611697,False,0.01404570721594477,0.017852793245255943,False,0.020098950135441062,0.02346369920594341,False
2026-02-27,0.0004672902712413,-0.0004672902712413,0.011670892081288358,0.019618326787138284,False,0.025461075797007696,0.03445644875099717,False,0.014004495308958037,0.017801913972111057,False,0.0201977754692393,0.02327732343097334,False,0.013866449151068015,0.017657826067174805,False,0.01987699508261887,0.023229295897954357,False
2026-03-02,0.0004863387905533,-0.0004863387905533,0.011670892081288358,0.019618326787138284,False,0.025461075797007696,0.03445644875099717,False,0.01400720147121376,0.017793889854197262,False,0.02018298141959241,0.02325382757218818,False,0.013867831254886564,0.017650126755966517,False,0.01986003687112972,0.02320640678773706,False
2026-03-03,-0.0132956837206798,0.0132956837206798,0.011670892081288358,0.019618326787138284,True,0.025461075797007696,0.03445644875099717,False,0.01392691320568062,0.017703422226499548,False,0.020086091444495375,0.02314868255944943,False,0.013797648131902526,0.017560477373256105,False,0.01976259766160883,0.02310310184332285,False
2026-03-04,0.0071794977306103,-0.0071794977306103,0.012288199160294016,0.0197181585788863,False,0.025461075797007696,0.03445644875099717,False,0.014006364629756896,0.017796301839812522,False,0.020187443150148476,0.023260923965833954,False,0.013874250804604667,0.017652740135580818,False,0.019851449251183678,0.023219512106334283,False
2026-03-05,-0.0055937421649603,0.0055937421649603,0.012288199160294016,0.0197181585788863,False,0.025461075797007696,0.03445644875099717,False,0.01400657552938777,0.017797486982529653,False,0.02018924296080355,0.023263513846949156,False,0.013874320449906417,0.017654442904662226,False,0.019858694168843418,0.023222926182768156,False
2026-03-06,-0.0073721316385548,0.0073721316385548,0.011670892081288358,0.019456345433864486,False,0.025461075797007696,0.03445644875099717,False,0.013885472102278211,0.017655584604232583,False,0.020034218140460698,0.023091621945723916,False,0.013763530463750433,0.017512089508560875,False,0.01970208595763562,0.023052162607856575,False
2026-03-09,0.0082733177561651,-0.0082733177561651,0.011670892081288358,0.019456345433864486,False,0.025461075797007696,0.03445644875099717,False,0.013951819873932238,0.017727722303136014,False,0.020110008811290197,0.023172108005774652,False,0.013825489612308785,0.017584272985959593,False,0.019779323352259126,0.023133164870216952,False
2026-03-10,-0.0010761001951625,0.0010761001951625,0.011065500508746967,0.018817948166623123,False,0.025461075797007696,0.03445644875099717,False,0.013705166460757378,0.01744670269925039,False,0.019807306943627388,0.022841536592522152,False,0.013571525059856131,0.017304255679962417,False,0.01947240467416788,0.022805367684068267,False
2026-03-11,-0.0036261628391297,0.0036261628391297,0.011065500508746967,0.018817948166623123,False,0.025461075797007696,0.03445644875099717,False,0.013688866170295338,0.017428817365899088,False,0.019788421577473146,0.022821365822773547,False,0.013548076909801157,0.01728599398447008,False,0.01945532329216237,0.022784751738418273,False
2026-03-12,-0.0137030962183301,0.0137030962183301,0.011065500508746967,0.018817948166623123,True,0.025461075797007696,0.03445644875099717,False,0.013724702745368005,0.01746560189205181,False,0.019825804183452006,0.022859517177493426,False,0.013584322714653293,0.017322065883624078,True,0.019499282368922323,0.022821384761020407,False
2026-03-13,-0.0066751978179254,0.0066751978179254,0.011670892081288358,0.019005013115740346,False,0.025461075797007696,0.03445644875099717,False,0.013822253133240491,0.017579504972735995,False,0.01995002447973901,0.02299699882478862,False,0.013683598808158691,0.01743642830768812,False,0.01961508336060858,0.022959906210089885,False
2026-03-16,0.0082900469913144,-0.0082900469913144,0.011670892081288358,0.019005013115740346,False,0.025461075797007696,0.03445644875099717,False,0.013867087617138708,0.01761542519017926,False,0.019980320522007225,0.02302006576920727,False,0.01373234636658195,0.017472446751160473,False,0.01964296919419309,0.022984011637643922,False
2026-03-17,0.0024447990757884,-0.0024447990757884,0.011670892081288358,0.019005013115740346,False,0.025461075797007696,0.03445644875099717,False,0.013868496043431072,0.017618994562314298,False,0.019985253274743958,0.023026750958784797,False,0.013734651756548262,0.01747607848245958,False,0.0196467147398803,0.022990753232836468,False
2026-03-18,-0.0149326184391199,0.0149326184391199,0.011670892081288358,0.019005013115740346,True,0.025461075797007696,0.03445644875099717,False,0.013812053816278508,0.01755744101674157,True,0.019920474904075895,0.0229578275223184,False,0.013673066397860926,0.017414956000670577,True,0.01958566092740791,0.022922423040591527,False
2026-03-19,-0.0067391434556484,0.0067391434556484,0.012288199160294016,0.019230762962752983,False,0.025461075797007696,0.03445644875099717,False,0.013974778651180249,0.0177368253542148,False,0.020110370029090052,0.023161232808244062,False,0.013827675538706003,0.017592888540189148,False,0.019783976394099286,0.02312574250559374,False
2026-03-20,-0.0187329939702553,0.0187329939702553,0.012288199160294016,0.019230762962752983,True,0.025461075797007696,0.03445644875099717,False,0.014011392698400849,0.01777799069761903,True,0.02015440686922815,0.02320896055953229,False,0.01384941799674531,0.01763483794049254,True,0.01980372645093593,0.02318068057344368,False
2026-03-23,0.0049854905089159,-0.0049854905089159,0.012949209429048971,0.01970824397197346,False,0.025461075797007696,0.03445644875099717,False,0.014217679268964691,0.018019104923139764,False,0.020417494504832982,0.02350029196896042,False,0.014082202893122044,0.017873549443915792,False,0.020081444921621488,0.023466682217115845,False
2026-03-24,-0.0038982510929533,0.0038982510929533,0.012949209429048971,0.01970824397197346,False,0.025461075797007696,0.03445644875099717,False,0.01421330300983794,0.018008591524781504,False,0.020403109072103073,0.0234809295725908,False,0.01406257633495696,0.0178644998676966,False,0.020070667062324684,0.023452118495584803,False
2026-03-25,0.0103163894837855,-0.0103163894837855,0.012949209429048971,0.01970824397197346,False,0.025461075797007696,0.03445644875099717,False,0.01424678338913441,0.018043541233281057,False,0.02043898580750604,0.023517997872620648,False,0.01409609439675107,0.01789945155239458,False,0.020105391938958148,0.023489032075686138,False
2026-03-26,-0.0204307858244437,0.0204307858244437,0.012949209429048971,0.01970824397197346,True,0.025461075797007696,0.03445644875099717,False,0.014147048679747205,0.017939941796712648,True,0.020332948043254615,0.023408825976010045,True,0.013998112033840661,0.01779480814073809,True,0.020007767380186104,0.023379613398220728,True
2026-03-27,-0.007532539920939,0.007532539920939,0.013519760594387458,0.0202570979799553,False,0.025461075797007696,0.03445644875099717,False,0.014385643855797476,0.018219464871103597,False,0.020638293283830267,0.023747362033056916,False,0.014239284765301322,0.018073112478541292,False,0.020285104918100694,0.023716355803838907,False
2026-03-30,-0.0006292253862805,0.0006292253862805,0.013519760594387458,0.0202570979799553,False,0.025461075797007696,0.03445644875099717,False,0.014349823011894724,0.01817782247531161,False,0.020592977963543466,0.02369732567728657,False,0.01422129846699884,0.018033760747863985,False,0.020238760233058917,0.02367399984740061,False
2026-03-31,0.0255672272479458,-0.0255672272479458,0.013519760594387458,0.0202570979799553,False,0.025461075797007696,0.03445644875099717,False,0.014366774528167744,0.018191527299781247,False,0.020604634390252737,0.023706349172519913,False,0.014235582445939178,0.018048281762117646,False,0.020260130902590177,0.02368362837960082,False
2026-04-01,0.0085302087022558,-0.0085302087022558,0.013519760594387458,0.0202570979799553,False,0.025461075797007696,0.03445644875099717,False,0.014498522995113335,0.018378070209396278,False,0.020825748124707853,0.02397189891185233,False,0.014340691547725161,0.018232827042221338,False,0.020469676651759253,0.02394789337964389,False
2026-04-02,-0.0010056582892644,0.0010056582892644,0.013519760594387458,0.0202570979799553,False,0.025461075797007696,0.03445644875099717,False,0.01449888017647285,0.018382580334690393,False,0.020832878418952303,0.023982397070207495,False,0.014347483117227862,0.01823762626465345,False,0.020481600691075963,0.023958999899070594,False
2026-04-06,0.0024576813245271,-0.0024576813245271,0.012949209429048971,0.018735024323799185,False,0.02058114484928939,0.030337437481356797,False,0.01395694907892084,0.017735572266003082,False,0.020119575350500896,0.023183880966010324,False,0.013813895344622133,0.017594714856376623,False,0.019756159324267716,0.023172242887279947,False
2026-04-07,0.0016502753437137,-0.0016502753437137,0.012288199160294016,0.01660039935141096,False,0.019598867815891367,0.0237224109256927,False,0.013150866984738184,0.016768136979312467,False,0.019050339357683355,0.02198379427191809,False,0.013043908339086903,0.016631480249708324,False,0.018674361270756504,0.021985720945658517,False
2026-04-08,0.0192120637290757,-0.0192120637290757,0.012288199160294016,0.01660039935141096,False,0.019598867815891367,0.0237224109256927,False,0.013065010623116793,0.016671661147255327,False,0.018947163505798593,0.02187200647296191,False,0.0129441944513062,0.016541505328851472,False,0.01865086188243666,0.02188481401647021,False
2026-04-09,0.004659336235041,-0.004659336235041,0.011670892081288358,0.016467440906303747,False,0.019598867815891367,0.0237224109256927,False,0.01297214780732166,0.01658867815348786,False,0.01887041387403154,0.021803268964293847,False,0.012846207241152938,0.01645855572764599,False,0.018564898316925395,0.0218155559536425,False
2026-04-10,-0.0006557616010798,0.0006557616010798,0.011670892081288358,0.016467440906303747,False,0.019598867815891367,0.0237224109256927,False,0.010751140232518006,0.01372816588242189,False,0.015606426291203292,0.018020669777482286,False,0.010666577753199503,0.013629389154282724,False,0.015492668597869966,0.01810945436197073,False
2026-04-13,0.0064884739315646,-0.0064884739315646,0.01089383605634223,0.015025934165454514,False,0.016870809959998918,0.019963129078829068,False,0.010179645229653965,0.013041317588980788,False,0.014846799478463723,0.01716749626305222,False,0.010121935259232575,0.012949301939609763,False,0.014816392966197614,0.017264954994829586,False
2026-04-14,0.0138260708022742,-0.0138260708022742,0.01089383605634223,0.015025934165454514,False,0.016870809959998918,0.019963129078829068,False,0.010127103050611052,0.012966073648755617,False,0.01475723257826015,0.017059519182518794,False,0.010074275074439315,0.012876074575198957,False,0.014718036396622976,0.017159036055550057,False
2026-04-15,0.004224479806485,-0.004224479806485,0.01089383605634223,0.015025934165454514,False,0.016870809959998918,0.019963129078829068,False,0.010162811728195706,0.013018657514208639,False,0.014820463311087304,0.017136434988026545,False,0.010107573735306094,0.012927975483275275,False,0.014768960133360804,0.017235225676669762,False
2026-04-16,0.0007907856580535,-0.0007907856580535,0.01089383605634223,0.015025934165454514,False,0.016870809959998918,0.019963129078829068,False,0.010153188058902429,0.013010219697884831,False,0.014812773671280975,0.017129707025459146,False,0.010094493165914955,0.012918500318762405,False,0.014774197575142825,0.017227744906236006,False
2026-04-17,0.0119305214081255,-0.0119305214081255,0.010886778977447385,0.015025934165454514,False,0.016870809959998918,0.019963129078829068,False,0.010043737576067194,0.012884369097021538,False,0.014676575933370862,0.01698020947667078,False,0.009989032980719528,0.01279438637378213,False,0.01462529773894911,0.017078750713696467,False
2026-04-20,-0.0029312870754208,0.0029312870754208,0.010886778977447385,0.015025934165454514,False,0.016870809959998918,0.019963129078829068,False,0.010040036081233165,0.012893780700219876,False,0.01469426083205507,0.01700852855027739,False,0.009990016383098127,0.01280239276562839,False,0.014640839203015937,0.017105545973712822,False
2026-04-21,-0.0089203505750076,0.0089203505750076,0.010408688735145014,0.014706979293899376,False,0.016870809959998918,0.019963129078829068,False,0.009880837248328767,0.012705958924019864,False,0.014488380312835263,0.016779436019292823,False,0.009815865258358293,0.012614402377015005,False,0.014437263763531076,0.016874847435200624,False
2026-04-22,0.0106128908428147,-0.0106128908428147,0.010408688735145014,0.014706979293899376,False,0.016870809959998918,0.019963129078829068,False,0.009923612458504845,0.012734321378045131,False,0.014507649493088986,0.01678701705616171,False,0.009841744711881074,0.012641561664230114,False,0.014462540790188716,0.01688240750749092,False
2026-04-23,-0.0048528393284013,0.0048528393284013,0.010408688735145014,0.014706979293899376,False,0.016870809959998918,0.019963129078829068,False,0.009925651038086472,0.012737283683900669,False,0.014511194594893525,0.016791311261401067,False,0.009854584412189222,0.012643973991796804,False,0.014458702402795976,0.01688381768091148,False
2026-04-24,0.0090203900405045,-0.0090203900405045,0.010408688735145014,0.014706979293899376,False,0.016870809959998918,0.019963129078829068,False,0.009869546910064472,0.01264193194906811,False,0.014391080820804076,0.016639369317105062,False,0.009803898509702081,0.012551296851222006,False,0.01431624247749008,0.016735369922035406,False
2026-04-27,-0.0013341782146436,0.0013341782146436,0.010408688735145014,0.014706979293899376,False,0.016870809959998918,0.019963129078829068,False,0.009877198172549612,0.012655079706351534,False,0.014407696418066314,0.016660442342123945,False,0.009809878624820257,0.012564603729561422,False,0.014314418414280435,0.01675603736084671,False
2026-04-28,-0.0070364243029088,0.0070364243029088,0.010408688735145014,0.014706979293899376,False,0.016870809959998918,0.019963129078829068,False,0.00989631902510467,0.01267417672010453,False,0.01442677839147926,0.016679504983263888,False,0.009828971702997834,0.012584112938972207,False,0.01432881851308034,0.016775452743847227,False
2026-04-29,-0.0016847633099826,0.0016847633099826,0.010408688735145014,0.014706979293899376,False,0.016870809959998918,0.019963129078829068,False,0.009968545338469442,0.01275314349485351,False,0.014509997847677352,0.016768190672173767,False,0.009899313474761976,0.012663241366154982,False,0.014409230358489336,0.016864194678199402,False
2026-04-30,0.008370756770053,-0.008370756770053,0.010408688735145014,0.014706979293899376,False,0.016870809959998918,0.019963129078829068,False,0.009961934467190663,0.012745797122968658,False,0.014502187434890108,0.016759783799108315,False,0.00989414172762946,0.012655082943732748,False,0.014407125811580336,0.016855362004245422,False
2026-05-01,0.0040526848008606,-0.0040526848008606,0.010408688735145014,0.014706979293899376,False,0.016870809959998918,0.019963129078829068,False,0.009962708617842705,0.012753272249202578,False,0.014513890330251942,0.016776920905845115,False,0.009897174361874705,0.012663019959645513,False,0.014418953443137459,0.01687250309899755,False
2026-05-04,-0.0064571342484797,0.0064571342484797,0.010408688735145014,0.014706979293899376,False,0.016870809959998918,0.019963129078829068,False,0.009959621980238932,0.012745648405414057,False,0.014503403879369802,0.016762754970213564,False,0.009902971435613682,0.012655813728720954,False,0.01442762665813281,0.016859217332275453,False
2026-05-05,0.0088464722341913,-0.0088464722341913,0.010408688735145014,0.014706979293899376,False,0.016870809959998918,0.019963129078829068,False,0.01001029222439621,0.012803049871711221,False,0.01456505219790637,0.01682986202882059,False,0.009938238827710603,0.012710622515734066,False,0.014477658513315617,0.01692187325340311,False
2026-05-06,0.0168259475834603,-0.0168259475834603,0.010408688735145014,0.014706979293899376,False,0.016870809959998918,0.019963129078829068,False,0.010000468816809816,0.012800533659287714,False,0.014567146229729207,0.016837881890783835,False,0.009928251370726528,0.012707426544857,False,0.01447458621000928,0.016927900204458245,False
2026-05-07,-0.0022731320213294,0.0022731320213294,0.010408688735145014,0.014706979293899376,False,0.016870809959998918,0.019963129078829068,False,0.010060140185207806,0.012891181294978672,False,0.014677337363968816,0.01697319348427904,False,0.009975674983169829,0.012796148515282166,False,0.014524153936629008,0.017060719959176972,False
2026-05-08,0.0108929518130033,-0.0108929518130033,0.010408688735145014,0.014706979293899376,False,0.016870809959998918,0.019963129078829068,False,0.010075056956007597,0.01290739029434349,False,0.014694361654176992,0.016991265717892074,False,0.010013072105379007,0.012813405810194346,False,0.014570909173361155,0.017079393364396223,False
2026-05-11,0.0007312579592188,-0.0007312579592188,0.010408688735145014,0.014706979293899376,False,0.016870809959998918,0.019963129078829068,False,0.010080956814087536,0.012925132632625127,False,0.014719575631712174,0.017026083452347945,False,0.010025714257352483,0.01283239222476233,False,0.014587796848131529,0.017114558748983592,False
2026-05-12,-0.0046524072448392,0.0046524072448392,0.010408688735145014,0.014706979293899376,False,0.016870809959998918,0.019963129078829068,False,0.010018743358331509,0.012830263185806361,False,0.014604102917627423,0.016884128093172867,False,0.009974553034209578,0.01274020545182179,False,0.014512678117378821,0.016974181269682146,False
2026-05-13,0.003589478472757,-0.003589478472757,0.010408688735145014,0.014706979293899376,False,0.016870809959998918,0.019963129078829068,False,0.010064758219612785,0.012876859695334163,False,0.014651066399765393,0.016931563267750083,False,0.010021530622902638,0.01278774770266453,False,0.01454250141780715,0.017021994427331193,False
2026-05-14,0.0040712940838997,-0.0040712940838997,0.010408688735145014,0.014706979293899376,False,0.016870809959998918,0.019963129078829068,False,0.01003777496678247,0.012849182575964532,False,0.014622951507194238,0.016902885678390284,False,0.009983669223851606,0.012761022790646155,False,0.014532806176514186,0.016993093732680244,False
2026-05-15,-0.0150341967001317,0.0150341967001317,0.010408688735145014,0.014706979293899376,True,0.016870809959998918,0.019963129078829068,False,0.010037481049991973,0.012846466814910086,True,0.014618707759910532,0.01689667791654083,True,0.00998745532218393,0.01275989745211413,True,0.014515863434723357,0.016987950663755726,True
2026-05-18,-0.0011862773747406,0.0011862773747406,0.010886778977447385,0.015062158451421646,False,0.016920583307894702,0.019963129078829068,False,0.010231467432882373,0.01307207542090499,False,0.014864267409893503,0.017167881868968487,False,0.010176795549994577,0.012982112622490242,False,0.014754804269714983,0.017254402698726454,False
2026-05-19,-0.0079816726646189,0.0079816726646189,0.010886778977447385,0.015062158451421646,False,0.016920583307894702,0.019963129078829068,False,0.010245963672934738,0.013086986054422106,False,0.01487943949189311,0.0171833900067636,False,0.0101926281847324,0.01299693225421005,False,0.014769219560243501,0.01726933532197276,False
2026-05-20,0.0125352328050136,-0.0125352328050136,0.010886778977447385,0.015062158451421646,False,0.016920583307894702,0.019963129078829068,False,0.010311560876522486,0.013161976115238366,False,0.014960355679633474,0.01727192340948571,False,0.010264431538376717,0.013070156226086503,False,0.014827149409001131,0.017355170711741964,False
2026-05-21,0.0018615612271644,-0.0018615612271644,0.010408688735145014,0.014899937436187267,False,0.016920583307894702,0.019963129078829068,False,0.010188137235565263,0.013032663883557576,False,0.014827328227420424,0.017134120556093903,False,0.01013116545048551,0.012941328846305094,False,0.014671228194861665,0.017217021412945316,False
2026-05-22,0.0025848465396726,-0.0025848465396726,0.010408688735145014,0.014899937436187267,False,0.016920583307894702,0.019963129078829068,False,0.01018220295715594,0.013026763633875147,False,0.014821449447089626,0.017128269371639634,False,0.010125139815471742,0.012935224964512897,False,0.014656976285916903,0.01721064302343058,False
2026-05-26,0.0081514100344377,-0.0081514100344377,0.010408688735145014,0.014899937436187267,False,0.016920583307894702,0.019963129078829068,False,0.010164420808547488,0.013008541651013755,False,0.014802949964683091,0.017109413202020734,False,0.010110510224684411,0.012917259288011724,False,0.014644451773907398,0.017190839712329115,False
2026-05-27,-0.0018797321713984,0.0018797321713984,0.010408688735145014,0.014899937436187267,False,0.016920583307894702,0.019963129078829068,False,0.01012661606932656,0.012954736286628406,False,0.014739049510669254,0.017032536909158867,False,0.010075640261766218,0.012863569965591267,False,0.014548723398766731,0.017112829810709475,False
2026-05-28,0.0069176609529025,-0.0069176609529025,0.010408688735145014,0.014899937436187267,False,0.016920583307894702,0.019963129078829068,False,0.0101042020221306,0.012929418067577062,False,0.014711898996012242,0.017003031232400673,False,0.01005478263632067,0.012838872161036916,False,0.01452788992833533,0.017084517997818998,False
2026-05-29,0.0035450372377272,-0.0035450372377272,0.010408688735145014,0.014899937436187267,False,0.016920583307894702,0.019963129078829068,False,0.01010573922842121,0.012933487292399997,False,0.014717565718043083,0.01701075131572822,False,0.010057032634218038,0.01284336776495324,False,0.014540239786088751,0.01709221838578096,False
2026-06-01,0.0005896986096753,-0.0005896986096753,0.010408688735145014,0.014899937436187267,False,0.016920583307894702,0.019963129078829068,False,0.010085322758044938,0.012913037785162498,False,0.014697095367240306,0.016990254173410557,False,0.01003640125009742,0.01282292396474935,False,0.014518927244097486,0.017071763679305286,False
2026-06-02,0.00236713915064,-0.00236713915064,0.010408688735145014,0.014899937436187267,False,0.016920583307894702,0.019963129078829068,False,0.010094655064430047,0.012918883773948424,False,0.014700741773930189,0.016991073322110504,False,0.01003954290870804,0.012827894505109622,False,0.014518651931131006,0.017071179321777957,False
2026-06-03,-0.0057397216939978,0.0057397216939978,0.010408688735145014,0.014899937436187267,False,0.016920583307894702,0.019963129078829068,False,0.010095141520741285,0.012919303236563321,False,0.014701118968986028,0.016991396188076154,False,0.010042183952886613,0.012828486260323395,False,0.01452351228411297,0.017071200797192897,False
2026-06-04,0.0019979314094954,-0.0019979314094954,0.010408688735145014,0.014899937436187267,False,0.016920583307894702,0.019963129078829068,False,0.010152440280451317,0.012980445559096188,False,0.014764686266217731,0.01705808045425619,False,0.010094741195502289,0.012888990346775283,False,0.014590299139452206,0.017137941378607316,False
2026-06-05,-0.0288350569696957,0.0288350569696957,0.010408688735145014,0.014899937436187267,True,0.016920583307894702,0.019963129078829068,True,0.010112831371712452,0.012937309685524305,True,0.014719325165460035,0.017009859132299285,True,0.010055646302577605,0.01284602411004189,True,0.014545468612857554,0.017090286667055237,True
2026-06-08,0.0041650095985567,-0.0041650095985567,0.010886778977447385,0.01631672122982985,False,0.019598867815891367,0.023330483411975866,False,0.010660814282021036,0.013593174822953507,False,0.015443255190411573,0.01782127713845771,False,0.010628823733230564,0.013499470901066516,False,0.015272018572208515,0.017893323180288544,False
2026-06-09,-0.0053197407232303,0.0053197407232303,0.010886778977447385,0.01631672122982985,False,0.019598867815891367,0.023330483411975866,False,0.01065552692469729,0.013589102857131575,False,0.015439950037512166,0.017818957617313485,False,0.01062160059002045,0.01349557090258683,False,0.015272480055380901,0.017890694907624644,False
2026-06-10,-0.0180826046856732,0.0180826046856732,0.010886778977447385,0.01631672122982985,True,0.019598867815891367,0.023330483411975866,False,0.010706816018629751,0.013642939684739057,True,0.015495394277301015,0.017876467962723526,True,0.010671738002800508,0.013550282970877195,True,0.015331793532832186,0.017948709312319254,True
2026-06-11,0.0225359092983298,-0.0225359092983298,0.011670892081288358,0.01684067144566577,False,0.019598867815891367,0.023330483411975866,False,0.01094267911253608,0.013920921714467151,False,0.015799949920735322,0.01821518030429041,False,0.010909830797205242,0.013826356178107378,False,0.015624578939597907,0.0182869298275528,False
2026-06-12,0.0032313619758305,-0.0032313619758305,0.011670892081288358,0.01684067144566577,False,0.019598867815891367,0.023330483411975866,False,0.011080564314180398,0.014110200245113044,False,0.01602165345085754,0.018478561678130313,False,0.011063395283693789,0.014016082183050239,False,0.015872271350188073,0.0185428354352433,False
2026-06-15,0.0186748959921481,-0.0186748959921481,0.011670892081288358,0.01684067144566577,False,0.019598867815891367,0.023330483411975866,False,0.011007408759010937,0.014029439034157704,False,0.015936093691342194,0.01838683404937255,False,0.01098782073353283,0.013935158264774886,False,0.015781226324528823,0.018449986787230796,False
2026-06-16,-0.0056308516958067,0.0056308516958067,0.011670892081288358,0.01684067144566577,False,0.019598867815891367,0.023330483411975866,False,0.01108613579099065,0.014143963265335017,False,0.01607320303595321,0.018552973427699477,False,0.011075292332645661,0.014049246016632346,False,0.015935211499676583,0.018612809120414183,False
2026-06-17,-0.0105943068879187,0.0105943068879187,0.011670892081288358,0.01684067144566577,False,0.019598867815891367,0.023330483411975866,False,0.011106486217027436,0.014167160793383048,False,0.01609819685318929,0.01858027612577628,False,0.011081779745695484,0.014072084471293994,False,0.01595810064139937,0.01864081067816586,False
2026-06-18,0.0108268640852935,-0.0108268640852935,0.011670892081288358,0.01684067144566577,False,0.019598867815891367,0.023330483411975866,False,0.011205269989167155,0.014280846985971637,False,0.016221285257789403,0.018715449771059368,False,0.01118150114078618,0.014185152317614967,False,0.016079228165966415,0.018776066249443123,False
2026-06-22,-0.0043882465768396,0.0043882465768396,0.011670892081288358,0.01684067144566577,False,0.019598867815891367,0.023330483411975866,False,0.011191356192696806,0.014276831477609107,False,0.016223514762017957,0.018725706373606807,False,0.011170169979956991,0.014181018989453535,False,0.0160867333574322,0.018786562205883654,False
2026-06-23,-0.0166210016287343,0.0166210016287343,0.011670892081288358,0.01684067144566577,True,0.019598867815891367,0.023330483411975866,False,0.011232004149454031,0.014315594680562697,True,0.01626108883902304,0.01876175199398142,True,0.011210090641469809,0.014219525314881668,True,0.016122548068736153,0.018822395643849264,True
2026-06-24,-0.0030409836530778,0.0030409836530778,0.012711667738953887,0.01719629692264875,False,0.019598867815891367,0.023330483411975866,False,0.01144523033623714,0.014558644590842877,False,0.016522955086706564,0.019047804036030447,False,0.011421551067772597,0.014461579649679777,False,0.016399220717394605,0.01910230168225844,False
2026-06-25,0.0039871047233507,-0.0039871047233507,0.012711667738953887,0.01719629692264875,False,0.019598867815891367,0.023330483411975866,False,0.0114699564245836,0.01458496599516683,False,0.016550283005314362,0.019076425689278163,False,0.011443560836999959,0.014489282342038834,False,0.016433011360485465,0.019136336635644527,False
2026-06-26,-0.0046175023998467,0.0046175023998467,0.012711667738953887,0.01719629692264875,False,0.019598867815891367,0.023330483411975866,False,0.011470270549585822,0.014583002946751607,False,0.016546883246176123,0.01907117923758947,False,0.011443688825495747,0.014487646732796915,False,0.01643892651307074,0.01913098497781539,False
2026-06-29,0.0109820920558426,-0.0109820920558426,0.012711667738953887,0.01719629692264875,False,0.019598867815891367,0.023330483411975866,False,0.011495395238980187,0.014610985468969405,False,0.01657666882784937,0.019103282402344032,False,0.011470261213699165,0.014515275782306842,False,0.016485127123915404,0.01916417420650328,False
2026-06-30,0.0049313749151373,-0.0049313749151373,0.012711667738953887,0.01719629692264875,False,0.019598867815891367,0.023330483411975866,False,0.011507929078936288,0.014630447523076814,False,0.016600502020090703,0.019132734086951018,False,0.01147404154168489,0.014534653351563795,False,0.016500335630112745,0.01919582958719129,False
2026-07-01,-0.0048014045196809,0.0048014045196809,0.012711667738953887,0.01719629692264875,False,0.019598867815891367,0.023330483411975866,False,0.011493524382299902,0.0146178034890356,False,0.016588968820565087,0.019122628711267655,False,0.011458023741099518,0.01452122329337242,False,0.01649448506552986,0.01918418032840452,False
2026-07-02,-0.001834694518161,0.001834694518161,0.012711667738953887,0.01719629692264875,False,0.019598867815891367,0.023330483411975866,False,0.01153659704132878,0.014663775871207388,False,0.01663677069156776,0.01917278213665146,False,0.01150353614343534,0.014567986313148295,False,0.016538764718157073,0.019234725209182478,False
2026-07-06,0.0085228372327634,-0.0085228372327634,0.012711667738953887,0.01719629692264875,False,0.019598867815891367,0.023330483411975866,False,0.011557086273537551,0.014684358038192291,False,0.016657411492817575,0.019193498304123913,False,0.011523277583634799,0.014588533215150957,False,0.016558900111297865,0.019258672567823792,False
2026-07-07,-0.0104597878238441,0.0104597878238441,0.012711667738953887,0.01719629692264875,False,0.019598867815891367,0.023330483411975866,False,0.011498333407325857,0.014626108242333603,False,0.016599479093326267,0.01913597387368149,False,0.011465815774424145,0.014530351556352723,False,0.016500027264024136,0.019201066231813425,False
2026-07-08,-0.0021848461121792,0.0021848461121792,0.012711667738953887,0.01719629692264875,False,0.019598867815891367,0.023330483411975866,False,0.011585158577454477,0.014726292960898606,False,0.016708092597484056,0.019255421413747968,False,0.011552183865181712,0.014631027296914569,False,0.016606646140431294,0.019317270072778513,False
2026-07-09,0.0093490506020094,-0.0093490506020094,0.012711667738953887,0.01719629692264875,False,0.019598867815891367,0.023330483411975866,False,0.011608703427485613,0.014746555614899765,False,0.01672628445345323,0.01927095154579605,False,0.011576359360683115,0.014651521303348106,False,0.016624654710770445,0.019333625375860256,False
2026-07-10,0.0019834518488084,-0.0019834518488084,0.012711667738953887,0.01719629692264875,False,0.019598867815891367,0.023330483411975866,False,0.011608578162487159,0.014754638145671625,False,0.016739545434010787,0.019290868705979007,False,0.01158310248323799,0.014659297971513639,False,0.016642477688720257,0.019352771484437113,False
2026-07-13,-0.01292220477487,0.01292220477487,0.012711667738953887,0.01719629692264875,True,0.019598867815891367,0.023330483411975866,False,0.011580841897133941,0.014725211890471506,True,0.01670905293303587,0.019259005693809506,False,0.011557212479620277,0.014629885343580711,True,0.01660773486710675,0.01932012243618894,False
2026-07-14,0.0065257764798099,-0.0065257764798099,0.013127618195065383,0.01719629692264875,False,0.019598867815891367,0.023330483411975866,False,0.011717346528808013,0.01488254971401784,False,0.01687953480170774,0.01944638241112926,False,0.011679888719802039,0.014787021502162098,False,0.016765896690044114,0.019505403888914075,False
2026-07-15,0.0013692633436862,-0.0013692633436862,0.013127618195065383,0.01719629692264875,False,0.019598867815891367,0.023330483411975866,False,0.011683765813392998,0.014850631170203231,False,0.016848664952622973,0.01941686051380282,False,0.011641937279197271,0.014755515488159692,False,0.01672326638759251,0.01947596203121434,False
2026-07-16,-0.0093258502467192,0.0093258502467192,0.013127618195065383,0.01719629692264875,False,0.019598867815891367,0.023330483411975866,False,0.01168745332139597,0.014853980644382828,False,0.01685180115502666,0.0194197225848915,False,0.011646350320753939,0.014759039959312326,False,0.01672354885831135,0.01947878526661015,False
2026-07-17,-0.0055620668248156,0.0055620668248156,0.013127618195065383,0.01719629692264875,False,0.019598867815891367,0.023330483411975866,False,0.011780454843938718,0.014956967540827523,False,0.016961088008096693,0.01953710715922289,False,0.011742343474002413,0.014862328893764463,False,0.01682096989925659,0.019595451866151373,False
2026-07-20,-0.0022038192732388,0.0022038192732388,0.013127618195065383,0.01719629692264875,False,0.019598867815891367,0.023330483411975866,False,0.011820313559037827,0.015001134964275723,False,0.017007973875138197,0.01958748720881079,False,0.011786469288063641,0.014906108655108845,False,0.016867933349803035,0.019645638139641174,False
2026-07-21,0.0103670720385417,-0.0103670720385417,0.013127618195065383,0.01719629692264875,False,0.019598867815891367,0.023330483411975866,False,0.011844384593431527,0.015022838980082285,False,0.017028184495246533,0.019605778275687838,False,0.011795910211926523,0.014927795729020232,False,0.016882619784200113,0.01966468821042657,False
2026-07-22,-0.0005427132344869,0.0005427132344869,0.013127618195065383,0.01719629692264875,False,0.019598867815891367,0.023330483411975866,False,0.01184891733847725,0.015037639854209212,False,0.017049463721458238,0.01963538452580388,False,0.011800780798187067,0.014942993366342132,False,0.016941515930666656,0.019693909511866937,False
2026-07-23,-0.0133396818357717,0.0133396818357717,0.013127618195065383,0.01719629692264875,True,0.019598867815891367,0.023330483411975866,False,0.011857718276345833,0.015046526184640915,True,0.0170584039276335,0.019644393981781975,False,0.011810212261799583,0.01495160168057265,True,0.016938545131278807,0.019704413585267394,False
2026-07-24,-0.0020406102888724,0.0020406102888724,0.013319882683980344,0.01719968139304043,False,0.019598867815891367,0.023330483411975866,False,0.01199262820771272,0.015202764979064188,False,0.017228099495277534,0.019831386366705794,False,0.011942779547641199,0.015107059103618144,False,0.017116455679436954,0.019889537467916395,False
2026-07-27,0.0016180227995243,-0.0016180227995243,0.013319882683980344,0.01719968139304043,False,0.019598867815891367,0.023330483411975866,False,0.012011513195112653,0.015222177635369236,False,0.017247845067630337,0.019851559856506037,False,0.011959360556779482,0.015126484371893227,False,0.01714838449071858,0.019908761372558974,False
2026-07-28,-0.0024079429116121,0.0024079429116121,0.013319882683980344,0.01719968139304043,False,0.019598867815891367,0.023330483411975866,False,0.011996996492165561,0.015207228928696035,False,0.017232623801835843,0.01983598825372945,False,0.011946508032158541,0.015111584211656395,False,0.017134744021084267,0.01989325740512525,False
2026-07-29,-0.013853279394954,0.013853279394954,0.013319882683980344,0.01719968139304043,True,0.019598867815891367,0.023330483411975866,False,0.01201871831821641,0.015229636707388909,True,0.017255464360706428,0.019859385091548443,False,0.011977609944810364,0.01513519890199203,True,0.017180061558774166,0.019918507834786908,False
2026-07-30,0.0172868525384891,-0.0172868525384891,0.013539559746178813,0.01723918889759292,False,0.019598867815891367,0.023330483411975866,False,0.012140218159682479,0.015371777006784522,False,0.017410627105827168,0.020031286386137784,False,0.012109516509557522,0.015276934442109156,False,0.01730486847596475,0.02008967479215121,False
2026-07-31,0.000940200729156,-0.000940200729156,0.013539559746178813,0.01723918889759292,False,0.019598867815891367,0.023330483411975866,False,0.012180028320993096,0.015441007784392384,False,0.017498419893068655,0.020142938064638818,False,0.012144942502433904,0.015344969377148401,False,0.017393361671558825,0.020198712131155788,False
2026-08-03,0.010814619745055,-0.010814619745055,0.013539559746178813,0.01723918889759292,False,0.019598867815891367,0.023330483411975866,False,0.01213732047895172,0.015394088842514246,False,0.017448844090608522,0.020089947236059814,False,0.012092943058673887,0.015298817666272758,False,0.017345026138752946,0.020148158293205726,False
2026-08-04,0.0182252767996203,-0.0182252767996203,0.013539559746178813,0.01723918889759292,False,0.019598867815891367,0.023330483411975866,False,0.012130641826391769,0.015384394263008791,False,0.017437246707149162,0.0200759040617879,False,0.012084108878319986,0.01528931549414994,False,0.017333790014396923,0.020134639352998588,False
2026-08-05,0.0035797613400247,-0.0035797613400247,0.013539559746178813,0.01723918889759292,False,0.019598867815891367,0.023330483411975866,False,0.012169320054003181,0.015454458080266773,False,0.017527112271980706,0.02019122202921117,False,0.012118481662486316,0.015358214770873672,False,0.017408664327940082,0.02024770929046026,False
2026-08-06,-0.0027078053121542,0.0027078053121542,0.013539559746178813,0.01723918889759292,False,0.019598867815891367,0.023330483411975866,False,0.012170643932467732,0.015454942540039866,False,0.017527067127014045,0.02019049615073851,False,0.012123924961002666,0.015358919823206694,False,0.017443137529707213,0.020253049271846478,False
2026-08-07,0.0093468049623487,-0.0093468049623487,0.013539559746178813,0.01723918889759292,False,0.019598867815891367,0.023330483411975866,False,0.012192039649689958,0.015477563725665916,False,0.017550461483266014,0.020214884310692394,False,0.012146569621657666,0.015381350795571137,False,0.0174749139342937,0.02027704973279358,False
2026-08-10,-0.0010253834480969,0.0010253834480969,0.013539559746178813,0.01723918889759292,False,0.019598867815891367,0.023330483411975866,False,0.012197805903868496,0.015489668518473661,False,0.017566565377041248,0.020236128494608756,False,0.012149697076399301,0.015393392459105058,False,0.017484350906926148,0.020298556250558666,False
2026-08-11,-0.0023892570902469,0.0023892570902469,0.013539559746178813,0.01723918889759292,False,0.019598867815891367,0.023330483411975866,False,0.012181942295618694,0.015472246632596368,False,0.017548160345058475,0.020216459764541252,False,0.0121324786984094,0.01537607153791979,False,0.017463302222585634,0.020279007491022502,False
2026-08-12,0.0041154813483652,-0.0041154813483652,0.013539559746178813,0.01723918889759292,False,0.019598867815891367,0.023330483411975866,False,0.012207956280351498,0.015496082810825795,False,0.017570622504984302,0.02023715581433453,False,0.012154432659310935,0.015400050729712856,False,0.01749761255386716,0.020300407652832336,False
2026-08-13,0.0046436946365187,-0.0046436946365187,0.013539559746178813,0.01723918889759292,False,0.019598867815891367,0.023330483411975866,False,0.012207257497917253,0.015495722353246906,False,0.017570475502798763,0.020237283179478784,False,0.012152850772278822,0.015399904635070115,False,0.017481631818850586,0.020300946712224155,False
2026-08-14,-0.0015178007952303,0.0015178007952303,0.013539559746178813,0.01723918889759292,False,0.019598867815891367,0.023330483411975866,False,0.012179990687334183,0.01546887951007995,False,0.017543900148496844,0.020211051645047138,False,0.012123920456892626,0.015373360715964566,False,0.017455442772295663,0.020277122700438285,False
2026-08-17,-0.0024852153762225,0.0024852153762225,0.013539559746178813,0.01723918889759292,False,0.019598867815891367,0.023330483411975866,False,0.012167562856727512,0.015455179622336702,False,0.017529397696436626,0.020195517607768217,False,0.012114289613353407,0.015359766298316493,False,0.017433969295749703,0.02026209127105519,False
2026-08-18,-0.0087410310718204,0.0087410310718204,0.013539559746178813,0.01723918889759292,False,0.019598867815891367,0.023330483411975866,False,0.012176639591965738,0.015465052615057177,False,0.017539773062693637,0.020206538705592893,False,0.012127389948425047,0.015369800528454878,False,0.017431256674916934,0.020273806403947155,False
2026-08-19,0.0094263275721935,-0.0094263275721935,0.013539559746178813,0.01723918889759292,False,0.019598867815891367,0.023330483411975866,False,0.012213564527470735,0.015507782172944053,False,0.01758616486393678,0.02025763781319607,False,0.012165044443132503,0.015412607025977092,False,0.017478609093005918,0.020325001974479083,False
2026-08-20,-0.0062813875836403,0.0062813875836403,0.013539559746178813,0.01723918889759292,False,0.019598867815891367,0.023330483411975866,False,0.012204048935277685,0.015506027732168094,False,0.01758930707678346,0.020267073995748834,False,0.012157375236669958,0.015409254398066115,False,0.017506858220452382,0.020332305356865463,False
2026-08-21,0.0047406464604611,-0.0047406464604611,0.013539559746178813,0.01723918889759292,False,0.019598867815891367,0.023330483411975866,False,0.012222264083593525,0.015526829468283205,False,0.017611740738863787,0.020291605272522637,False,0.012172324754334107,0.015430094709288836,False,0.01753739703007616,0.020357074033576783,False
2026-08-24,-0.0012473486170131,0.0012473486170131,0.013539559746178813,0.01723918889759292,False,0.019598867815891367,0.023330483411975866,False,0.012198742690734312,0.015488851547854218,False,0.01756464192846745,0.020232782821948504,False,0.01214230305270391,0.015392976790068564,False,0.01747626365109988,0.020300783664463095,False
2026-08-25,0.0055253350442166,-0.0055253350442166,0.013539559746178813,0.01723918889759292,False,0.019598867815891367,0.023330483411975866,False,0.01218443098492708,0.01547311005635333,False,0.01754799835879282,0.02021497975578186,False,0.012136614732754512,0.015376970862190458,False,0.017445727005416158,0.02028278563845917,False
2026-08-26,-0.0024551410420286,0.0024551410420286,0.013539559746178813,0.01723918889759292,False,0.019598867815891367,0.023330483411975866,False,0.012182949815742642,0.015473155516573939,False,0.017549006997671455,0.02021722642735841,False,0.01213194071822175,0.015376856294677572,False,0.01746114900713286,0.020284283544726694,False
2026-08-27,0.0060916412814001,-0.0060916412814001,0.013539559746178813,0.01723918889759292,False,0.019598867815891367,0.023330483411975866,False,0.012202425280590406,0.015493693735824538,False,0.01757021572828267,0.02023929700741141,False,0.012155244556174546,0.015397340203199246,False,0.01748188939151045,0.020306845455685067,False
2026-08-28,-0.0079980568450129,0.0079980568450129,0.013539559746178813,0.01723918889759292,False,0.019598867815891367,0.023330483411975866,False,0.012202554614109056,0.015494548499223697,False,0.017571528178777662,0.020241197751246713,False,0.012160759897096442,0.0153981673987724,False,0.01747663627343565,0.020308970465293275,False
2026-08-31,-0.0021218149462684,0.0021218149462684,0.013539559746178813,0.01723918889759292,False,0.019598867815891367,0.023330483411975866,False,0.012230495355672754,0.015526798554165142,False,0.01760649705903615,0.02027966130470457,False,0.012191981579375387,0.015430453974591397,False,0.01751801381061509,0.020347966944273734,False
2026-09-01,-0.0110302050858422,0.0110302050858422,0.013539559746178813,0.01723918889759292,False,0.019598867815891367,0.023330483411975866,False,0.012224542642746205,0.015520227030927319,False,0.01759953511695587,0.02027219753330237,False,0.012191020762103431,0.015423162764538603,False,0.01749206725999466,0.020337412190748284,False
2026-09-02,0.0048152136299102,-0.0048152136299102,0.013539559746178813,0.01723918889759292,False,0.019598867815891367,0.023330483411975866,False,0.012337034633228633,0.015642461737097896,False,0.017727916682207637,0.020408480034137123,False,0.012302694709658156,0.015545398544547215,False,0.017631281732957207,0.020474318692190723,False
2026-09-03,0.0102224628117495,-0.0102224628117495,0.013539559746178813,0.01723918889759292,False,0.019598867815891367,0.023330483411975866,False,0.012336783748470873,0.015640467825359983,False,0.017724823062589025,0.020403972892423603,False,0.012302838973664201,0.015543275775688876,False,0.017614689515770738,0.02046992868402294,False
2026-09-04,-0.0020126603510734,0.0020126603510734,0.013539559746178813,0.01723918889759292,False,0.019598867815891367,0.023330483411975866,False,0.012345574301930198,0.01565755700556248,False,0.01774714799951382,0.02043302766909983,False,0.012314764756005046,0.015560164979370293,False,0.01764599949802668,0.020501067377175563,False
2026-09-08,-0.0050295806653403,0.0050295806653403,0.013539559746178813,0.01723918889759292,False,0.019598867815891367,0.023330483411975866,False,0.01236842016480449,0.015677479893359384,False,0.017765226728405383,0.020448735987262365,False,0.012321168252037783,0.0155807102192421,False,0.01764694771303437,0.02051903140430097,False
2026-09-09,-0.0023538438916362,0.0023538438916362,0.013539559746178813,0.01723918889759292,False,0.019598867815891367,0.023330483411975866,False,0.012402494422148084,0.015714941076607935,False,0.0178048247856963,0.020491080700029633,False,0.012358515699489463,0.015618075193744306,False,0.017686443236559747,0.020562277538719625,False
2026-09-10,-0.0099813965495613,0.0099813965495613,0.013539559746178813,0.01723918889759292,False,0.019598867815891367,0.023330483411975866,False,0.012425096958204805,0.015737926435336072,False,0.017828051674310928,0.020514618041844717,False,0.012381737889272364,0.01564136680630843,False,0.017716908832779585,0.020586625273777335,False
2026-09-11,0.0067282067496142,-0.0067282067496142,0.013539559746178813,0.01723918889759292,False,0.019598867815891367,0.023330483411975866,False,0.012523307521916532,0.015844955841573513,False,0.01794064505100588,0.020634363131567374,False,0.012478464327120407,0.01574766210137157,False,0.01782412548002384,0.020704202398279605,False
2026-09-14,-0.0058602378812517,0.0058602378812517,0.013539559746178813,0.01723918889759292,False,0.019598867815891367,0.023330483411975866,False,0.012513770597615792,0.015839423734067232,False,0.017937639656304277,0.020634605476051383,False,0.012469505351067845,0.015741942352224866,False,0.017816248738501985,0.020704169434589418,False
2026-09-15,-0.0035138809987157,0.0035138809987157,0.013539559746178813,0.01723918889759292,False,0.019598867815891367,0.023330483411975866,False,0.012565775633739366,0.01589228700645501,False,0.017991044405785646,0.02068870621930446,False,0.012517846220401667,0.015794887817966032,False,0.017867959352019756,0.02075873755926967,False
2026-09-16,-0.0021959899664683,0.0021959899664683,0.013539559746178813,0.01723918889759292,False,0.019598867815891367,0.023330483411975866,False,0.012586297613462302,0.01591449189833967,False,0.018014311078002936,0.02071333766300921,False,0.012538147603272896,0.015817032777512827,False,0.017885344305961018,0.02078351767728549,False
2026-09-17,0.0136238334472651,-0.0136238334472651,0.013539559746178813,0.01723918889759292,False,0.019598867815891367,0.023330483411975866,False,0.012583292713390145,0.01591119758823263,False,0.018010834173765262,0.02070962605931854,False,0.012536217506264343,0.015813898530309012,False,0.017888146659135202,0.02077993719974307,False
2026-09-18,0.0018564148672307,-0.0018564148672307,0.013539559746178813,0.01723918889759292,False,0.019598867815891367,0.023330483411975866,False,0.012605077012157346,0.01595087804767476,False,0.018061805651162176,0.020775110575708,False,0.01256445442646211,0.015852899180396195,False,0.017924758662077718,0.020844170011064787,False
2026-09-21,0.0137177836349364,-0.0137177836349364,0.013539559746178813,0.01723918889759292,False,0.019598867815891367,0.023330483411975866,False,0.01261016398827305,0.015954181444287896,False,0.01806398375456002,0.020775842270608663,False,0.012569407732623356,0.015856287090525424,False,0.017930860705677152,0.020844960823993248,False
