Date,SPY,QQQ,TLT,GLD
2018-01-03,0.006325236492973785,0.00971700380489926,0.004780821729293727,-0.002636850395774437
2018-01-04,0.004214971536637524,0.0017494051034683267,-0.00015836123590884377,0.00512737855482448
2018-01-05,0.0066639552122471635,0.010043248655869919,-0.0028556235937864383,-0.0010361649479245783
2018-01-08,0.0018287582090035226,0.0038909893287735198,-0.0006366084846890496,-0.00015961279955833962
2018-01-09,0.0022635665463122123,6.123720593986803e-05,-0.013372608053775381,-0.0046284750854692636
2018-01-10,-0.0015300496923432716,-0.002337688914392344,-0.001209758816111406,0.002405158456580736
2018-01-11,0.007295971718718208,0.006844274476863532,0.004119049649567774,0.003279242310744168
2018-01-12,0.0065190785021163045,0.007348955025070936,0.0016891681225874589,0.012117319941670202
2018-01-16,-0.0034181731503661883,-0.0028572490631210146,0.004176556721252611,0.0016540570729914883
2018-01-17,0.009531755911557305,0.010791320556771344,-0.001359374607638797,-0.008099385028916495
2018-01-18,-0.0016812768880450912,0.00018109452910608503,-0.009290009136387112,-0.002219746160232239
2018-01-19,0.0045500887090648146,0.0031358414486806208,-0.005253726816357829,0.004449368789751107
2018-01-22,0.008130866865164066,0.010700458261307277,0.0009746782979551671,0.0018193589642852004
2018-01-23,0.0021223990764847045,0.008268159319516188,0.004302602288168034,0.004974316982453653
2018-01-24,-0.00038816554537823844,-0.006489019062659418,-0.005416086470832582,0.012177899643490031
2018-01-25,0.00042363453697635833,-0.0003560753768560021,0.008209001822796047,-0.006675468432262743
2018-01-26,0.011577392870614434,0.01532484070085105,-0.0037081379072940734,0.0007814808358339587
2018-01-29,-0.006629461458780628,-0.0048554034922133615,-0.00695823234555859,-0.005621994291566623
2018-01-30,-0.010257247050519669,-0.008230808635074527,-0.005866513121544181,-0.004318770545372774
2018-01-31,0.0004968240119980205,0.004149176012680833,0.005901132190974545,0.006703457836465088
2018-02-01,-0.0011350691493471343,-0.008500345042295576,-0.014492952916871138,0.003290292152912322
2018-02-02,-0.021769715154081104,-0.019945332332716115,-0.009279152899762555,-0.013117887393550687
2018-02-05,-0.04182279760881735,-0.03942632833551796,0.009449420718468549,0.002531843471552664
2018-02-06,0.019701969048194323,0.026498367867461514,-0.006213090181917291,-0.010496423649786646
2018-02-07,-0.005424368247945455,-0.012937878720258866,-0.009503318439691544,-0.004705665583148111
2018-02-08,-0.037509137765939005,-0.04219463881423413,-0.0010941383374221125,0.0015225774502147793
2018-02-09,0.015021589557368653,0.017269494061511903,-0.0063189968539902885,-0.0016803225174144565
2018-02-12,0.014684341821562752,0.017745149197929466,0.004409208926912989,0.004808897328354433
2018-02-13,0.0024874016151856804,0.00516152932291547,0.004474082648565414,0.005663229392343538
2018-02-14,0.01349607171912881,0.018723725909618683,-0.011093541109935101,0.0170526163171012
2018-02-15,0.012760519572649232,0.018564048859389004,0.003399955247542108,0.001169844500285011
2018-02-16,0.00029279459807995956,-0.004465951754791253,0.005420185228570684,-0.003271582663696204
2018-02-20,-0.0062614056304737264,0.0020005957973014965,-0.004380690220392891,-0.013441710167313214
2018-02-21,-0.004973955987663925,-0.0028440052667487725,-0.012268602919739635,-0.004594377467322497
2018-02-22,0.0012960476965167,-0.00012117923250276608,0.0029980950722585664,0.00509310338211777
2018-02-23,0.015939433246696222,0.02044907535305307,0.008882519549077816,-0.0012668539845069882
2018-02-26,0.011612316421842905,0.013260747730077016,0.0003386051853591088,0.0024575674654649937
2018-02-27,-0.012486530660561601,-0.012382799677830736,-0.0014387299336617865,-0.010438906498072442
2018-02-28,-0.010130008591726414,-0.006417282805447622,0.006356029249219297,-0.0010388975966704184
2018-03-01,-0.01454104579664206,-0.016327298939323276,0.006826212391721542,-0.0022399902343750444
2018-03-02,0.005155044466253145,0.009181185103025902,-0.008129037932807726,0.005372018620811936
2018-03-05,0.011557802904321512,0.011084575249868722,-0.002704061078802389,-0.0016747674096407872
2018-03-06,0.00253490803748746,0.004230475709106285,0.0009321680694314161,0.010784458146907872
2018-03-07,-0.0003661307242487366,0.0023140929071687744,-0.0011007023998326204,-0.006401624645603676
2018-03-08,0.004839243659942483,0.0055052830031192546,0.005761807104625261,-0.0023862794212922145
2018-03-09,0.017402534940502257,0.019427413448543707,-0.006571145793530464,0.0009568071147663115
2018-03-12,-0.0012554936438057274,0.005313128655471955,0.0057672727905606624,0.0
2018-03-13,-0.006462903491987304,-0.013614233811613863,0.00505949312943077,0.0019117242474055995
2018-03-14,-0.005131392848188088,-0.00017475700789693072,0.00880929520145246,-0.0006360457292979849
2018-03-15,-0.0010893062794321562,-0.0008736558508254388,0.0,-0.00636432332367276
2018-03-16,0.0010840947710455406,-0.002973234214239673,-0.003576510937099986,-0.0024019459414951205
2018-03-19,-0.013530307193169833,-0.021336283360317676,-0.0031718266623808056,0.0021669685053569143
2018-03-20,0.0017005552259878876,0.003291177016048419,-0.004018555740247565,-0.004484705499084418
2018-03-21,-0.001919156147752732,-0.004354017486396744,0.0010928784873243114,0.017456406089276788
2018-03-22,-0.024996810550826254,-0.02468255791703533,0.009908873031562626,-0.003953194075975608
2018-03-23,-0.02131492218315778,-0.02635138597931541,-0.0007480604545956338,0.012938539529958382
2018-03-26,0.02735897224827144,0.037158779009607956,-0.003828243077375282,0.005250357853935794
2018-03-27,-0.01701175956135359,-0.0323602673361304,0.010692797159624234,-0.0061584106879088996
2018-03-28,-0.002954740834353098,-0.011503286291616788,0.002644735994045133,-0.013804961458361409
2018-03-29,0.012777723082496584,0.01831449153783682,0.0048636440492759725,0.0004771936450476133
2018-04-02,-0.021584573753306024,-0.028851585528068102,0.0019732538527150734,0.011686153191860615
2018-04-03,0.012816653493624264,0.011253527894147242,-0.007712497104753302,-0.007543604183229635
2018-04-04,0.010699254625315957,0.015770078117558484,-0.0020669964540319663,0.0011876001018220617
2018-04-05,0.007892068140638697,0.005696316829478798,-0.007457844253581758,-0.005140323544257974
2018-04-06,-0.022285909980660712,-0.025023175362549277,0.010936216380253994,0.004689954877408864
2018-04-09,0.004928335170893083,0.00702286851575229,0.001651267744766649,0.0034021703240154633
2018-04-10,0.015900588160783213,0.022063345971020887,-0.0018134242269551848,0.0023655815524346036
2018-04-11,-0.005242306976364408,-0.005769265738716389,0.0035514523280060217,0.007787899955785216
2018-04-12,0.008226976001385555,0.012041825415639806,-0.007324779170836293,-0.011630613197024076
2018-04-13,-0.0029329134072032526,-0.0051786296058976555,0.0023215569379280154,0.006555000660688037
2018-04-16,0.00822174433585543,0.007621879097978956,0.0003310095719355477,0.0014123209845886553
2018-04-17,0.010698387945003551,0.02152546716355852,0.002728393392416484,0.0009402393572395251
2018-04-18,0.0007403267599093155,0.002047357146341078,-0.007998873626850922,0.0007827669207129961
2018-04-19,-0.005547380359860243,-0.009193170284567564,-0.008145969258563257,-0.001955416527053
2018-04-20,-0.008479919545095749,-0.015826442224812665,-0.0072074285229082324,-0.007601890535287592
2018-04-23,-0.00014991039875655865,-0.0025261013435655677,0.00025295907792166616,-0.00797594984397465
2018-04-24,-0.013467136217630293,-0.02118736520543396,-0.004557378838103143,0.004855919415812426
2018-04-25,0.0024714668684790997,0.0011992287042372762,-0.006697473235776741,-0.006496075996334616
2018-04-26,0.010165626563446217,0.021052432803629895,0.006998564198615886,-0.0035085115107064135
2018-04-27,0.0009389240587169834,0.0006173717206165996,0.007713129536539354,0.004241008034887361
2018-04-30,-0.007690418624612727,-0.00709484775411473,0.0017666886668892268,-0.007251025196090666
2018-05-01,0.0017765300157266406,0.011432890900995307,-0.0036012422300242264,-0.007063145351023148
2018-05-02,-0.006717320993750109,-0.005897470047588671,-0.0010982874407058363,-0.0004849855228984401
2018-05-03,-0.00220354406689216,-0.0001236239494826208,0.004480734159284294,0.005095004008440096
2018-05-04,0.01294641688899012,0.018973744581450847,0.001515278078054516,0.002092067418605348
2018-05-07,0.0033830409034349973,0.008309827135783099,-0.0015967176972528918,0.0002408766587147504
2018-05-08,0.0,-0.0010225741429231716,-0.0009264585825838889,0.00016052535213439967
2018-05-09,0.00966595480708099,0.010898836889690067,-0.005981904188537945,-0.0020868008225222168
2018-05-10,0.009350545816096734,0.010364843329498719,0.00805267971959922,0.0068366320405603975
2018-05-11,0.003051438841232823,-0.0009433226779842485,0.0025224781824413345,-0.0014379318160805399
2018-05-14,0.00047652746069015706,0.0017110659545493956,-0.005284177660919376,-0.004080017089843846
2018-05-15,-0.006886776151357243,-0.0110751291710951,-0.011382534152483581,-0.01614583132241254
2018-05-16,0.00420472382474113,0.0066124177705513265,-0.003837724348210503,-0.0015512935679184991
2018-05-17,-0.0008447800757357404,-0.00384677525050936,-0.005051571159336299,0.0005724073456552237
2018-05-18,-0.00249979727148808,-0.005168328298934544,0.008605258837200092,0.0004086552101045804
2018-05-21,0.0075185055604629625,0.005613386099797557,0.0005115999456111187,0.0005718461950008358
2018-05-22,-0.002780211678006461,-0.0013068243336563645,-0.0015349276945344492,-0.0005715193738216051
2018-05-23,0.002750975857008564,0.008443843974588638,0.007259320012115378,0.001061982268841355
2018-05-24,-0.00204876285412825,-0.0002947874942104134,0.00797018861869514,0.00856859323093273
2018-05-25,-0.002382311654051228,0.0010028010219906847,0.006225080118472892,-0.003074660285441455
2018-05-29,-0.01150121242938773,-0.004419444454725641,0.021902659096168398,-0.00016229724222882602
2018-05-30,0.013344941762923224,0.007161239074999548,-0.006708565318349957,0.001461160009810225
2018-05-31,-0.006125891601887368,-0.0006465304286692453,-0.001646658986691918,-0.002188573125150861
2018-06-01,0.00981756553301194,0.01569942106094091,-0.005284035785873886,-0.004955325896935814
2018-06-04,0.004751514545658031,0.009031043126788152,-0.007232006062862006,-0.0009796319640802409
2018-06-05,0.0007273267670011574,0.0030980228284316347,0.002344430336102654,0.003922495029546447
2018-06-06,0.008360544367459477,0.005833932062103031,-0.008103116060384608,0.0005697980927446
2018-06-07,-0.00010798130759748226,-0.00813132483442891,0.009685648879450115,-0.00048810250152542256
2018-06-08,0.0029561667426456495,5.734342060437214e-05,-0.0030032563615968177,0.0012209142530825723
2018-06-11,0.001330274940331222,0.00269406287710261,-0.0018401751183375614,0.0017884823744613865
2018-06-12,0.0012928091563608746,0.00526001336367532,0.00025156940008086437,-0.0033271415316106223
2018-06-13,-0.003191544168795968,-5.679523887347493e-05,-0.0005030122576700213,0.003012561044629436
2018-06-14,0.0025179535034689504,0.01012368506973571,0.008300054257284417,0.0015422908372948463
2018-06-15,-0.001276081292884701,-0.0034910181986770317,0.0009144663245557183,-0.01653429211330948
2018-06-18,-0.002056682647570973,-0.0005777315082915457,-0.0009136308399194659,-0.0018954650937899054
2018-06-19,-0.0038329138191303125,-0.0028327758024778715,0.005820138275702158,-0.0025596363391254817
2018-06-20,0.0017060652453786407,0.007102605972212572,-0.008762904384180481,-0.004470206141434896
2018-06-21,-0.006268603754751689,-0.008688513902139094,0.005254096125786312,-0.001746208886931444
2018-06-22,0.0018228925824557152,-0.002219294101289737,-8.318871274926032e-05,0.0024156041546103957
2018-06-25,-0.013612451066871256,-0.022530439236442268,0.0022407249955844755,-0.0037393797734436296
2018-06-26,0.002214006190266238,0.004084679824577941,0.0014071458516196067,-0.0052547940330738285
2018-06-27,-0.008284181983306715,-0.01359922330184149,0.009423560707278789,-0.005701830395735241
2018-06-28,0.005717541995104547,0.00860217110575423,0.00024548295074011683,-0.003035930214138949
2018-06-29,0.0014394841378670975,0.002686863175027643,-0.003438302139032068,0.003637288959023266
2018-07-02,0.0021377806541644784,0.006699813665177912,-0.0007821128627060192,-0.010029518972628937
2018-07-03,-0.00353089998230105,-0.011573907857429067,0.005356163438926753,0.01013112932642235
2018-07-05,0.008157882065497724,0.012411711577256623,0.0028685944165216526,0.003371272825408722
2018-07-06,0.008458209562050012,0.015556318761116072,0.0032697285828424683,-0.0015959885471286128
2018-07-09,0.00900440261798452,0.00899746212754593,-0.006436006985090281,0.0024398528860691826
2018-07-10,0.0035981422902515714,0.0007337368750084394,-8.195495606322378e-05,-0.001846422307055895
2018-07-11,-0.0073145108330670006,-0.005075650735551052,0.0038540253069372366,-0.010846724226159843
2018-07-12,0.009066466243563331,0.01723175371339436,-8.133054235603954e-05,0.004165231777556677
2018-07-13,0.0007871958869154483,0.0008356899712904653,0.0025322915636436516,-0.004401901762097538
2018-07-16,-0.0008939747878966564,-0.0023942825720550953,-0.004156105930546383,-0.0005101399394813466
2018-07-17,0.004044700759188613,0.006083404144472171,-0.0018818214541752587,-0.010803949293831439
2018-07-18,0.0021040782293044735,-0.0018862309243797837,-0.004017039705664804,0.00025798744076199753
2018-07-19,-0.0037714835298956473,-0.005001669515890428,0.006338292427061631,-0.004298856594405098
2018-07-20,-0.0011424417896136463,-0.00022354154627368672,-0.012269173192383076,0.006476124823511453
2018-07-23,0.001858784284655357,0.0031845180556444586,-0.012338726119002108,-0.004804371742649138
2018-07-24,0.005032096874539427,0.004121522294933788,0.003437318253492583,0.0003448354786839136
2018-07-25,0.008522548971910515,0.01397678422177151,-0.001587133182825995,0.005515334234738045
2018-07-26,-0.0023590793774852514,-0.015151725613683276,-0.0019251439886283084,-0.0077991400388178755
2018-07-27,-0.006776226298848331,-0.013496118486757913,0.001677182489344231,0.0005183138095206097
2018-07-30,-0.005223741823092487,-0.014131659129588803,-0.0034320942812481325,-0.0015540041641224356
2018-07-31,0.004929577769015703,0.007652611897248418,0.005460294433016655,0.002939873181190933
2018-08-01,-0.0016707100244320872,0.003797019369398802,-0.008147297362355643,-0.007328204929526794
2018-08-02,0.0054478601545702166,0.013606492829921546,0.0014347884645551368,-0.005384772884042377
2018-08-03,0.004284773928526553,0.0030639275264399135,0.004973752918435714,0.003492853105171223
2018-08-06,0.003667341724618689,0.005885738751027381,0.0005871816399876106,-0.005133974480431958
2018-08-07,0.00330201614729031,0.0036437859811222495,-0.00519712103117409,0.0022740706959853974
2018-08-08,-0.0004200372340652514,0.0012101267308932684,0.0010109944732845655,0.002792628802213759
2018-08-09,-0.0013663150178326866,-0.0006042437460815897,0.008418207570968894,-0.0014794690881723138
2018-08-10,-0.006700133800251251,-0.00764124089496987,0.00726313728517769,-0.0004357279352805721
2018-08-13,-0.0037435742833317187,-0.0011077700336363794,-0.0020725752119425955,-0.015084168803792819
2018-08-14,0.0063808552417303765,0.00626670639642235,-0.0022416464540478964,0.0009738014451408095
2018-08-15,-0.007467571846069276,-0.012235064314096045,0.005826365554929769,-0.016626844065553148
2018-08-16,0.00809146058073984,0.0032918999389399684,-8.356964082101292e-05,-0.0008094609704911715
2018-08-17,0.0035205408165723817,0.00022255948773786116,0.0012421326003544397,0.00927091623261167
2018-08-20,0.00213977594688175,-0.0008896824184062568,0.0066952487601472654,0.0049942495470025605
2018-08-21,0.002345552648805871,0.0036727160389369296,-0.0033663827492919074,0.002928336094692563
2018-08-22,-0.0005939006529649404,0.0038813479376456073,0.00395416745253474,0.002211997942183075
2018-08-23,-0.001327908920480958,-0.001436196446889526,0.0015590695859704073,-0.009446452957846962
2018-08-24,0.006018447625601331,0.009292298430624069,0.0019669439090019836,0.017468866017628537
2018-08-27,0.007895646442719562,0.01019278423030312,-0.005724248448408464,0.00376657902932398
2018-08-28,0.000483228915941325,0.0014646124078252498,-0.006003902830907681,-0.007941321771505638
2018-08-29,0.005380587954228799,0.011537827993693961,0.0013237803026833195,0.00457421394854407
2018-08-30,-0.004048370859696115,-0.001767171307169746,0.002148259189791002,-0.004903656511020427
2018-08-31,3.428023760965182e-05,0.0012873731380036446,-0.002308274713455738,-0.0011439392301668683
2018-09-04,-0.0017219277687783308,-0.004285812574857051,-0.005781522178128662,-0.005109698001402596
2018-09-05,-0.002691553747077413,-0.012913903733881238,-0.0026665422092866375,0.0034534613352918964
2018-09-06,-0.003010249697280365,-0.008939737354639599,0.0036755635752729887,0.0019414156485668688
2018-09-07,-0.0019430633513716211,-0.0038501275611123598,-0.008489268040777764,-0.0027302937827557994
2018-09-10,0.0017386932077245731,0.003368304358047247,0.0036936199101942346,-0.000706542689065337
2018-09-11,0.0032968417520156112,0.0077041554766767995,-0.007610679626917083,0.0006186451072049959
2018-09-12,0.00024261328034858032,-0.002949003281829232,0.0023597065480638335,0.008390716640166218
2018-09-13,0.0059141690750805775,0.010680436228217127,0.0015134178120252972,-0.003591101333891067
2018-09-14,0.00017203935186316244,-0.0029263825520080555,-0.004785288130698229,-0.006504970809317556
2018-09-17,-0.005294348731018195,-0.014403006568000865,0.0,0.005220350246058381
2018-09-18,0.005425948836447425,0.008271414204163774,-0.010459687333395418,-0.0014963310274803687
2018-09-19,0.0010658044257787491,-0.0007653010096065893,-0.005967319878411592,0.0038786565809445506
2018-09-20,0.00810373463775238,0.011056275022630846,0.004631057105263681,0.0034246522572405347
2018-09-21,-0.0009134603162048727,-0.005467554763645577,-0.00042691333428857003,-0.006825928084458588
2018-09-24,-0.003322022740641084,0.0027807399984478565,-0.0025615035875379277,-0.0001761974045536574
2018-09-25,-0.0009276262413265846,0.001359642675016648,-0.0010282563287169477,0.0015863250483771907
2018-09-26,-0.002992148080983803,0.0007062563456121662,0.007028279298304074,-0.005279352979018492
2018-09-27,0.002794059449411579,0.008465525084835113,0.0006810923671209945,-0.008845643281780058
2018-09-28,0.00010283158422996763,-0.00021523374920440208,-0.00263673955517707,0.006336448595585686
2018-10-01,0.003474498259496972,0.0020455493972806327,-0.00734111838632534,-0.001685016298392017
2018-10-02,-0.0005828359929229698,-0.0022563004617995874,0.006112895325053991,0.011548397044346848
2018-10-03,0.0005486077044343229,0.0010768914114627215,-0.01737116620378043,-0.003951915050342092
2018-10-04,-0.007815436831979383,-0.0191988308780916,-0.007054228813247576,0.0005290529796948551
2018-10-05,-0.005597149733812534,-0.012227080228415232,-0.008594924535271664,0.002819877382429281
2018-10-08,0.0,-0.006105947568040726,-0.003361646489326686,-0.011072074713894264
2018-10-09,-0.0014588380650309984,0.0032391106867444286,0.010118870426094828,0.0005331220730910857
2018-10-10,-0.03166335310935198,-0.043979307112851695,-0.0027237542241903556,0.00248666770063255
2018-10-11,-0.02202652128828053,-0.012403043562139282,0.012159612772242978,0.02569101343410174
2018-10-12,0.013888163051173352,0.027830384298993538,-0.003482545147376226,-0.004750349180877911
2018-10-15,-0.005617037020139493,-0.012104541936688085,-0.00043677642358674884,0.006682258271583086
2018-10-16,0.021866044722795186,0.02909252369822002,0.0022724484688445568,-0.0017241116227776354
2018-10-17,0.0001782479040690621,0.0003949811413026527,-0.0059295159225816185,-8.637423114732368e-05
2018-10-18,-0.014441087883798498,-0.023182383357796876,-0.0003508110427248301,0.001122698440194414
2018-10-19,-0.0005429802534647754,-0.0009240075580742024,-0.0021939082997320947,0.0007764317521294917
2018-10-22,-0.004488215546911145,0.005144047231580018,-0.001319171585287715,-0.002586010225269497
2018-10-23,-0.005091198730987068,-0.0036798700343226853,0.0031704649300781096,0.005876763551604158
2018-10-24,-0.03029825103103123,-0.04576701479347578,0.007548956957771136,0.0023198236435848507
2018-10-25,0.017940537971752102,0.03459569669627749,-0.004182046727782107,-0.002228717024418514
2018-10-26,-0.01758741232466987,-0.02572193011407553,0.006036596995538934,0.0031786521678458524
2018-10-29,-0.005540312008955328,-0.020581068582126716,-0.00226118431609712,-0.003939360261169922
2018-10-30,0.014818538445398266,0.01647978367034253,-0.004967398173955639,-0.0043847864976442885
2018-10-31,0.010680915166406235,0.02350526297773614,-0.005081187765035855,-0.005613139108367471
2018-11-01,0.010641822993531891,0.013190166516215962,0.0009266455051553102,0.012852763420992508
2018-11-02,-0.005922828912319433,-0.015575779914925425,-0.012432633929270298,0.00017151910256396619
2018-11-05,0.00551689525053467,-0.0024793915260997723,0.003928603898749605,-0.0024003324100664303
2018-11-06,0.006327552704808559,0.007575926625255303,-0.0006222315390986832,-0.002835798085983887
2018-11-07,0.021409101107573436,0.031367339497544,0.0013343176805162837,-8.619558903444346e-05
2018-11-08,-0.0018150265469436544,-0.006379000787380962,-8.84493129569286e-05,-0.0021546152083956605
2018-11-09,-0.00976813404714183,-0.01685202204952596,0.007465884718087068,-0.011228151978489587
2018-11-12,-0.01868512123582189,-0.030258962458992844,0.006528478036386565,-0.007162820324765118
2018-11-13,-0.0018713540477298674,0.0008416830458548574,-0.0006135690793486193,0.0003518677181439944
2018-11-14,-0.00683667055964432,-0.007628819023503097,0.0006139457774940738,0.008267391966898074
2018-11-15,0.010436801030064613,0.017493628174404474,-0.0004380112690112181,0.0011339606953078007
2018-11-16,0.002600534394352483,-0.0035096805179944957,0.005787362461882495,0.00740616997802257
2018-11-19,-0.016914388055890295,-0.03247795479246618,0.002789551402582191,0.0004324115306661991
2018-11-20,-0.018506367837460957,-0.017894258419294484,0.0003476092021483801,0.0
2018-11-21,0.003407530650551882,0.00760250070057511,-0.00034748841197884683,0.0016426250921930396
2018-11-23,-0.006678541619737466,-0.007233409098184818,0.0010432448042396736,-0.0007768338236752159
2018-11-26,0.016144394150422237,0.023114543041915736,-0.0022582720372194,-0.0011228924348919422
2018-11-27,0.0033642810757985586,0.003376370567110154,0.0011319840807115789,-0.005966814640678719
2018-11-28,0.023025454289133274,0.03218256175351142,-0.004868953893389816,0.0037407596049729985
2018-11-29,-0.002185064379661039,-0.003260090970613194,0.003931629593634023,0.0031201301691909933
2018-11-30,0.00609528154761918,0.0072555779330589765,0.0037424969017862963,-0.0017279847238080848
2018-12-03,0.01324137578180773,0.017476494788955188,0.007100757949532799,0.007529883500850154
2018-12-04,-0.03240237699208792,-0.03835660921616224,0.016741201734504996,0.006099124320393612
2018-12-06,-0.0015171522722823294,0.007060011013326761,0.0031403583837905646,0.0001707363609755319
2018-12-07,-0.023235927601440776,-0.03301580843874907,0.0018613683990424956,0.00810992789134457
2018-12-10,0.0018967542382835045,0.010472530943331115,0.004138168158496214,-0.003471894702593792
2018-12-11,0.00022730726151598546,0.003311054992201967,-0.00016822682484229912,-0.001189661703648759
2018-12-12,0.0050356976880552295,0.008801714411343697,-0.004458640126440039,0.0021269354947484054
2018-12-13,-0.00033911063215497084,0.0003025989487870362,-0.002365474269581669,-0.002207336227265433
2018-12-14,-0.018464985060524963,-0.024348688329617785,0.0034727713092954637,-0.003998989411934772
2018-12-17,-0.019618397771420604,-0.022659949464611584,0.005823791809483891,0.0069195729103175285
2018-12-18,-0.0010962974417885185,0.0062886589007891125,0.005988690305930522,0.0023754880187696337
2018-12-19,-0.014975890654765678,-0.024554871928552213,0.013210420195048256,-0.006093958623821227
2018-12-20,-0.016277925511525182,-0.014495478585535793,-0.003631040330142832,0.015413416962360094
2018-12-21,-0.020489439124262043,-0.03099361550357116,-0.00016550851581664805,-0.004360924625816276
2018-12-24,-0.0264228446528344,-0.024797741686657382,0.004970033805883567,0.010950096100037499
2018-12-26,0.05052484690794645,0.06243887211988941,-0.010715283140077969,-0.002999441684935489
2018-12-27,0.0076772464211343205,0.0038698857932484287,0.000166660551534914,0.007604847107346435
2018-12-28,-0.0012900118206854438,-0.0005226365929027477,0.008413682190544725,0.00406401148718416
2018-12-31,0.00875877153993132,0.008432863129278934,0.0038003403647928202,0.0015694898830167503
2019-01-02,0.001040380316956968,0.004019388725613027,0.005266875490598011,0.0006598089159148834
2019-01-03,-0.023862527651020926,-0.032670513821123404,0.011379445552910372,0.009066170423806641
2019-01-04,0.03349565554455647,0.042784733244377815,-0.01157484800845221,-0.008086235900529481
2019-01-07,0.007884412357693105,0.011905398245729337,-0.0029482309636377213,0.003458482876331992
2019-01-08,0.009395334524148646,0.009045207620625773,-0.0026284424605220735,-0.00270804061547536
2019-01-09,0.004673487204997828,0.00814978826235535,-0.0015647333597126334,0.006418158373500793
2019-01-10,0.003527636366311704,0.0028601652553188472,-0.0064336470514638755,-0.005886691481276629
2019-01-11,0.0003862003807315606,-0.003658251827786785,0.003901741735988562,0.001727170986037141
2019-01-14,-0.0061008252135134056,-0.008836532218129078,-0.0037211708785145348,0.002380897199235621
2019-01-15,0.011460710656931106,0.01952603940665032,-0.0036519783048971632,-0.0017200351443330542
2019-01-16,0.002419843822738521,-0.00018443213473795517,0.0009994783773277227,0.003199863787636481
2019-01-17,0.007586836336094249,0.007884351544800605,0.00025009708552636845,-0.001308546962521917
2019-01-18,0.013310019270516671,0.009900261189269122,-0.005241983138006612,-0.008926410300850951
2019-01-22,-0.013510724629794524,-0.020030152543057067,0.006775002686495446,0.0035531343340227117
2019-01-23,0.00209255932143515,0.00129680429171386,-0.0004155191811382464,-0.0013997379433263735
2019-01-24,0.0005313951928145322,0.006475426519502392,0.006565883872861056,-0.0015666428373899421
2019-01-25,0.008461603990990163,0.011948238936547062,-0.004789262511466386,0.01461726258147622
2019-01-28,-0.007600428093456291,-0.012352439509207613,-0.0009955738097674471,0.0034999210730881636
2019-01-29,-0.0013269196721544807,-0.009441326628942925,0.005065969541193205,0.005596580714432919
2019-01-30,0.015830980755197954,0.025437830946370754,-0.0007435387313035058,0.005726722578225596
2019-01-31,0.00878218969450506,0.014968878043373213,0.008599554887645855,0.0004811737703025454
2019-02-01,0.00048143827403879236,-0.004222377334577532,-0.006039193198498993,-0.002004008016032066
2019-02-04,0.007035683748994437,0.012421808973999582,-0.004464411994155815,-0.004337356751223598
2019-02-05,0.0041918920956387495,0.008847870621655263,0.004567377725414712,0.002581475453272253
2019-02-06,-0.0013182921345387122,-0.0029820104699622707,0.0004960398357174434,-0.006758902044908699
2019-02-07,-0.009532758713326261,-0.013429348298238053,0.006609824137272735,0.002430293392984062
2019-02-08,0.001221712491382032,0.001961343325707965,0.004268482820848796,0.0037982966608791635
2019-02-11,0.0005542554229247543,-0.0009489979335401966,-0.003923403045416496,-0.004911042708701019
2019-02-12,0.012859728413009641,0.014785997614754187,-0.0025436071234762325,0.002103577179937588
2019-02-13,0.003246930877390586,0.0007025824045843176,-0.0037840173856401593,-0.003956062177901898
2019-02-14,-0.002218387005808675,0.0012277438681564945,0.0056976251933018585,0.005592889654295163
2019-02-15,0.010897417401255272,0.004205126767669709,0.0015604254812315865,0.005964900110646321
2019-02-19,0.0017305193432128885,0.001977454432855019,0.0025411559755488256,0.01522430969570121
2019-02-20,0.002015728392507299,-0.00017383376533319783,-0.00286173462783057,-0.0017363346220006237
2019-02-21,-0.0035564499055917853,-0.003657830840555265,-0.008939208132365262,-0.01130613747012843
2019-02-22,0.0062000506531625366,0.007400313936328784,0.005957993961958286,0.0035985360836492397
2019-02-25,0.0013614992443022889,0.0036435505333975993,-0.002961470852619996,-0.0010358346885892544
2019-02-26,-0.0007156718680881857,0.001037577662743372,0.004950183252316442,0.001675034536747333
2019-02-27,-0.00042931886019248466,-0.0006331928827093547,-0.011329378296874193,-0.0070871108191714605
2019-02-28,-0.0018626710349877174,-0.002304439231923583,-0.003404277141524692,-0.005613959130088775
2019-03-01,0.00624362220284258,0.006928823953833874,-0.009242861804231284,-0.017017506627186707
2019-03-04,-0.0036370603313222727,0.00017191397219340487,0.007837400018707141,-0.0026255308667166855
2019-03-05,-0.0013603542061737528,0.000745505116863443,0.0020903844541879657,0.0013162525939689473
2019-03-06,-0.006056821718148475,-0.005671809856708121,0.00367183055121445,-0.0009037184460104486
2019-03-07,-0.008365291614343406,-0.012272374786833629,0.006484410199137924,-0.0008222882461902392
2019-03-08,-0.0020000465083716,-0.001516362275922667,0.004213201227672769,0.010945553273622899
2019-03-11,0.014501065014246306,0.020797552938783825,-0.0029614087462243033,-0.004884390198699795
2019-03-12,0.003771129622447855,0.00549457189912661,0.00701294417327003,0.006053709964792153
2019-03-13,0.00661885505541937,0.007513159639208178,-0.0018844544623156656,0.006992949727453013
2019-03-14,-0.0006393850622996577,-0.001695049443385721,-0.0072233938975319045,-0.011547098821608426
2019-03-15,0.004940159482676565,0.009281068248538249,0.0066143293064109265,0.004574769560006908
2019-03-18,0.0036261154141736807,0.0023812522335171504,-0.0005745485985313437,0.0005692420438265788
2019-03-19,0.00024783017446350364,0.0033625407979662736,-0.002218852760579204,0.002763299214570303
2019-03-20,-0.003009817852577701,0.003965142704200675,0.010459820528762709,0.006484057947534705
2019-03-21,0.011294451848214981,0.015632165038423462,0.0022014651057664647,-0.004026413261163153
2019-03-22,-0.019245844626120223,-0.021964004195615283,0.015534904027326712,0.002344768069306058
2019-03-25,-0.0007520564500789195,-0.0019043486472989368,0.0016011136804423565,0.007663119616744485
2019-03-26,0.007453927498345614,0.004657236130124032,-0.0007195775436443785,-0.004963137418150021
2019-03-27,-0.005228953937303493,-0.006422855147118045,0.009201958611620098,-0.005229296137734041
2019-03-28,0.0037903346284344774,0.00230475574445288,0.003488921095680997,-0.014152850613865509
2019-03-29,0.006305742450320784,0.007571207149055015,-0.0009476896504638788,0.0009023839948698598
2019-04-01,0.011858911426035679,0.013247311713268317,-0.01420438304957683,-0.003934131206699387
2019-04-02,0.0004898291947015299,0.0037901871285921374,0.0018495079373412882,0.0037028271386223555
2019-04-03,0.0015737822029735504,0.005746266595868743,-0.008667629812808109,-0.0014756542074284562
2019-04-04,0.0026533230196099655,-0.00038093046785103724,0.002833494749034271,0.002545135885276162
2019-04-05,0.004839933733384871,0.005171206745873125,0.001291507529746383,-0.0010645913747292512
2019-04-08,0.0007626927158952412,0.0025452774091214714,-0.003547561975026148,0.004344964459018996
2019-04-09,-0.005124916599846374,-0.0035112818701856785,0.0031555374514671275,0.0052240582686200465
2019-04-10,0.0034105489645874787,0.005366459799376777,0.002419983664191827,0.003085645543724258
2019-04-11,-0.00027731158933319566,-0.0023722089930587886,-0.005874085142622221,-0.012790430232882621
2019-04-12,0.006766011448537501,0.0043234024102483115,-0.007122305689295616,-0.0009839698252592788
2019-04-15,-0.0006548982895197009,0.00016163912557098925,0.002527209196107938,-0.0018879040751598186
2019-04-16,0.0006553274623539718,0.0034434481220972923,-0.006261584452102675,-0.008963785785923162
2019-04-17,-0.002446745069839773,0.0034849751172896237,0.0004095345291421637,-0.0019085831288393473
2019-04-18,0.0019693961345865763,0.001282456692128564,0.005234214284544514,0.0007482870651696061
2019-04-22,0.000861722329350556,0.002828613608637065,-0.004800187911998655,0.0
2019-04-23,0.00899138022548529,0.012718138647646704,0.0021257583362384036,-0.002076929420084306
2019-04-24,-0.002219065783535479,-0.0031527365909678196,0.008158423967218997,0.002913740144174559
2019-04-25,-0.0006158879517356164,0.004058750792297117,-0.0014565311167070716,0.0008300695036758121
2019-04-26,0.004656398805984674,0.000892504737501465,0.0034036068619114346,0.006635175033447238
2019-04-29,0.0015678772119240847,0.001940635272639879,-0.006380570994611978,-0.004449212353194731
2019-04-30,0.0005104916697515893,-0.007747923995926165,0.005120881546984091,0.003062112981714993
2019-05-01,-0.007516472210986058,-0.0032183701196409897,0.00412493629016053,-0.0066006224629273635
2019-05-02,-0.0021591772793643216,-0.004340317544464178,-0.004761866909863022,-0.0038205903541770336
2019-05-03,0.009788012917379962,0.015948303415054932,0.0028387504644340478,0.005919618726200504
2019-05-06,-0.004115060977269103,-0.0061223233009509714,0.002749233316174271,0.001326117121354109
2019-05-07,-0.016700001709290646,-0.01947948822005363,0.007661474042556238,0.003310996887363471
2019-05-08,-0.001388764394654074,-0.0025237697715591034,-0.004321983119209949,-0.0024750055657883907
2019-05-09,-0.0030261605689916315,-0.005383005546673925,0.0040994475306339595,0.002398422606480377
2019-05-10,0.005023435294274181,0.0012449596634798166,-0.001361055173298431,0.0018977175142322888
2019-05-13,-0.02512984799736029,-0.034702795263658937,0.007855597413006121,0.010211626950944686
2019-05-14,0.009043257517232117,0.010975472025597455,-0.002942433420909829,-0.001711902564663359
2019-05-15,0.005857226382484537,0.014124208832908769,0.006142230145720129,-0.0005716127335255727
2019-05-16,0.009261485004053105,0.010049582872928342,-0.003329526994087839,-0.007190107507201948
2019-05-17,-0.006464857147320591,-0.010219871485891097,0.002227024520321086,-0.007077611679961904
2019-05-20,-0.006611985289440514,-0.016881572240037612,-0.0020640058279226547,-8.290208125960596e-05
2019-05-21,0.009015474456055772,0.010447412457330163,-0.0015901462750792517,-0.002320944800343727
2019-05-22,-0.0030715168095014622,-0.004454817697618463,0.00573551482258039,-0.0009970317877493473
2019-05-23,-0.01221854288452251,-0.015302019509124354,0.011247417992718445,0.007734533613594108
2019-05-24,0.0022683583886780045,-0.0005048214253559058,0.0008615427705360723,0.0010729131367255285
2019-05-28,-0.009300695330646147,-0.0037608696743346437,0.007199973557137085,-0.0038747008151563955
2019-05-29,-0.00671048767179494,-0.00822599192119966,0.00302993400854068,0.0003310511869667465
2019-05-30,0.0027314013142245575,0.00420398937200428,0.008599080971799955,0.0067841455794737104
2019-05-31,-0.013475511012683072,-0.01595294390145474,0.012519281693984308,0.013476862164072179
2019-06-03,-0.0025429771361505926,-0.022017266547122993,0.006689070842100353,0.014432812396575123
2019-06-04,0.021706437061879358,0.02815609995484003,-0.011401783997256887,0.0003197259638094696
2019-06-05,0.008662291634591535,0.007432345144640307,-0.005651623148131724,0.00255692921232642
2019-06-06,0.006502700027471553,0.007944999974172084,0.0032258390001536075,0.003267681746440987
2019-06-07,0.010007458295681504,0.019312132230406398,0.008651926609885674,0.0056402851919619135
2019-06-10,0.004588896192203373,0.011654590362701889,-0.009412291840372844,-0.00995334973762707
2019-06-11,-0.00024260671072073858,0.0013652208038446023,0.0006132340958155957,-0.0011968524989020013
2019-06-12,-0.0017654834548979093,-0.00577986767802674,0.000765276729971287,0.00519253494403471
2019-06-13,0.004126353550222506,0.005922940383329411,0.0034438599696062777,0.006119340633088832
2019-06-14,-0.001104892733575391,-0.004252525766980431,0.0025161041983670085,-0.00031596300165448454
2019-06-17,0.00038008352891716335,0.006022853355739599,0.0017494910796873597,-0.0006320654488251032
2019-06-18,0.010471446910303106,0.014531353001936864,0.0050122475119069865,0.005060083591572395
2019-06-19,0.0022568261392656996,0.0037553042805602566,0.0014355374493260076,0.006057242183996836
2019-06-20,0.009554432065136842,0.009299070971952927,0.002640500291808179,0.025177896911959374
2019-06-21,-0.0014535049320770765,-0.0014823927074836263,-0.010986550864205302,0.006635612181659978
2019-06-24,-0.0012241965878545535,3.1841146552302746e-05,0.0074565917781335145,0.014850786310930397
2019-06-25,-0.00980823067937564,-0.017166404324296503,0.0030959560078331894,0.0019411266395166216
2019-06-26,-0.0009976588055830016,0.004650586518778921,-0.006399707988375081,-0.009165393111099984
2019-06-27,0.003545978088846269,0.003821443340771058,0.0070475466998254355,-0.000977700846950591
2019-06-28,0.005146387967723154,0.0012869065058962459,-0.0006769678609508389,0.0027100317696175935
2019-07-01,0.009078428962157714,0.013494426050241426,-0.00233882907406191,-0.019369383559800002
2019-07-02,0.0026043743862960156,0.003962947051232124,0.007713519764672938,0.021359735486276676
2019-07-03,0.007994921145270784,0.007525806280383129,0.007129012750430652,0.001649060899963084
2019-07-05,-0.001137965148215514,-0.0020368965164516695,-0.013263302623213957,-0.011150231525253074
2019-07-08,-0.005494907835610685,-0.00701379289753612,0.0013592859493207765,-0.006432617734537516
2019-07-09,0.0012462419816765546,0.0050076111119885525,-0.0003773237327381329,0.0035037454291328984
2019-07-10,0.004778440591810096,0.00996523620709433,-0.005506950215735662,0.015787490178783115
2019-07-11,0.002344099989515236,-0.0007269257346687041,-0.013350295674760315,-0.008443584154164463
2019-07-12,0.004476634310010219,0.005768544749757298,0.001153133638123638,0.006254723814186791
2019-07-15,0.000333034072259597,0.003203765777082923,0.005759389419976557,0.0
2019-07-16,-0.0032253554307208887,-0.0051507878747293345,-0.002977314879963222,-0.008462554430785363
2019-07-17,-0.006804793285358546,-0.004918343827878813,0.01079756584720215,0.01646531748539748
2019-07-18,0.0036607117556224367,0.0011446171120217397,7.560486212132567e-05,0.014117951186161548
2019-07-19,-0.005555003732741204,-0.007327872745719111,-0.0023487182836392506,-0.014727392803034478
2019-07-22,0.0024567102590400403,0.007957799314006309,0.0018989403879687838,-0.00014876383044060137
2019-07-23,0.007149721485141036,0.006544426466402742,-0.005457121594794612,-0.005652618252780628
2019-07-24,0.004699554020646701,0.00701805911150144,0.004343893653421249,0.005086339018351538
2019-07-25,-0.004777051269614474,-0.00948015271120839,-0.004780353786544955,-0.007070008058076338
2019-07-26,0.006700185287987104,0.010294946669366922,0.002363400281838901,0.001648937368628589
2019-07-29,-0.001821138240570841,-0.0034307574680717545,0.00030462001522812976,0.006659678193005059
2019-07-30,-0.0024546821215314374,-0.00431596141874202,0.002432847115342973,0.003344956160896251
2019-07-31,-0.010940462664038808,-0.013830044144281683,0.008040871029253882,-0.013112972808538625
2019-08-01,-0.00870785272032537,-0.004971520440131383,0.019860418205963182,0.02402219643390402
2019-08-02,-0.007529619599007109,-0.014725041830457974,0.009241530823753896,-0.0038120684590625675
2019-08-05,-0.030072662255124838,-0.0353350324085544,0.01728828893436951,0.013981852270352535
2019-08-06,0.014022341193150822,0.01399880063681569,0.007992718819089806,0.008128386897085838
2019-08-07,0.0005906709313021619,0.005402092080403653,0.0003576216345624328,0.015189695160357397
2019-08-08,0.01962053704851585,0.021763633857339704,0.002141870448096661,0.005034686098196239
2019-08-09,-0.006811610827213821,-0.009401648781898087,-0.0019948824915001495,-0.0033161732510501585
2019-08-12,-0.012173629333831593,-0.011475211644381922,0.020849573858041426,0.009698502260031328
2019-08-13,0.015552183680910936,0.021914839716965062,-0.0034274850896465203,-0.005959518154781018
2019-08-14,-0.029567797709499244,-0.029884646831304207,0.022529792620226585,0.0068415942238304606
2019-08-15,0.002641480699598464,-0.001149075552153489,0.011119360596868022,0.0066549698650941735
2019-08-16,0.014754725938087132,0.016050488307929545,-0.008010337172220328,-0.006402214255277094
2019-08-19,0.012048024585449513,0.015904578371295663,-0.01430281337706063,-0.011696303286335752
2019-08-20,-0.007662427123371618,-0.007748136067988187,0.01034475434696569,0.007795380191040424
2019-08-21,0.008135431515435165,0.00887849240756533,-0.006665757657571381,-0.003164420123660472
2019-08-22,-0.00030772916959698193,-0.003233941476513902,-0.006640096815752838,-0.0025395077899371676
2019-08-23,-0.02568730145300757,-0.031645199534584556,0.016433986081839436,0.019589847185487175
2019-08-26,0.011058002500870634,0.015103541764572626,-0.004042311057316228,0.00013875475282665306
2019-08-27,-0.003923228214677055,-0.002109941268387261,0.015408997766309884,0.00957073902105865
2019-08-28,0.007041457488979441,0.00357825954623725,0.0012881179836741197,-0.002816539407023644
2019-08-29,0.012772724809644753,0.01529012762132309,-0.003789515410780875,-0.007164566813753437
2019-08-30,-0.0004441329915999548,-0.0023945360386110615,0.0002718371820584764,-0.0025672712303844714
2019-09-03,-0.005847085946115382,-0.009708310424213829,0.0012929848763589824,0.013913043478260834
2019-09-04,0.011350620593205463,0.014435520056356621,0.0014934063772205075,0.006243592878966586
2019-09-05,0.012854962275409276,0.018318965608410398,-0.018110092587481752,-0.024001119491110168
2019-09-06,0.0007724034546878755,-0.0009907622737996835,0.00711514246837508,-0.008523132778435305
2019-09-09,0.000503056022706172,-0.002087612528735794,-0.017765248307677117,-0.0037344897557421985
2019-09-10,-0.0002344141838420688,-0.002876701369095791,-0.01752761601363606,-0.008557937047107611
2019-09-11,0.007110791161183627,0.009389248754789303,-0.001777078591529535,0.006063676329913781
2019-09-12,0.0034637661598408975,0.0041573303791733185,-0.006551039799423619,0.002056360685188219
2019-09-13,-0.0006637533644546778,-0.0035709017151460687,-0.02135897626377048,-0.008279177519783909
2019-09-16,-0.003088581925071665,-0.004466279219496161,0.012743523614697772,0.008348294532203537
2019-09-17,0.002531915638182891,0.004799535557777235,0.005423948754020191,0.0019813102518067005
2019-09-18,0.0005980223487629388,-0.0004154653029387889,0.004243607840539676,-0.006285306153149484
2019-09-19,-6.661977774646832e-05,0.0016624691809645764,0.003007850346725016,0.004050828215713009
2019-09-20,-0.004724692307536471,-0.010579029485693336,0.013210635286084793,0.011820485442912032
2019-09-23,-0.00023451786338624103,0.00044118081799604525,-0.0002112579423716454,0.005596383832365381
2019-09-24,-0.007846768040452368,-0.013280923608708362,0.012053918059905744,0.005286918308423871
2019-09-25,0.0059146916449011044,0.011225325399336628,-0.014626924479065995,-0.018545379403875573
2019-09-26,-0.002083269823616174,-0.003682670750696615,0.0064326064500221936,-0.0002820880237280887
2019-09-27,-0.005387062917924124,-0.01240896787547996,0.0024581952700777343,-0.005148429100112373
2019-09-30,0.0046374354625657865,0.009517293646938763,0.0024522331991609914,-0.015525325955691782
2019-10-01,-0.011894548242082359,-0.008156101807298755,0.003010901662793275,0.005472814807717441
2019-10-02,-0.017665131628435637,-0.017194844391247743,0.002443016257833941,0.011673634369571584
2019-10-03,0.008193159756604285,0.01097574177644467,0.009121854756667824,0.004530648552570016
2019-10-04,0.013532566003254587,0.014725357180093379,0.007383226321094671,0.0
2019-10-07,-0.0043149203177207385,-0.0030190285460615085,-0.008288471020678534,-0.008527071931805796
2019-10-08,-0.015525168700672554,-0.014980689044623019,0.002693956441095713,0.00874259511120079
2019-10-09,0.009496882202633339,0.009761673190542997,-0.005648376648215936,0.0009160434363713055
2019-10-10,0.0067633266437689965,0.007744391675210016,-0.0148943579622286,-0.008729359144837523
2019-10-11,0.010367086461551711,0.012878837423955902,-0.012376918828764238,-0.005539370732339566
2019-10-14,-0.0011137951682418379,-0.0001046734794843962,0.0072625481903410005,0.003999125640758994
2019-10-15,0.009900398833176949,0.012716496236852448,-0.012087903052223181,-0.006970593591764218
2019-10-16,-0.0016062801332691334,-0.002480138880546323,0.001216445799496313,0.0057302703836425994
2019-10-17,0.00294917032826314,0.0026420751748394977,-0.00242960051336627,0.0014243781997433924
2019-10-18,-0.004377389042169777,-0.009610185006721172,0.0,-0.0010667370445437419
2019-10-21,0.006779343309694097,0.008868665687637334,-0.0075230828504153635,-0.004770136663166058
2019-10-22,-0.003266670984001574,-0.007963353182787847,0.005847202831911424,0.002932997222985456
2019-10-23,0.002909426517099689,0.0019283269109644507,0.0010044692520052578,0.0023537934253772264
2019-10-24,0.0016342159149012048,0.00972871895466354,-0.002007124366792401,0.007115918371069618
2019-10-25,0.004094931259322809,0.007985921366440163,-0.0048853456275730345,0.0023316740895991117
2019-10-28,0.005636476036086302,0.009865153824970996,-0.009095975605379114,-0.008600036764796815
2019-10-29,-0.00029691363282835503,-0.00774416706500336,0.0006559206301868237,-0.0027730332148816483
2019-10-30,0.0030673502232074767,0.00484590041545685,0.014633600651693612,0.005490226541611021
2019-10-31,-0.0026632897950067402,0.00045705148835972764,0.013489906061478596,0.009998499224238566
2019-11-01,0.009264123936178592,0.009082713619745775,-0.00307787248506608,0.000912763389017579
2019-11-04,0.004017751348257104,0.006184787034279715,-0.01316104860430567,-0.002876007780098777
2019-11-05,-0.001106199181471812,0.0005498391130545066,-0.011246551398707005,-0.016180006273117664
2019-11-06,0.00022794417641636144,-0.0022479468810064906,0.0060515527983386885,0.004290245395359271
2019-11-07,0.003516788957847128,0.003354163653351172,-0.018118545214824033,-0.015521486102876958
2019-11-08,0.002465853332344059,0.003991532185541269,-0.0042069884195851115,-0.006364394703267995
2019-11-11,-0.0019095534771592648,-0.0013419473361135914,0.0006668083064589325,-0.002401934875323586
2019-11-12,0.0021080168300073865,0.002886270527962198,0.004592341593416593,0.0026995120660886496
2019-11-13,0.0003236364644534362,0.0002480622503697738,0.006488735197214712,0.004002059820052306
2019-11-14,0.001455729234580705,-0.0007937758758079783,0.010329533069104002,0.004203521155341949
2019-11-15,0.007236250002723876,0.007347411082013533,-0.0010871950530587648,-0.0025259154943226836
2019-11-18,0.0007377572590392401,0.000788768933491113,0.0018148701898803576,0.0029664162029099383
2019-11-19,-0.0002883996016453949,0.0014772377744380893,0.008332532708900553,0.0005050304911609071
2019-11-20,-0.00371859519256601,-0.005998754742335466,0.010347947236127863,0.0005046655432805469
2019-11-21,-0.0016091827279245408,-0.0022262949965943246,-0.0062591037588922704,-0.005477043362080103
2019-11-22,0.0022238970115446843,0.0006447340921245104,0.001288108094921414,-0.0018840181654777854
2019-11-25,0.00774998983147368,0.011841581434419712,0.002931127081012175,-0.004791662812458131
2019-11-26,0.00226593752263593,0.0019094002729627135,0.0058443872579769796,0.004814733391401704
2019-11-27,0.004457411999188254,0.00698919073763582,-0.002905645702841797,-0.005299919828770094
2019-11-29,-0.003708503579035183,-0.004562472071577117,-0.0021312359012237714,0.006203971517371398
2019-12-02,-0.00849484115699728,-0.010238629480141537,-0.013333536055789241,-0.0005078146228696401
2019-12-03,-0.006706539880194207,-0.007832490760261712,0.020967801672947317,0.00957984896245434
2019-12-04,0.006170419554970552,0.005064162000129047,-0.009985262967522779,-0.0013658431498282386
2019-12-05,0.0017978329193581999,0.0019761658235406543,-0.004864288120022597,0.0005758841931267078
2019-12-06,0.009134203425275045,0.010698401080518005,-0.005534861706736782,-0.009928092682104261
2019-12-09,-0.003144323304219543,-0.004536517945557095,0.002167875670354036,-0.00029060665275248976
2019-12-10,-0.0011149556209838485,-0.0008332202165266533,7.274669963264202e-05,0.0028347098739491816
2019-12-11,0.0028385864448379206,0.005296799436684152,0.007860858562995121,0.00688553265084435
2019-12-12,0.008618985345858476,0.007463984519534117,-0.016457758778111287,-0.003527249493396556
2019-12-13,0.0005994112879270652,0.0032928863137235975,0.011567726091131991,0.004478873140076667
2019-12-16,0.0068699681501074306,0.010039335979984632,-0.008990307797126618,-7.198680622300113e-05
2019-12-17,0.00021904755168700163,0.0005733128019722589,-0.0013789411013183095,-0.00021575647831872935
2019-12-18,6.237530216668397e-05,0.000764206897075459,-0.00821204119301866,7.200752478642158e-05
2019-12-19,0.004098994300561598,0.0062515731756112025,0.0015999628469964833,0.002589559770448613
2019-12-20,0.004384331642726558,0.004030965707833234,0.0013187259287041897,0.0010044438566789715
2019-12-23,0.0015275141431358996,0.002641395039942651,-0.0014636931564780964,0.003081942822633188
2019-12-24,3.0927901836452776e-05,0.0005192911959841506,0.0028582862771819872,0.009431992518777577
2019-12-26,0.005323718396788912,0.008823967420533485,0.0024113209523775048,0.007857298625196796
2019-12-27,-0.00024787217071065015,-0.0008417850146978934,0.0010937957031027512,-0.0003511943393945671
2019-12-30,-0.005513482495470123,-0.006553731438961874,-0.0036405295021536555,0.0021077991140190377
2019-12-31,0.0024296310667473175,0.0018847513469613109,-0.009794300855241467,0.0018929327941459295
2020-01-02,0.00935178893723232,0.016697184236440732,0.011293112534332073,0.0073478173310379535
2020-01-03,-0.007572372535189942,-0.00916009162954412,0.015400633706179612,0.013268521727000326
2020-01-06,0.0038151795405856337,0.006443390618452893,-0.005678906450260146,0.010489502076611812
2020-01-07,-0.0028116460553265776,-0.000139415366738449,-0.0049156849948578385,0.003935150508558971
2020-01-08,0.00532954755576287,0.007516743403662485,-0.006611010463167477,-0.007501524641443713
2020-01-09,0.0067805709905517375,0.008473267204032853,0.0035104555033234064,-0.005651653463197515
2020-01-10,-0.002877697989567274,-0.0025571908157917544,0.00889102272164588,0.006026192495848015
2020-01-13,0.006877275057512344,0.011536751662407418,-0.0030340719279853268,-0.007419483430124996
2020-01-14,-0.0015246902493203374,-0.003937523289951117,0.005143853088796835,-0.0008915435213457945
2020-01-15,0.002259983249740971,0.0004090073320675014,0.006631731305158262,0.005834242779070742
2020-01-16,0.008318098944644525,0.009583636017711283,-0.003150601814200793,-0.0015695082440052577
2020-01-17,0.0031127870321603357,0.004948667700158449,-0.00854818607900365,0.0018454259925253513
2020-01-21,-0.0019581725367692204,-0.00044757313924714826,0.010505577804412525,0.0010915790702048511
2020-01-22,0.00012085936376915463,0.002642226374722112,0.0035133429475211475,0.0003406555206315609
2020-01-23,0.0011468603154118906,0.00321638077639097,0.00700188512035238,0.002248122121045526
2020-01-24,-0.00889331422537698,-0.008415683427478449,0.00808898887672127,0.005845572586286041
2020-01-27,-0.016029552058859142,-0.020655437968600032,0.015554127066831125,0.006825312844883635
2020-01-28,0.01047945256643712,0.015360067839511382,-0.007831588664593991,-0.008926785569624784
2020-01-29,-0.000826216071057706,0.0016253344675232206,0.009779547354898277,0.005417872354848807
2020-01-30,0.003245633577268814,0.0035617928241367114,0.00013880577579228337,6.732120695107646e-05
2020-01-31,-0.018158230344579307,-0.01585816566798426,0.009129376721396465,0.005792420039608892
2020-02-03,0.007428456974036601,0.015109463193204498,-0.0008103450900750486,-0.006495688802043542
2020-02-04,0.01524161420757153,0.022888990905680417,-0.013466491867122121,-0.01300895070524588
2020-02-05,0.011548170449164008,0.00329682502280626,-0.010935228418173848,0.0012293105482077404
2020-02-06,0.0033648743458252195,0.008632028932133773,0.0045070246216878385,0.005388399719282511
2020-02-07,-0.0053297067008185595,-0.004300721573014199,0.012477978462720918,0.002645857569860688
2020-02-10,0.0074651988109672995,0.012085407617794974,0.0027698768793082973,0.0025712490701368385
2020-02-11,0.0017334084928291027,0.00017223554763878823,-0.005040405980808127,-0.0034419552752806837
2020-02-12,0.0064423071532515586,0.009741122164142357,-0.005066263674347038,-0.0008127480224853212
2020-02-13,-0.001067010698953208,-0.0012803713130992156,0.0038361543313196744,0.00569345014846645
2020-02-14,0.0016021758523918628,0.0028634376320526567,0.004377743737291828,0.004178427664004669
2020-02-18,-0.0025768781062093238,0.0003837626538549799,0.006848360116032515,0.012818816524224008
2020-02-19,0.0047812352389864365,0.009585383704327155,-6.85651597568393e-05,0.005831221275388376
2020-02-20,-0.004108134210888625,-0.009283533157972035,0.0078334824135593,0.004084659090851872
2020-02-21,-0.010298507299150494,-0.019209264824848526,0.009341001999878085,0.015025216397275942
2020-02-24,-0.03316529335102936,-0.03856342496040266,0.014928407338641092,0.008985128746405113
2020-02-25,-0.030302295313302086,-0.02719209594164773,0.005324733391253389,-0.017874260693127697
2020-02-26,-0.0036779257361944095,0.005154079025724734,-0.005296530776967567,0.004370503298157802
2020-02-27,-0.044911650025579064,-0.05007393747180389,0.010848217967727614,0.00019483522153040944
2020-02-28,-0.004201837567830324,0.0007781568554345863,0.022584164717610378,-0.03649347478693177
2020-03-02,0.04330670169869144,0.05160322545602036,-0.007357775421940493,0.005526297603759334
2020-03-03,-0.028632770702635812,-0.03206700890303826,0.015525939743200157,0.031434333360162325
2020-03-04,0.042033180288930216,0.04172230481415751,-0.010619287853783299,0.0017545277375516921
2020-03-05,-0.033241639115847765,-0.03038236316786236,0.024892066407235403,0.021600945458936538
2020-03-06,-0.016531068839634844,-0.016872090713387244,0.05204363744611151,0.00038096105467699815
2020-03-09,-0.07809426558987209,-0.06946456886548913,0.027103730437942675,0.0016502348575044845
2020-03-10,0.051744566523107105,0.05445037550965548,-0.05125823883714564,-0.02110133630677158
2020-03-11,-0.04874827498047629,-0.04355463361464984,-0.036798219846526536,-0.0035603512879937016
2020-03-12,-0.0956773519893066,-0.09169149040794378,0.00619691742289552,-0.0398882588306293
2020-03-13,0.08548646933582882,0.08470579560695146,-0.022602844840205027,-0.03051623730778741
2020-03-16,-0.10942388956250249,-0.11978835998041237,0.06476516905840612,-0.011446115323986206
2020-03-17,0.053992141056299126,0.07584189867496627,-0.06668271867972986,0.0135554799295321
2020-03-18,-0.05063279543293042,-0.030415986950850127,-0.0564124520386573,-0.019921988429849713
2020-03-19,0.002124889880024128,0.0060023818690440045,0.027225242314962594,-0.018905499074657994
2020-03-20,-0.04309399019078919,-0.03917611236361074,0.07519585728301847,0.014995707221804766
2020-03-23,-0.025568497515717215,0.0007222480374513562,0.04120935520966551,0.044179590424960224
2020-03-24,0.09060349750904839,0.07743728849202491,-0.0186147832985043,0.048530353360380474
2020-03-25,0.014969994553446497,-0.00740469976141267,-0.002271013211350703,-0.01368964099270864
2020-03-26,0.058390003820846914,0.05266017662190747,0.00492190254646685,0.012822223412266576
2020-03-27,-0.029785770146499746,-0.03439281567637609,0.026692840496163495,-0.006460489804721581
2020-03-30,0.032475782975752265,0.03637325308112693,-0.008228969603497394,0.004400644787818209
2020-03-31,-0.014905403150458962,-0.008539849622200557,-0.008116789764953114,-0.03184668568859872
2020-04-01,-0.045004703720009975,-0.04248958042884421,0.0140106374639275,0.009456223354449733
2020-04-02,0.023075366802955743,0.020295266886863228,0.006345903933136832,0.0163934225377782
2020-04-03,-0.014454342811779486,-0.014192864012143036,0.002379325708865121,0.0049374590529023266
2020-04-06,0.06716602415226736,0.07149486724572518,-0.002611200129854274,0.027710521817620126
2020-04-07,0.0010197382883792017,-0.0004072782738877567,-0.010472477063713015,-0.005354484768834378
2020-04-08,0.033568252770873386,0.02123224546103586,-0.007275907284555072,-0.008907968786563414
2020-04-09,0.015217385480879253,0.001445902591825421,0.0018171989677553402,0.026123560972308058
2020-04-13,-0.009130002431149253,0.010803781477231711,-0.009130628746594982,0.017140343933811808
2020-04-14,0.029492894055479058,0.04349097251158107,-0.00024365148427296646,0.007868093580683189
2020-04-15,-0.021248351293815526,-0.011469839366347045,0.02648872862766849,-0.005101958505246418
2020-04-16,0.004824232183487265,0.018239904172479893,0.011356807936541147,-0.0008649946516461338
2020-04-17,0.027015840879277775,0.009566347318184842,-0.013404347777641545,-0.019417471147623044
2020-04-20,-0.017618157772785525,-0.011844422109784092,0.008045075185838746,0.007126124562213176
2020-04-21,-0.030363295466085294,-0.03689948110883834,0.012591624454218575,-0.006825274631933054
2020-04-22,0.022194369004970183,0.029674513019881,-0.010216641393988812,0.019670860003665247
2020-04-23,-7.173093010781617e-05,-0.002133310237795283,0.005308288650086368,0.00995486708021609
2020-04-24,0.013939096669443263,0.015770756452083257,0.002346987921335586,-0.004285520778353313
2020-04-27,0.014418119328880818,0.00804331528529767,-0.018613717693815368,-0.006640444141094992
2020-04-28,-0.00459824200181036,-0.018834523078934406,0.011510826606946578,-0.004456556273727319
2020-04-29,0.026178474524117146,0.035460531521682714,-0.005188180274857235,0.005533445721913166
2020-04-30,-0.009310644509812782,-0.00041087334408018705,-0.011677181247302437,-0.018116569301821484
2020-05-01,-0.026473720750611163,-0.028184854001532034,0.00856349795624034,0.00617125761149806
2020-05-04,0.0027584071655815112,0.011657207484494725,-0.004703698068812212,0.003504803873276119
2020-05-05,0.009239331044239352,0.011337343158452029,-0.006401404767822694,0.004241037483481591
2020-05-06,-0.006778997047946378,0.006156158286040769,-0.0161360565437918,-0.012855591040204617
2020-05-07,0.012067117301972852,0.0128768992951096,0.016706964545437186,0.015350754880484763
2020-05-08,0.016546437578979223,0.013704797132256363,-0.013001704081362586,-0.006010293229887331
2020-05-11,0.00020526233759010637,0.008938910415777102,-0.007804857955432731,-0.006233636774804485
2020-05-12,-0.019931571207706722,-0.02093705678572433,0.01026422261187876,0.0038890673962401756
2020-05-13,-0.017686148899565324,-0.012515817722806744,0.006996296722368456,0.00962264814750724
2020-05-14,0.01196726969866413,0.011352351467253774,0.009787213862730848,0.008850059782004704
2020-05-15,0.004597145582638573,0.006491531594754241,-0.0025726368561871382,0.0056438144895878395
2020-05-18,0.030459758928522485,0.018631959079230098,-0.021954202888290864,-0.007564144999551381
2020-05-19,-0.010271665899229676,-0.0025062771800539174,0.0037407698504123843,0.00965020617044443
2020-05-20,0.01698820978105453,0.019968266185480532,0.0029941392787828924,0.0023742810342795018
2020-05-21,-0.006903618806520684,-0.010890761335094257,0.002497182332745762,-0.0145763375976391
2020-05-22,0.0018986093498392087,0.0034516370941855,0.00601642298315519,0.005916836449104457
2020-05-26,0.01232079328687763,-0.002699663069529068,-0.01340942142131285,-0.014214859559966153
2020-05-27,0.014878965463074767,0.005457700899685447,-0.00183690054617347,0.0018024320171106112
2020-05-28,-0.0018447231420248844,-0.0013025484985318414,-0.003680789563394238,0.003350344766475555
2020-05-29,0.004455738158808176,0.014652594151065124,0.007141782443306655,0.0073584122707384125
2020-06-01,0.00404191247456942,0.002999703428927525,-0.006733031670101974,0.004603768848692402
2020-06-02,0.008280061620790091,0.006707787795815934,-0.003634927186112469,-0.0064768271714218395
2020-06-03,0.01330774141184321,0.00449850680296171,-0.013297679379181027,-0.01845018380928054
2020-06-04,-0.002626337725312733,-0.00701321774034569,-0.014478797219706685,0.010526269495827023
2020-06-05,0.025629641441572426,0.019827088964421646,-0.007122982630959673,-0.02027532426346157
2020-06-08,0.012087246931560935,0.007760013940848687,0.003842813837216408,0.010822142733466267
2020-06-09,-0.007456434446094562,0.007245020703383398,0.01135836166173032,0.00964183116931494
2020-06-10,-0.0055803803603895474,0.01200156420757792,0.014827530159858604,0.014324773012967418
2020-06-11,-0.0576489034443155,-0.04954906754475985,0.018900913428156585,-0.007214084989501601
2020-06-12,0.011975699625850877,0.00794789225680792,-0.009640757364490993,0.0014163170663434865
2020-06-15,0.009335716830373153,0.012167181648392589,0.0005540381927804372,-0.0017832572551969017
2020-06-16,0.01924768189870063,0.017172829437309467,-0.015333749278591324,-0.0004928345355281749
2020-06-17,-0.004153582547575363,0.0031706581604629136,0.004127718427804572,0.0019106166939522051
2020-06-18,0.00038488653876722623,0.0027092008712077398,0.010588062156429823,-0.001968455156468263
2020-06-19,-0.005714998164599527,-0.00016359715665015262,0.0008012238451526876,0.011032995719469696
2020-06-22,0.0064150800017523935,0.011992453851278562,0.00012336843532412267,0.006462217682632332
2020-06-23,0.0046039612590478285,0.008510815209759937,-0.0068346354838253465,0.008419646377624934
2020-06-24,-0.0255089368895155,-0.020615344764911003,0.010725614826214258,-0.0034839130582626776
2020-06-25,0.010720538102581001,0.009519285085651363,0.0028829447801432817,-0.0006027175913517757
2020-06-26,-0.02375132906899935,-0.02361501936920618,0.010703255591050231,0.004463149702982783
2020-06-29,0.014697352257824425,0.010906690130998653,-0.003146793386249791,0.0005404803669293301
2020-06-30,0.012809469990666456,0.019601449218764166,-0.004856425118946794,0.004440918278166173
2020-07-01,0.007005252431056652,0.011671930412081366,-0.0019417848910233682,-0.004481089931769877
2020-07-02,0.00550667461770904,0.006786721158990483,0.001039158868066714,0.0021606086958432247
2020-07-06,0.015437071229409627,0.02458482117731342,-0.004094724869159405,0.005988741319838731
2020-07-07,-0.010313543024228822,-0.006888991859698712,0.014056022072241436,0.006310260659329048
2020-07-08,0.007648645913134633,0.013171867100427725,-0.0039951856539479635,0.006211565862881185
2020-07-09,-0.005693151281376707,0.00842348018123018,0.015922450891995954,-0.0027044004055614135
2020-07-10,0.010211033233224809,0.006827326596557048,-0.005024873005107455,-0.0025938951172596036
2020-07-13,-0.008659289696195227,-0.020570745897164677,0.0033069960745628624,0.0012411575864292868
2020-07-14,0.012959048516134386,0.007078184288826117,0.0014377921936603588,0.004663568910189042
2020-07-15,0.009187134865373148,0.0020357021879520154,-0.0046672787506397695,0.0008813320073604025
2020-07-16,-0.003293473373731426,-0.006822535206489344,0.0047485899232988515,-0.009451688651900159
2020-07-17,0.0028993374718215836,0.0011578116633681468,-0.0020937660287347892,0.008238009985450212
2020-07-20,0.00808170633396732,0.028371021003739783,0.002458544321113365,0.004820170160796611
2020-07-21,0.002127300627793316,-0.010420897890853764,0.0005976558339424454,0.012050997596656066
2020-07-22,0.005692207443750208,0.0035231043983035004,0.0029891499191356807,0.015202340363078104
2020-07-23,-0.011931927671168685,-0.0261201839173284,0.011681236172502274,0.008825301770064575
2020-07-24,-0.006440357695929655,-0.009495864645809093,-5.899512652274286e-05,0.008578870839228259
2020-07-27,0.00729253610136138,0.017843384950791963,-0.003711459514305182,0.019753770786684832
2020-07-28,-0.006342262644106977,-0.012725185099125458,0.006918481666652987,0.008341131032750582
2020-07-29,0.012298369037130108,0.01152605647516558,-0.0017028159949906696,0.0075102306547618625
2020-07-30,-0.00356770485283886,0.005235540292717111,0.006588650424862008,-0.007400261112961215
2020-07-31,0.007902259364660935,0.01784574396287497,-0.0006427065464221782,0.009087931099623692
2020-08-03,0.0069520997872687396,0.013506775985712594,-0.005035084186893357,0.0011325390830079218
2020-08-04,0.0038626232171652397,0.00371237806712732,0.009532309310566145,0.021277725496817057
2020-08-05,0.006210929436180068,0.002477573406778566,-0.008742972347635436,0.009283241730160707
2020-08-06,0.006684640551152032,0.013244901810266496,0.005586036420187623,0.01327406953286836
2020-08-07,0.0007178114620103315,-0.011542281181470604,-0.006665812532739568,-0.01588530528005727
2020-08-10,0.0029889343300286697,-0.004273135027387132,-0.004473586995871082,-0.003458957447482147
2020-08-11,-0.008254819948026237,-0.018941258883557466,-0.011885137957843628,-0.05369440853432983
2020-08-12,0.013942390525087944,0.025151553622058564,-0.00909592345376442,-0.004668202325739945
2020-08-13,-0.001807819787844278,0.002281062426017,-0.010688775763726066,0.023618065792215592
2020-08-14,2.9785457910991298e-05,-0.0011744223049977576,-0.0039069968823034484,-0.0043092158240957135
2020-08-17,0.003176790757867476,0.01161086779920728,0.002512257325132161,0.02169391289315903
2020-08-18,0.0021603098561113754,0.009625006185847385,0.007152236919232502,0.009008003623491856
2020-08-19,-0.004163665210435097,-0.006727338376989134,-0.006251669363834922,-0.0315654554884125
2020-08-20,0.003113221859047499,0.01387176883171315,0.00903954138703722,0.006913929262821306
2020-08-21,0.003547444554422574,0.006930257123843431,0.0059922206336979755,-0.008010905834894388
2020-08-24,0.01013343254774024,0.006244086869025001,-0.0016243053035348565,-0.005658401286623649
2020-08-25,0.003499055800344486,0.007862334088846179,-0.007654010125856647,0.0012154763574758753
2020-08-26,0.010025758262347306,0.021339262165597672,-0.003826203469174949,0.011808847672626355
2020-08-27,0.0021865771479796514,-0.0031172238582504175,-0.017009391959215026,-0.011561927956646123
2020-08-28,0.006459394576126654,0.005085157019795394,-0.0007442483876816119,0.017380235053033877
2020-08-31,-0.0036225453486220527,0.008033663103774291,0.006641138333962404,0.002386259791001155
2020-09-01,0.009418490880705122,0.017091915194787255,0.011438638348868713,0.0011902895553947967
2020-09-02,0.01446388795353104,0.009468580479192301,0.009519809745826224,-0.013131628719242117
2020-09-03,-0.03441406467670938,-0.050699859450710316,0.002841214865827446,-0.00810423703378893
2020-09-04,-0.00816478067876325,-0.013326112213258301,-0.0189887870251787,0.0027602959130217375
2020-09-08,-0.027322637534932692,-0.0480640842566179,0.0061451960460197075,-0.0019269219593246456
2020-09-09,0.0197471399408109,0.029375414689487345,-0.0026870695353407026,0.00970825655471863
2020-09-10,-0.017363720977525032,-0.019936125584645192,0.0050824522897332525,-0.0032231430104036063
2020-09-11,0.000509418318901611,-0.006940117430640602,0.0021325522264865615,-5.486005292487661e-05
2020-09-14,0.013171007097496634,0.01741555973592157,-6.086136118788055e-05,0.007892586821005798
2020-09-15,0.005052293604275615,0.014173514021865508,-0.0024319074886939296,-0.0023927480714920346
2020-09-16,-0.0039685663218459455,-0.015946613530923415,-0.00298639422700242,0.0028345831622316187
2020-09-17,-0.008795302243407965,-0.01562185411122663,0.0030564227840004232,-0.005489995652194879
2020-09-18,-0.011512677784199732,-0.012762729839822962,-0.0031080066939604967,0.0013117087099276947
2020-09-21,-0.01112960073715663,0.0023979843853831895,0.0050737233433051365,-0.020087296599797022
2020-09-22,0.010184407190895861,0.018579153221794265,-0.0007903471370896975,-0.004846314367596194
2020-09-23,-0.023191086163235286,-0.030534341846106483,0.0013386376635251551,-0.021606497297661065
2020-09-24,0.0026655973647586872,0.004656151607556058,0.0038307783395574724,0.003718800733685912
2020-09-25,0.016166879856216232,0.023248678154957014,0.0,-0.0028499771605223767
2020-09-28,0.016609521685231998,0.020768988639945807,-0.002847158993035892,0.01006056066236427
2020-09-29,-0.005446446967860008,-0.00450936249802858,0.0011544994405860987,0.008432402483858015
2020-09-30,0.007582302386169415,0.006849097725196485,-0.009585009621312257,-0.006004867330144381
2020-10-01,0.006420229195661209,0.015872250134911114,0.0016495403777074813,0.008920516455577454
2020-10-02,-0.009494788689779043,-0.028130899570549373,-0.00373502952841831,-0.0008953758525005462
2020-10-05,0.017733266371961376,0.021326321131816872,-0.019538273855754462,0.004872915921881216
2020-10-06,-0.014216058970520695,-0.017847100548558315,0.005388966557234642,-0.011760774579356315
2020-10-07,0.01740664364037503,0.017298968536823223,-0.007292065833073069,-0.0004512229536247636
2020-10-08,0.008862811400996984,0.005323148400153244,0.005399686137233628,0.0035549310375408982
2020-10-09,0.0089300942115218,0.01527997046970997,-0.00018759203157903137,0.018161347296547614
2020-10-12,0.01608743026773718,0.030870421546903337,0.0031862053879672114,-0.002871682500567352
2020-10-13,-0.006526099515999695,-3.359422342497087e-05,0.0071602661864511585,-0.015728823528417535
2020-10-14,-0.006283476950488476,-0.008352899316447338,0.0022871643097881478,0.003094772946095059
2020-10-15,-0.0012358263931624425,-0.006710724376154276,-0.0017267943445180567,0.003646120384284801
2020-10-16,-0.0006042522754201585,-0.005480801177472738,-0.0027808973680943927,-0.0034652086045857677
2020-10-19,-0.015203855985533421,-0.016325493505500277,-0.00377947959789815,0.0005047466985432791
2020-10-20,0.0040061677704774645,0.0021493377609216324,-0.009515988660316221,0.0048209014703402
2020-10-21,-0.0018931902293384262,-0.0007734847773327447,-0.0034538442395147806,0.007531414803434222
2020-10-22,0.005485286164203851,-3.537269134790133e-05,-0.010396862572213172,-0.009800687777642647
2020-10-23,0.0033954267980336184,0.001970929293495516,0.006112655138097223,-0.001062475196895396
2020-10-26,-0.018480029289240196,-0.014996248634176479,0.009303548650614113,-0.0005037860400700644
2020-10-27,-0.003447357073365409,0.007808226697244125,0.006708685612213161,0.0026323226696718383
2020-10-28,-0.034178904188148174,-0.03898670772724211,0.0009342993352570161,-0.01614344386479838
2020-10-29,0.010163380672022715,0.017486360673586887,-0.00970729880395016,-0.004144728133141373
2020-10-30,-0.010424516188678679,-0.025362557119823825,-0.0098655245059035,0.004561020978312902
2020-11-02,0.011208376313992297,0.0022274268402764363,0.007490343312963832,0.009704919089013941
2020-11-03,0.01765568306609433,0.017297519704119413,-0.005801608871982333,0.005676996717700833
2020-11-04,0.022349178077956333,0.04463857999618326,0.021692733445737522,-0.0005588578456844351
2020-11-05,0.019502713927352255,0.02607075714042839,0.0017379092364915305,0.022983923404670703
2020-11-06,-0.00022834106578495383,0.0007469409888700707,-0.01208417908804349,0.0014213621387162423
2020-11-09,0.012565973700667588,-0.020433481844618795,-0.021015459919779933,-0.04427097823171633
2020-11-10,-0.001466739121731453,-0.017914545171337504,-0.0057669162463210855,0.0033127817282887495
2020-11-11,0.007428487582582521,0.02236976345998709,0.0036084358859411747,-0.004326595410341194
2020-11-12,-0.009700934395633687,-0.004693663276380544,0.017018259236850186,0.006060679556170845
2020-11-13,0.013844750685820584,0.008772394229414893,-0.0013258819535630906,0.006819714153532219
2020-11-16,0.012482404865229224,0.007802614678355857,-0.002402994017977056,-5.650127239831271e-05
2020-11-17,-0.005378416574448264,-0.003171965603041116,0.006528394626783562,-0.0036691725592956637
2020-11-18,-0.01203495703314994,-0.007390229240201718,0.0028963709193079445,-0.005722348480656891
2020-11-19,0.0042102291275156745,0.007824558509245572,0.005148929561902937,-0.0018804594035273237
2020-11-20,-0.00684754967645651,-0.006840365628230427,0.008870151922088843,0.0030257979459697992
2020-11-23,0.005994481545882335,3.440092316409071e-05,-0.0045821454035218645,-0.0196938167555728
2020-11-24,0.01611366800604741,0.014050116501903576,-0.009952092115203648,-0.015328336846880064
2020-11-25,-0.0015420870519436969,0.006146632454416823,-0.0030790240775491196,-0.0004717367343725076
2020-11-27,0.0027853902817258636,0.009214250420835013,0.00970615663678176,-0.010146901518740647
2020-11-30,-0.004427104089079981,0.00204000529031223,-0.0012483387788067013,-0.006674981596057172
2020-12-01,0.01093739747332223,0.012816077492365352,-0.01474505433525053,0.0210595460814611
2020-12-02,0.00210360665032594,0.001285370475564207,-0.007936494947558437,0.00752153069206285
2020-12-03,-0.000272705359855574,0.0014150159187991118,0.008063853778091046,0.007873502810363364
2020-12-04,0.008617692460189064,0.004075213908212749,-0.014665880833055311,-0.002835427586930339
2020-12-07,-0.0020548048150138554,0.005662443028690012,0.009021208969888228,0.014914066598165077
2020-12-08,0.0029261113844378794,0.0033847562914766094,0.004725232825589343,0.003487910186290799
2020-12-09,-0.008968948572033342,-0.022640885685378365,-0.0033041600048492326,-0.017094017094017144
2020-12-10,-0.0003272289972514608,0.004015714120098934,0.008863080146360058,-0.001913054093070632
2020-12-11,-0.0011723829735057478,-0.002214772653769903,0.00353957274918848,0.0018586706605219216
2020-12-14,-0.004477067932864287,0.00725527708879059,-0.0027718055584546875,-0.005507636250083436
2020-12-15,0.013519190712297124,0.010689636027105154,-0.0033469940430437273,0.013990959829817351
2020-12-16,0.001569493578469583,0.0054997949741613095,-0.0026618981034647327,0.005519095329445722
2020-12-17,0.005591927901591909,0.006537525163215596,-0.0026460727381037996,0.010520363984510617
2020-12-18,-0.00399308973785184,-0.0030224371872296096,-0.002997486024869489,-0.0016974258370123785
2020-12-21,-0.003575274745330481,-0.0018706506454907457,0.003965720699468989,-0.003173869592184575
2020-12-22,-0.001685452834906953,0.002718895722616743,0.005161311038394567,-0.007903112071065643
2020-12-23,0.0008986075351327116,-0.005036050079141319,-0.006909368172417052,0.00664787877129025
2020-12-24,0.0038905894954801568,0.0044124279411110745,0.003957349053941295,0.003985267471422693
2020-12-28,0.008590699236773247,0.010078915162683444,0.0004450532841973054,-0.003629142996869339
2020-12-29,-0.0019077059492911275,0.0008952323804674034,-0.0012706310995932446,0.003642361648136694
2020-12-30,0.0014265292214972192,3.246612482521449e-05,0.002163558314374203,0.007655178894261816
2020-12-31,0.005081087305031762,0.0024601869342810723,0.001460200600079009,0.003714145601823482
2021-01-04,-0.01361398779149936,-0.014120032952643968,-0.001204681454400669,0.022258360658879317
2021-01-05,0.006887140205017683,0.008244136285125547,-0.007426290485652687,0.0029616260665272787
2021-01-06,0.005978473095894943,-0.013852636192850265,-0.020528134667471054,-0.01624105266038789
2021-01-07,0.014857490724707656,0.024192447055359168,-0.008814979695266567,-0.00233462025122122
2021-01-08,0.005697674893580418,0.012857778426497823,-0.0032277093779732313,-0.03420993723985433
2021-01-11,-0.006740695259234708,-0.01444997516418245,-0.0016522632244262425,-0.0019614419353504164
2021-01-12,0.00021116000185839034,-0.001590377169381596,-0.0007939873915314699,0.006473960214956609
2021-01-13,0.002693091671848835,0.0067535102934566105,0.011261915771556108,-0.004307374345463466
2021-01-14,-0.0035021129880600244,-0.005347534851232183,-0.00936735742008954,-0.0005190998467168306
2021-01-15,-0.007292451634381081,-0.007921133770805389,0.003967698918286189,-0.012407628760563338
2021-01-19,0.00785177041711993,0.01458984882688985,0.0032270708814989835,0.00847307255811236
2021-01-20,0.013838663838024345,0.023260941780628874,0.0009847208564830456,0.016282289539807593
2021-01-21,0.0009119013989553615,0.007999619515909995,-0.007017942603862792,-0.0006271772092728556
2021-01-22,-0.003539498533026264,-0.0028801973644391188,0.003236419935661816,-0.007873145210082533
2021-01-25,0.0039437816210310395,0.008265857195426607,0.011785499441578029,0.0008626173693986328
2021-01-26,-0.0015610299986560383,0.0014632410573034438,-0.0018872005254838564,-0.0024705999829396363
2021-01-27,-0.024440431700577303,-0.027876579760721,0.0025423900048933135,-0.006335623059913753
2021-01-28,0.008600241240766415,0.005916581086618411,-0.005527545206558293,0.0009273614616172043
2021-01-29,-0.020019487881235642,-0.02103806649729889,-0.006016040408990064,-0.0004053281700162614
2021-02-01,0.016645434230983636,0.02498710970493767,0.0011592814330680934,0.009385291185094458
2021-02-02,0.014140128492964088,0.016314031452862254,-0.006447196292999502,-0.012167796413785958
2021-02-03,0.0007863247538504314,-0.003967153429468739,-0.008873037825733565,-0.0015106298641213156
2021-02-04,0.011365743471086764,0.01182656218835576,-0.002672486388104023,-0.021530474690833024
2021-02-05,0.00393583059607705,0.0033913794007884857,-0.008373745261174625,0.009872160109213546
2021-02-08,0.007222058871018566,0.0067000306442743796,0.004390981120121484,0.010070118005137685
2021-02-09,-0.000665940794294495,-0.0002099985016322803,0.0007402045228157572,0.0032649110578624185
2021-02-10,-0.0004356447948213882,-0.0022786784800181703,0.006653456021367576,0.0036611162023989507
2021-02-11,0.001615291107148531,0.0054993741228237525,-0.005474302704537193,-0.008685078696598514
2021-02-12,0.004939504873982203,0.005589448913119854,-0.012419158245541517,-0.0030372306060941767
2021-02-16,-0.0008658182296945593,-0.0027050047934538135,-0.015227445092344305,-0.014353488272303538
2021-02-17,0.00022928203731442665,-0.004798273701062783,0.006350969850789756,-0.011352850687983307
2021-02-18,-0.004255859395171591,-0.004372274356577832,-0.004047076969314056,-6.0088418961767864e-05
2021-02-19,-0.0017659492403012678,-0.004361103963878121,-0.013292152156780035,0.004148551901348441
2021-02-22,-0.007691608500067115,-0.02591957407043577,-0.00760781965376911,0.014969164015496528
2021-02-23,0.0012143749301936069,-0.002977648212789674,-0.002883557462148967,-0.0023007456922117253
2021-02-24,0.011019255170180875,0.008243194961935707,-0.006560010397946292,-0.0007095264939214196
2021-02-25,-0.02409582926816345,-0.03486246427431716,-0.016330464081986018,-0.018816524708764826
2021-02-26,-0.005152561173899062,0.004187548933751062,0.033058742225843485,-0.024182906697045592
2021-03-01,0.02424018833123509,0.030082179281274657,-0.013207489406339867,-0.0017304170540851649
2021-03-02,-0.007803248564086207,-0.016038951097571807,7.076423684737598e-05,0.005447934683729505
2021-03-03,-0.013245923873783205,-0.02902026394905588,-0.010846258274049725,-0.011021541189334294
2021-03-04,-0.012374712899249185,-0.016366754936538053,-0.006449140733707059,-0.009836893780889033
2021-03-05,0.01839677327235334,0.015060624140704082,0.0019476248982051025,0.0006288110395962221
2021-03-08,-0.004978876789718645,-0.02831382873290822,-0.007774695642335683,-0.010368190918767173
2021-03-09,0.014277615574758373,0.03944130377881416,0.013857338072839731,0.02127113294736649
2021-03-10,0.00622455915152309,-0.002854765259674763,0.002003529484139621,0.005098279923459348
2021-03-11,0.010139055755080895,0.023031499020109036,-0.007213184273744733,-0.000866011298261804
2021-03-12,0.0013467777801590142,-0.008112590255505814,-0.021221786388615493,-0.00018572795011984056
2021-03-15,0.005963637579796455,0.010683029286630452,0.0058805763368046104,0.004396503999798185
2021-03-16,-0.0012612750089847635,0.0054889822001238375,-0.004019114019785719,0.0009248406787658592
2021-03-17,0.0034097847582215124,0.004117615792872176,-0.007482938985266863,0.00714498527693741
2021-03-18,-0.014549723262488823,-0.030630544791460546,-0.01012627891546547,-0.005810023730399405
2021-03-19,-0.0018503020238272994,0.003524969460646732,0.006197674621740035,0.004183119739068708
2021-03-22,0.007985002182572254,0.01875311500565613,0.011205856297895833,-0.0014702614866924923
2021-03-23,-0.007870804111569152,-0.004362581837356605,0.009026843454947642,-0.007300628474884996
2021-03-24,-0.005083610528690774,-0.01686533739119278,0.005382266866027718,0.0034608341081703298
2021-03-25,0.005625595012412443,-0.0017315125790574593,-0.007885620962534423,-0.003633653726877295
2021-03-26,0.01611520510962028,0.015000247498769381,-0.0034997960894125324,0.0028434090575977233
2021-03-29,-0.0005050677201268172,-0.00028493006198648807,-0.008488048737685161,-0.011896005111092234
2021-03-30,-0.0026530699115535628,-0.00503293790555126,0.005239968823847807,-0.017091823816998808
2021-03-31,0.004053420523348006,0.015302825005810261,-0.005579343637535539,0.015167857324082767
2021-04-01,0.01079898770728227,0.017046435335965393,0.01659622622952739,0.012628087827510459
2021-04-05,0.014353164863384116,0.019964738180309194,-0.00436257825203179,-0.0003704010382533651
2021-04-06,-0.0005905996704020922,-0.0006944593850259917,0.006792307877626413,0.00802867506459215
2021-04-07,0.0011571532122605088,0.0024178646675963034,-0.006964768303903246,-0.002818323186048577
2021-04-08,0.004746840810650799,0.010433673614846484,0.008255601348237995,0.01075202788807239
2021-04-09,0.007270068030929444,0.006058528373046768,-0.00362321702928603,-0.00753747660190629
2021-04-12,0.0003645629199446887,-0.0013054289634525373,-0.0004362844766677698,-0.006063609158189043
2021-04-13,0.0029637865176992406,0.011673044302658253,0.00749353019942367,0.007086479573175097
2021-04-14,-0.0034151060894983543,-0.012008303412273102,-0.003177031003360531,-0.004344315528953313
2021-04-15,0.010742400523846563,0.015155803279769398,0.016734580447747005,0.016162763416190717
2021-04-16,0.0033424548624083616,0.0011711627353454546,-0.007766603298996477,0.006047777218550321
2021-04-19,-0.004913120601704346,-0.00915184268844993,-0.0028723192323147906,-0.0027652942409929215
2021-04-20,-0.007321398784451816,-0.007288735613242392,0.004609028322028363,0.0035565515706876827
2021-04-21,0.009462199247823655,0.008560745054523977,0.002007124767499313,0.009911155680072392
2021-04-22,-0.009133243985180228,-0.012054295182684638,0.004363961951505901,-0.006483147356353358
2021-04-23,0.010842590936022134,0.01258948045746533,-0.0023507302600330737,-0.003831414124593202
2021-04-26,0.00208732238492515,0.006511041705392406,-0.001428022124595918,0.002644245538133694
2021-04-27,-0.00021546927872040378,-0.004332448270991995,-0.00872293359313392,-0.002517371003141977
2021-04-28,-0.00028740672456240013,-0.003380607608813091,0.0006494891716120055,0.002944390689552989
2021-04-29,0.006372995324324782,0.0035987341261438655,-0.0029554106138536262,-0.004133978948338446
2021-04-30,-0.006570616596605849,-0.00655446054665676,0.0023131793995747607,-0.0033690142851713345
2021-05-03,0.0021567653461969094,-0.005325698685009206,0.0005998588940496763,0.012978352341882271
2021-05-04,-0.006169510329424255,-0.017995677220327244,0.00678576120194152,-0.007329692780131181
2021-05-05,0.0003128201833888511,-0.003362161634815619,0.0016494670064615136,0.004142168530566259
2021-05-06,0.007985992186917423,0.007537105573690139,0.0016462268031078864,0.01667957921247054
2021-05-07,0.007277782205367567,0.00811461283403414,-0.00493121743492464,0.00899681760120985
2021-05-10,-0.009902313439082877,-0.025254301699368153,-0.010127230054537306,0.0030305045955998366
2021-05-11,-0.008924697335838894,-0.0013815794565393835,-0.0056594159548585266,0.000174300035968189
2021-05-12,-0.02124538825402733,-0.025883030163704523,-0.01050770682218194,-0.009933813872024522
2021-05-13,0.012012536962524578,0.007731374107271094,0.0015479902270971735,0.004107329913244362
2021-05-14,0.015355196374356561,0.02207686881402604,0.009351795447048117,0.009115862292308208
2021-05-17,-0.0025445669734790455,-0.006066598955324465,-0.002115717698214503,0.011639321781340195
2021-05-18,-0.008615413456702137,-0.006750613641368863,-0.0025584095952699837,0.001946172546249958
2021-05-19,-0.002621777695541394,0.0011484304832298786,-0.002418662572331587,0.000685616890880425
2021-05-20,0.01075806585173944,0.01934324599792636,0.008228240375443674,0.004567270124640199
2021-05-21,-0.0008187902638767675,-0.005534816459559444,0.0032069420989750963,0.0004545724551812125
2021-05-24,0.010193879272007544,0.016819160439382586,0.00370413122273594,0.001761036294059215
2021-05-25,-0.0022184386441419512,0.0013835783897906406,0.009263163721084045,0.009072814229376336
2021-05-26,0.0019847489120274897,0.0034836022904736197,-0.001720709496479511,-0.0017420486873281904
2021-05-27,0.0005247281675349047,-0.0037410729326242675,-0.004022216027592562,0.00039409662496781017
2021-05-28,0.0017887480557214896,0.0031543244578391416,-0.0015869995488336786,0.003770176937892389
2021-06-01,-0.0008808150032832973,-0.0033239083575249406,-0.0002241574452289674,-0.0026909461441234628
2021-06-02,0.0015726384541208116,0.0019527987622078857,0.002314918094453944,0.004890446350902078
2021-06-03,-0.0037115432785245206,-0.010405370272241865,-0.0037534001092466296,-0.019578228541437537
2021-06-04,0.009146036627277754,0.016969686551570717,0.013694571400485911,0.010783359066451448
2021-06-07,-0.0009702075187235648,0.0029795414648237095,-0.0030733681176046135,0.0040076283608136976
2021-06-08,0.00021305399483639853,0.00047515687901222847,0.007026575985083605,-0.0030920774052216604
2021-06-09,-0.0014918379750261668,0.00023760597984723297,0.008828656852798211,-0.0019175027218333307
2021-06-10,0.004648562882590301,0.01042055624015692,0.005999190960942036,0.004294325821970535
2021-06-11,0.0016522810789589837,0.002614800908360637,-0.0016137484006080172,-0.011252390785353672
2021-06-14,0.002239086099942389,0.00958273218645811,-0.007659319055375868,-0.005860923791407013
2021-06-15,-0.0018342190900259014,-0.0065310210923760215,-0.001203818450799865,-0.0037777095572453234
2021-06-16,-0.005583249030530646,-0.0036521157833867557,-0.0008509879270984788,-0.016891711518855712
2021-06-17,-0.00033166164350595384,0.01269733509651072,0.014972486094277704,-0.030740427140865334
2021-06-18,-0.013490647431847469,-0.007846862705911062,0.01880589520561271,-0.005547261946798776
2021-06-21,0.014316037404659365,0.006214850151176954,-0.016743364511677572,0.012247646651096789
2021-06-22,0.005346292174995604,0.00932146281141022,0.0024424126107012167,-0.0041928539145718036
2021-06-23,-0.0012053942805932971,0.0004889705399551136,-0.0025759371019022925,-0.0006616578066259704
2021-06-24,0.005915969042204594,0.006183146790376126,0.0016057175839785387,-0.0006019387497473438
2021-06-25,0.0035518983883553457,-0.0012290300846520275,-0.010383635230447719,0.0033124733437563947
2021-06-28,0.002015884924605693,0.012161661625955444,0.010281261529188068,-5.999463986816611e-05
2021-06-29,0.0005380856601435724,0.0036187032010153164,0.0016726940919558064,-0.010505462725200698
2021-06-30,0.0008415551289784329,-0.0015774188182190452,0.004452899438391,0.004853503869870712
2021-07-01,0.005536624506529586,0.00039504436033754864,5.600938983185699e-05,0.0034413575356286863
2021-07-02,0.007643376427391546,0.011478573710822282,0.006034246589646575,0.006558341503640763
2021-07-06,-0.0018211808823327402,0.004321862171391633,0.011720773504246829,0.004961455343207799
2021-07-07,0.003534082666928118,0.0021101200378204066,0.008859397769861665,0.003806801143447114
2021-07-08,-0.008148164611775699,-0.006039965388237256,0.0039184083595340535,-0.0006518168637834609
2021-07-09,0.01067509853656623,0.0062438121656902545,-0.01406287562411157,0.003320562334123478
2021-07-12,0.003581760200342954,0.003905645424211901,-0.0012965990177875586,-0.001241101031467462
2021-07-13,-0.0034090110827309505,0.0,-0.007653656369395634,0.001301782371024407
2021-07-14,0.0014923358757423788,0.0017936617581777448,0.011361514546935458,0.010755182911599048
2021-07-15,-0.0034155750070251623,-0.007023514019890764,0.011030560081382923,0.00017547964957964624
2021-07-16,-0.00784374549425848,-0.008099652133627289,-0.0018854953140953201,-0.00970365108457183
2021-07-19,-0.0147677626242394,-0.008193432578099902,0.021928440026760976,0.0011805498135817327
2021-07-20,0.01433032796639555,0.011616636269952574,-0.00963975839522746,-0.001297100524211059
2021-07-21,0.008096251374636765,0.00772047524465469,-0.012666291299762045,-0.0037192566567244567
2021-07-22,0.0020940747251734226,0.006610046438268569,0.009452730157950118,0.001955450591350383
2021-07-23,0.010288083011854132,0.011677554704563109,-0.006689002399060118,-0.0031344183025339145
2021-07-26,0.0024547963094947445,0.0007873854860660501,-0.0029628796794375356,-0.0023730060647713103
2021-07-27,-0.004557339408004513,-0.011017884703159009,0.010671505166633066,0.0016650735799190741
2021-07-28,-0.00041023545666096783,0.0038416981280056106,6.609212449526503e-05,0.005046252863966982
2021-07-29,0.0041473759964338885,0.0017767703857489714,-0.00554588456480809,0.011105233370970247
2021-07-30,-0.004856294898442859,-0.005211772212991961,0.0047039300634332815,-0.007886842666167015
2021-08-02,-0.002098154642088512,8.237189615956098e-05,0.008919103049481736,-0.0012366429443513294
2021-08-03,0.008135512737251105,0.006061346985566374,0.0005310153164050924,-0.0007074766626713469
2021-08-04,-0.004919053941902396,0.0014448054455675763,0.0020565620450720967,0.0002359625041987723
2021-08-05,0.006332913028143317,0.006343053618902195,-0.005097071785193696,-0.0039520921003340925
2021-08-06,0.0016524375695585736,-0.00438228804245222,-0.01670129821308497,-0.024991124040327772
2021-08-09,-0.0008135746084829698,0.00184747522979678,-0.0035860028052896453,-0.017735654639032372
2021-08-10,0.0012440102899780037,-0.005125675124003637,-0.0046184600025768185,0.00030919522248562537
2021-08-11,0.002484929302334349,-0.0017173896124100807,-0.0006134501700898465,0.01378497662510525
2021-08-12,0.002996784370488781,0.0036043504231106915,-0.0016388619813073602,0.0002438615008097944
2021-08-13,0.001820025516685586,0.0035102111222748977,0.01579595251188226,0.014325811995228088
2021-08-16,0.002354636417623013,0.00043391297928119243,0.002423547647297797,0.004988291568599701
2021-08-17,-0.006555333959673448,-0.008808093761674352,-0.0004027848576880766,-0.0014950364679763295
2021-08-18,-0.01094521282485228,-0.009624844848372116,0.0033587500630558598,0.0007786122169375354
2021-08-19,0.0015485581460590314,0.004831468280898754,0.007365197938779433,-0.002932408589264246
2021-08-20,0.00795704705258471,0.010358372568086027,0.0006648001868418962,0.0005401616803368814
2021-08-23,0.00879672556769262,0.014956505333372894,-0.0006643585211727476,0.012177557387281546
2021-08-24,0.0015871810049408186,0.0030544680577586636,-0.0077767569961497696,-0.00047414113127741686
2021-08-25,0.0020984930439329474,0.0011486641870452896,-0.008306521103749742,-0.006937433805443538
2021-08-26,-0.0059032740679879625,-0.006349920371934714,0.0027695239961804674,0.0011344784228162208
2021-08-27,0.00894112538458236,0.009720057476122035,0.006803985944166424,0.015029547921398434
2021-08-30,0.004397466789267668,0.011222168294352741,0.0026088329135467436,-0.0049356385559711224
2021-08-31,-0.0014815050724973355,-0.0008152278739060881,-0.00680658238415377,0.0020076547129428413
2021-09-01,0.0005312712845586542,0.0016578833342584254,0.0016751318204266674,5.8898619200498104e-05
2021-09-02,0.003076752316837794,-0.0004726960739591668,0.004366250086721646,-0.0026517204262498373
2021-09-03,-0.00024275897854297845,0.0030756739249415688,-0.009095116155595329,0.01069422486613747
2021-09-07,-0.003575369318405519,0.0014150685788116846,-0.008435619371626957,-0.01958371853465668
2021-09-08,-0.0012184460183822798,-0.0034806493246835046,0.006805498733465365,-0.0025044029033459703
2021-09-09,-0.004280180696639824,-0.003439981693993399,0.012100847553351501,0.004423489287242344
2021-09-10,-0.007884507821007136,-0.007589570570264659,-0.008816359995470147,-0.005058656845151166
2021-09-13,0.0025590368192225377,-0.0006906021930755957,0.006064895621965105,0.0033497597913456634
2021-09-14,-0.005396366462707358,-0.002843362851844611,0.01212305156099136,0.006438546534438316
2021-09-15,0.00835251490738842,0.007435063047673829,-0.0035075832312478905,-0.005864266379652205
2021-09-16,-0.0015851305125381687,0.0006877686752508883,-0.004582454166845773,-0.02264197706190263
2021-09-17,-0.009741092515563987,-0.011842375907297198,-0.004803371431215231,-0.0015850424237688898
2021-09-20,-0.01667420410759224,-0.020663300771005644,0.012402068701446112,0.0071441542310690664
2021-09-21,-0.0009446378047718307,0.0012305685894100638,-0.0008608008907396991,0.006669036185550814
2021-09-22,0.009754936215785825,0.009340380196738218,0.005964330185985078,-0.0037340107339023376
2021-09-23,0.012149979332359617,0.009227144246883867,-0.022597122478580256,-0.011546389089901132
2021-09-24,0.0016471838626193058,0.0009382119681249357,-0.009773600892086232,-0.00128427290155253
2021-09-27,-0.002860797199607301,-0.007982023833126628,-0.0036755119688770543,0.00208203509820426
2021-09-28,-0.02015188233431331,-0.028297503125030987,-0.015576596523887765,-0.009716428402719801
2021-09-29,0.001683186200611475,-0.00163949509073269,0.0017352398970893468,-0.004504756024632184
2021-09-30,-0.01222243659998734,-0.00367409248007855,-0.00013921933514449147,0.01797665363761114
2021-10-01,0.011884252151281194,0.006201730427023655,0.008415807681058762,0.0022530453929923144
2021-10-04,-0.012896037625039547,-0.02098946087786091,-0.0025454138182876562,0.0046783175745395145
2021-10-05,0.010404845688757769,0.013498967801524708,-0.009657432608781269,-0.004656532835140448
2021-10-06,0.004156130750530895,0.006407734222926509,0.0056423093180464345,0.0026733243283083574
2021-10-07,0.008645632382363377,0.009174966396747752,-0.010457652033172171,-0.005271739220885419
2021-10-08,-0.001823706804952363,-0.004986497249465427,-0.006998943723706019,0.00042636491147840516
2021-10-11,-0.0072396728678033595,-0.007669763883234704,-0.0025372608332965285,-0.0018875818465466931
2021-10-12,-0.0024616479823118542,-0.003487654805698237,0.017099762950562925,0.004514430828637339
2021-10-13,0.0035974798603508606,0.008007983683984143,0.009726201467581408,0.017794197805277356
2021-10-14,0.016820832261784435,0.018416610323185534,0.00371538205946198,0.0024464685904206362
2021-10-15,0.00761583915215569,0.0063007853790424395,-0.005826316465018633,-0.015892846243722114
2021-10-18,0.0029605518323427837,0.010055702325029392,0.0046885445776174706,-0.0024799108302698825
2021-10-19,0.007714726580820841,0.0075673568506082756,-0.013794763192497617,0.003213671993580469
2021-10-20,0.0039278962523918715,-0.0013049871226421539,-0.006749957509942894,0.008763958748792211
2021-10-21,0.0026080636782381816,0.006106730174111341,-0.0011914384806290812,-0.0008987052245035265
2021-10-22,-0.0010361381597153718,-0.008402150394424823,0.011013278494133916,0.006116967151190034
2021-10-25,0.005362773549228761,0.010237658273198447,-0.0015268439742164297,0.006914158513320778
2021-10-26,0.0008998909945794331,0.0031487564882888286,0.00827010914954962,-0.00739951491266011
2021-10-27,-0.004430146723385264,0.0023211038986350463,0.018193618878025175,0.002624060476058121
2021-10-28,0.009649126779255779,0.011105420026842783,-0.0033843247115872277,-0.00023788536339730548
2021-10-29,0.0020289623338449747,0.004919312263597986,0.0030567232169103065,-0.008507900517562339
2021-11-01,0.0017201312190637807,0.003418705416555312,-0.007200144849741186,0.005220584505493342
2021-11-02,0.004043179448625089,0.004181071724975727,0.004438625626643988,-0.0021490007233168074
2021-11-03,0.006105123751916741,0.010615696323906576,-0.010334087671228898,-0.008315382622616663
2021-11-04,0.004712649230498744,0.01281858220985077,0.010511091888755875,0.011340951773961994
2021-11-05,0.0034695674372056118,0.0009541530411258936,0.014955493240057516,0.0130629437586407
2021-11-08,0.0008538596951341848,-0.0013545303007821419,-0.0018754609988933524,0.003591619309376348
2021-11-09,-0.0033054399797713963,-0.006883500106007134,0.013018450907413603,0.0049281100201232775
2021-11-10,-0.00804467498421213,-0.01469694822136658,-0.018283367267033945,0.010858781500706183
2021-11-11,0.00032331566193422034,0.002772604606369411,-0.0014841251168498104,0.005602086369596027
2021-11-12,0.007546917329563696,0.0105225609838564,-0.004392678974707187,0.0018952552280546708
2021-11-15,0.00034236706148149665,-0.00022783966492589958,-0.012556926821645997,-0.0015477459282561279
2021-11-16,0.003957827107615053,0.007120894973293268,-0.0025430845509625266,-0.007233864736584827
2021-11-17,-0.0024292040132970483,0.0005283565176985583,0.007925025487863335,0.009137183945092442
2021-11-18,0.003396259054942563,0.010361247556613495,0.0037605495272050593,-0.0032091550635745536
2021-11-19,-0.0017881704015322297,0.005575531713566173,0.010557538709635494,-0.007646325240812324
2021-11-22,-0.002815065492337898,-0.01160899915754332,-0.011728335006825685,-0.022420457120115533
2021-11-23,0.0013260915045705257,-0.004558003153323442,-0.014459000533266542,-0.008652404091134991
2021-11-24,0.002669717267686389,0.003220447587630737,0.016055298890680136,-0.0009565020521100642
2021-11-26,-0.022303206703257472,-0.018958807930413712,0.02526947599104834,-0.001615539860939763
2021-11-29,0.012266726041743947,0.021702338760224205,-0.00803889973055305,-0.0013785494630753625
2021-11-30,-0.01945774783697063,-0.014686204532393554,0.015202612126901771,-0.006721853018899604
2021-12-01,-0.011107292810097924,-0.017012858508501316,0.006168855725260158,0.003987937535404162
2021-12-02,0.015316597085605954,0.007207011391350493,0.001247240192416399,-0.005536820827328315
2021-12-03,-0.008701496669411446,-0.017388538647935103,0.011931983946598335,0.008412002804647267
2021-12-06,0.011843272925414094,0.008012817356284119,-0.013735064688500942,-0.002460563224478851
2021-12-07,0.020684886292865023,0.030113995988719333,-0.008079983504233113,0.003549490636251651
2021-12-08,0.0026479529699361404,0.004473992851696584,-0.01728469162040025,0.0005395140531609943
2021-12-09,-0.006751567285927518,-0.01471416861917918,0.005593465573033418,-0.006111378376110088
2021-12-10,0.009413483396057742,0.01087044802285031,-0.0024124146968999005,0.004219899491422874
2021-12-13,-0.00885838546737372,-0.014446881119915322,0.014779011018401178,0.00252130006200435
2021-12-14,-0.006879923622141071,-0.010350306919653995,-0.002383329800073386,-0.009341302746070368
2021-12-15,0.01562503850946828,0.022797483356509662,-0.009621493655983637,0.004291534360497673
2021-12-16,-0.008818656661312763,-0.025714585515257515,0.0003891599691077108,0.012097561477355745
2021-12-17,-0.010642810445675166,-0.004989142234934185,0.011331286838083487,-0.002140821851282393
2021-12-20,-0.010633355409267242,-0.009700330094688958,-0.007491488132562618,-0.0042312675861405635
2021-12-21,0.017758966436085766,0.022380364065734737,-0.0038080777226574547,-0.0004188884251822289
2021-12-22,0.009998653252367484,0.012178330644779356,0.004627060985794573,0.009400024100517657
2021-12-23,0.006222141145135307,0.007539277516262377,-0.008677423592192368,0.0022540179789249937
2021-12-27,0.014152233968346195,0.016527347191305886,0.002424349821538385,0.002367247994286892
2021-12-28,-0.0008172525028188327,-0.004635083942161833,-0.003963064684858519,-0.004310065233419702
2021-12-29,0.0012793140045985751,-0.00014927172755929696,-0.010924812404324191,-0.0002965076609273698
2021-12-30,-0.0027647531527794644,-0.0029881482138406357,0.008386227994896522,0.0071772153754725565
2021-12-31,-0.0025201070482148147,-0.0062445876579777515,0.001960800042668298,0.00683158799329231
2022-01-03,0.005789887668909088,0.009626703859727304,-0.026249679146345684,-0.015383743445999576
2022-01-04,-0.00033473345572410107,-0.012970535277524675,-0.004158390649596222,0.007366515057776857
2022-01-05,-0.019202281906310015,-0.030721377321419996,-0.005427611852675596,-0.00300766493835114
2022-01-06,-0.0009395128389213525,-0.0007022016837967548,0.0025886664682810423,-0.012244126909514819
2022-01-07,-0.003953291748553522,-0.010832936995732623,-0.007188733502499045,0.004551137683908024
2022-01-10,-0.0012442353139457962,0.0006580600785703883,0.002460875235058113,0.0030402057039400354
2022-01-11,0.009108006922923462,0.015021909895143182,0.006661424860576526,0.0120646549718888
2022-01-12,0.0027035869871498974,0.003965506281282227,-0.0038314657245820394,0.002642622730480104
2022-01-13,-0.013778521058144144,-0.02501583544979369,0.00888076677824512,-0.0033969884760131075
2022-01-14,0.00040883520812373675,0.006222380396645466,-0.015108775576280209,-0.0028796749096049457
2022-01-18,-0.01770958199778061,-0.02489402472668234,-0.014075621066886423,-0.001650255097062403
2022-01-19,-0.010383519477548342,-0.01098367373054987,0.006924088304024023,0.015880526897095182
2022-01-20,-0.011068045759169642,-0.01298841628569991,0.0061667492700512305,-0.0024988838330701757
2022-01-21,-0.019630653154967703,-0.027728661203288762,0.011907229071872028,-0.0032624385581478954
2022-01-24,0.004246729450409825,0.0045776802860082455,-0.00821628600642954,0.005494198734739664
2022-01-25,-0.012208917624605298,-0.02318133383488641,-0.0016142989593174173,0.0031971345443269072
2022-01-26,-0.002508977793982403,-0.001564571705092832,-0.012093927576786068,-0.016166464916677392
2022-01-27,-0.004937921302962445,-0.010070727493860732,0.018362842896465503,-0.012898211138547944
2022-01-28,0.02483550001353385,0.03136901986255625,0.00034946634381483044,-0.0029832934474428585
2022-01-31,0.01801115412023102,0.03197867427821799,-0.00517024442392211,0.005924537392067553
2022-02-01,0.00675696281972149,0.006803295981175017,-0.003319767576834942,0.0008328835308379912
2022-02-02,0.009714028934489027,0.008125765334461077,0.003387493968566968,0.0036259919505645666
2022-02-03,-0.023505016030025083,-0.04054388837182987,-0.007806234824451974,-0.0014214062993387344
2022-02-04,0.004702274692984787,0.012614811420462724,-0.014741991117498299,0.0015420788696549614
2022-02-07,-0.0032092595485760933,-0.008044647654134152,0.0006471548640223368,0.007402581993851909
2022-02-08,0.008227668660010456,0.011235457277310346,-0.006685759486387277,0.003056870675416823
2022-02-09,0.01463621131450532,0.021190618414002937,0.0018820520906828175,0.0033991784238243117
2022-02-10,-0.017965602059189067,-0.022632372473797235,-0.01589274848025879,-0.0037965605384254753
2022-02-11,-0.019718743632018643,-0.03172165429606,0.014828087001180545,0.019054878321533186
2022-02-14,-0.0032694454122941252,0.0012388155074256613,-0.012441644730390777,0.005350715998122091
2022-02-15,0.016127044551504044,0.024864042137922704,-0.0113527726565259,-0.009499848975192515
2022-02-16,0.0011207641808519408,-0.00025245784866589904,0.005927066263676117,0.010284254451501385
2022-02-17,-0.02136146679984985,-0.02974401030760887,0.007438314503364296,0.013668073780773726
2022-02-18,-0.006475118787508061,-0.011405385814010516,0.010527219841524937,-0.0007334549100845855
2022-02-22,-0.010731611180835099,-0.010043537659427115,0.002604600634554588,0.0020890378623359407
2022-02-23,-0.017738506219104,-0.02561526250426116,-0.013782114991740313,0.0045072272703239324
2022-02-24,0.015048984561875978,0.03360431299900668,0.0006583856965012291,-0.006450131470019049
2022-02-25,0.022064049375030592,0.01550716621699988,0.0007310877337021182,-0.003330678220184624
2022-02-28,-0.002558438159106946,0.002978764022728342,0.021918855684468497,0.010365345791119474
2022-03-01,-0.015230495961418011,-0.015311310234479292,0.01156190686305636,0.018163415997793697
2022-03-02,0.0183963348131575,0.016779538133708805,-0.03418239491411934,-0.010406339832951472
2022-03-03,-0.004978541830547689,-0.014284988163825618,0.010185185552871623,0.005953415398956663
2022-03-04,-0.008124443259750036,-0.014492098055241875,0.017263796036882217,0.015929145881701023
2022-03-07,-0.029479199652534427,-0.0368811184995953,-0.007629473279615384,0.014862865283030047
2022-03-08,-0.0075817941744898976,-0.004648250180550484,-0.01006014305546643,0.027358997610294145
2022-03-09,0.026810950906671627,0.03599834431876414,-0.009798525156787918,-0.029711176156991925
2022-03-10,-0.0045158414274933945,-0.011104839626707053,-0.014367625649358007,0.0031212277978962533
2022-03-11,-0.012714889394844109,-0.020738141480909023,0.003346824120912917,-0.007027884128157469
2022-03-14,-0.007308469068384338,-0.019204833095646245,-0.023348952280388913,-0.01507371193113849
2022-03-15,0.02199053263480799,0.03136693473566177,-0.0017458166858204116,-0.01870545038411886
2022-03-16,0.02217432466775171,0.037086484634080374,0.009807624998566578,0.006260803404375848
2022-03-17,0.012510875866551974,0.012106423358297258,-0.007453807183783412,0.004888644573449508
2022-03-18,0.010952790853731464,0.020467886641949873,0.01221306735654748,-0.008789852082788041
2022-03-21,-0.00029232943317691884,-0.0027799240079651177,-0.0231563259800871,0.007640798069546317
2022-03-22,0.011701410601087314,0.019652493626159062,-0.012811958946243207,-0.007250775291250955
2022-03-23,-0.012878506649809718,-0.014371331986819058,0.021914639468812114,0.013659661796972422
2022-03-24,0.015074314367166775,0.02222647948536527,-0.007832354251847584,0.007260367097212672
2022-03-25,0.004883523798580258,-0.0008338889249835946,-0.013872990672120555,-0.004095451209537915
2022-03-28,0.0071131866865845605,0.015472463455926677,0.008549720589130283,-0.018203790082975457
2022-03-29,0.012370732215050584,0.017209473509050444,0.007552179077807253,0.00044678784846130526
2022-03-30,-0.006174709213009666,-0.011045412523372988,0.0078019597955962805,0.008038419372069505
2022-03-31,-0.015391425232649247,-0.012394941612964061,0.002428363283147217,0.00038759588392967004
2022-04-01,0.002834219916690861,-0.0019030360852738681,0.0038066966459329166,-0.006365867342034703
2022-04-04,0.008566583967472896,0.02058845785362995,-0.0069492646930088275,0.004846769455083555
2022-04-05,-0.012631243129042957,-0.02220405101632117,-0.022592699863855037,-0.006264842571455875
2022-04-06,-0.009999480410207151,-0.021711392385712514,-0.0080938325612121,0.002343216670796844
2022-04-07,0.0050389519734848065,0.0023778691781293215,-0.0075329509554717955,0.003784886240234986
2022-04-08,-0.0026738707572796505,-0.013979335519198832,-0.010830470076110155,0.006265969312183373
2022-04-11,-0.017092387303460188,-0.023657420245790872,-0.015824693478686425,0.004959463770487282
2022-04-12,-0.0037053317756238213,-0.004224083828788361,-0.0013806414182319093,0.007676751619003053
2022-04-13,0.011453821706099987,0.020327054596908534,0.0020329032579329276,0.004788537865617837
2022-04-14,-0.01245173251843601,-0.02286711607917369,-0.02004546309184896,-0.003303550666205579
2022-04-18,0.00041099177549996924,0.0007681972100974654,-0.004968818108395667,0.0030971927027434454
2022-04-19,0.016142654654739852,0.022350631157864953,-0.007490821117090096,-0.015112904376299419
2022-04-20,-0.0007415137426580731,-0.014584269337236777,0.02012580642526629,0.004894947496407287
2022-04-21,-0.014953671839199933,-0.020691008005271128,-0.007398234704412698,-0.0035576001936850066
2022-04-22,-0.027438979497774074,-0.026185926479513566,-0.006293811375509106,-0.0097220932450649
2022-04-25,0.005797692456928294,0.012845887519325805,0.010000502809759615,-0.017970993150090764
2022-04-26,-0.028960849932988197,-0.037745028018088655,0.010066757005541715,0.001525017044941901
2022-04-27,0.0028116745175541524,-0.0011982506489947031,-0.012825439438555963,-0.00755702425744631
2022-04-28,0.02525952196813175,0.0355156614459371,0.0014894604515713894,0.005398323510093839
2022-04-29,-0.03695575929822692,-0.044998581943309524,-0.012973118626923519,-0.00011297696546286318
2022-05-02,0.006019338985160161,0.016696070440896493,-0.01733348060515416,-0.018540493535693647
2022-05-03,0.004584112497427073,0.0010675459148150601,0.006741826313497734,0.00264926246698316
2022-05-04,0.030453238273661754,0.03381220013438302,0.005509515732081249,0.009822544372671826
2022-05-05,-0.035543188222910804,-0.05036422306533561,-0.027398457995226777,-0.003811138551277793
2022-05-06,-0.005968650699872624,-0.011980468983684323,-0.014735252320555614,0.0016558743678838361
2022-05-09,-0.032017350522893895,-0.03912696043784025,0.008797562911045498,-0.014479496708730832
2022-05-10,0.0023105615121166156,0.012148639469963474,0.009069511092128835,-0.008445202872691127
2022-05-11,-0.01588624810252437,-0.0296583789073539,0.01927223684024204,0.008167128516088473
2022-05-12,-0.0010437563940085548,-0.00236427300727593,-0.001865089730869185,-0.015333925720196762
2022-05-13,0.02390763840380572,0.03705997480922707,-0.014780959641216507,-0.00810956630229509
2022-05-16,-0.004057272708127835,-0.011591618923995739,-0.0010345066617277743,0.009538483763206873
2022-05-17,0.02057033055197799,0.025901313825163585,-0.012084022384708848,-0.006279296383541522
2022-05-18,-0.04031175896042649,-0.04909016908925945,0.021317749429726307,0.0005314848929158789
2022-05-19,-0.006124727590903656,-0.005358715718095097,0.002395442559630201,0.014697234801531733
2022-05-20,0.00043677607985137534,-0.0031077562742710674,0.011349854995032382,0.0006980112537449124
2022-05-23,0.01871002993371862,0.01662752975251114,-0.016454225506188025,0.004650369455528214
2022-05-24,-0.0076337660731978785,-0.021262036241538884,0.019732301796268725,0.007521859850632806
2022-05-25,0.008834935924866283,0.013995147248289319,0.003954215778763981,-0.006029994959596108
2022-05-26,0.019981163758653997,0.027706920495113696,-0.004525156229134519,-0.0018488983177334939
2022-05-27,0.024549391081565286,0.03263968625564062,0.002441151832595745,0.00052102106703944
2022-05-31,-0.005611073058692462,-0.002652747597301497,-0.021162184265114625,-0.009893009276743081
2022-06-01,-0.008088534851354745,-0.007396029798588333,-0.0011432086447303869,0.006369033199590923
2022-06-02,0.019043557445834525,0.02738579165900923,0.0005162351149372579,0.012309182073779512
2022-06-03,-0.01641160184353674,-0.026019291440666503,-0.002149818282544458,-0.010152017266979896
2022-06-06,0.0030447692563260187,0.0033307701518661137,-0.018443798722201032,-0.0044037229040009285
2022-06-07,0.009592088298219004,0.008625924490593517,0.010800591028440776,0.006518420844169315
2022-06-08,-0.01087191098137541,-0.007196534764104201,-0.008860863943797592,-0.0009251975242893229
2022-06-09,-0.02378297919164707,-0.02678457915707344,0.0033304469040091877,-0.0031832564859568535
2022-06-10,-0.028995769852182995,-0.035270485449098055,-0.00620191831394612,0.013412283666592417
2022-06-13,-0.037968035390576915,-0.046496433153457195,-0.03137942134251226,-0.026412288230091452
2022-06-14,-0.00301351761106472,0.0018151848256515724,-0.012613205365289093,-0.008003209616781914
2022-06-15,0.014256299016675467,0.02497242482916917,0.01865627448366558,0.013050939388113303
2022-06-16,-0.03309585266904391,-0.040346731596215046,0.007939469299897084,0.011243181594596585
2022-06-17,0.0021558407849784356,0.012159596817383322,0.0032222527453742433,-0.008222816311715064
2022-06-21,0.025173557967893778,0.02522936827355382,-0.016952036423753314,-0.0037367862070599722
2022-06-22,-0.0018129564820744681,-0.0014580808439672577,0.027500475937776825,0.003985188163408093
2022-06-23,0.009802349598458049,0.014892423839210078,0.008214628024947102,-0.006129257292171064
2022-06-24,0.031794034312817354,0.03426373973457686,-0.01384244876420826,-0.0009984622015154487
2022-06-27,-0.003819657177370428,-0.00733131551082844,-0.008528894791827613,-0.0011170700540719114
2022-06-28,-0.020432949158319613,-0.030467005468447828,0.004659683047495866,-0.0016480211262837052
2022-06-29,-0.0008143805099455337,0.0009169184650266171,0.01560836289171208,-0.0007663579045243951
2022-06-30,-0.008124306936591053,-0.012403184401361678,0.008781586102762029,-0.006077047294322124
2022-07-01,0.010576620850526908,0.0066006416353525665,0.010266649517378879,-0.0008310541616338707
2022-07-05,0.0018885042594203316,0.017119724115586488,0.00785682817114619,-0.02120964335120412
2022-07-06,0.0033774035303080208,0.006412079468418597,-0.016790662454459593,-0.015842188833696924
2022-07-07,0.01497717604049309,0.021398749709908627,-0.008800071772249396,0.000555053276362516
2022-07-08,-0.000822640459324564,0.001254277586412833,-0.011075871771554446,0.0004315313201161963
2022-07-11,-0.011423481935752489,-0.021364265997708687,0.01724451337030386,-0.005360507452973451
2022-07-12,-0.008849014142429557,-0.009687426014322598,0.005942280431527003,-0.0037167247224720867
2022-07-13,-0.005251860219211868,-0.0020610777185753326,0.011465780219838573,0.004787690503602615
2022-07-14,-0.0024282134169738567,0.0035708829694176547,-0.008158539221239991,-0.014047055610919013
2022-07-15,0.019104995274714653,0.018139452501108932,0.005628242873929157,-0.0020084561635671516
2022-07-18,-0.008257065480225423,-0.008462816441271115,-0.010418664119811738,0.0009433945063559435
2022-07-19,0.027019175512046578,0.030753492863915932,-0.005394466247204632,0.0023874693093759447
2022-07-20,0.006373145920613998,0.015856101780950427,0.002624767472844569,-0.009402031234323593
2022-07-21,0.010183178339044252,0.014355318009947382,0.017275594371664038,0.014110421925231709
2022-07-22,-0.009277939939782764,-0.017535576445297685,0.01681112575930177,0.00249575020790771
2022-07-25,0.0012149498050018082,-0.005695310527212727,-0.009784998318136062,-0.0027385476219622396
2022-07-26,-0.01183108009925482,-0.019649097127568127,0.0007666479856387465,-0.0011858106875901608
2022-07-27,0.0259665939617999,0.04225972351267382,-0.005617956511359323,0.010184984698782484
2022-07-28,0.012542070999736366,0.009778124504826513,0.007961092683580029,0.012185323455280006
2022-07-29,0.014578918580121503,0.018236903627687262,-0.0027177200005727986,0.0028110896821249565
2022-08-01,-0.0029613101020142807,-0.0006024505278066083,0.024083671660452666,0.0056672312077465925
2022-08-02,-0.006597213874152907,-0.0029813014559971762,-0.02115987688771781,-0.005938288400823777
2022-08-03,0.01565931597573078,0.02723262836268603,0.015744715511703422,0.002438243761313297
2022-08-04,-0.0006756989847850337,0.004676221154149118,-0.00033493738208723034,0.016539989487255546
2022-08-05,-0.0016900389937067883,-0.008168867785969702,-0.023803679692579904,-0.011246066300201418
2022-08-08,-0.0011609416545834694,-0.003232210292441029,0.01614153956655806,0.008470017618367853
2022-08-09,-0.003970998131566206,-0.011318526269450513,-0.003886708047019183,0.0030595386607856767
2022-08-10,0.021004019861182055,0.027910850980478852,-0.006531246694107873,-0.0025119508170524663
2022-08-11,0.0,-0.00567605376100877,-0.02330991016127404,-0.0026382206776995876
2022-08-12,0.016929079007722336,0.01947039460275346,0.010140848597931962,0.00919802099904432
2022-08-15,0.004120762865557959,0.008081309776498458,-0.000865539040761587,-0.012867030834262327
2022-08-16,0.0019587591936305326,-0.002341768053208293,0.004157814237923718,-0.001750096754401964
2022-08-17,-0.007098000064893917,-0.01140611477790443,-0.01043706342175632,-0.006468335614034371
2022-08-18,0.0029062306228913037,0.0024047469021515333,0.0014815387118716217,-0.0026164156896926194
2022-08-19,-0.013437901551582532,-0.019496710888454616,-0.016102081177218897,-0.007320625681104476
2022-08-22,-0.020822583605897504,-0.02632726388455131,-0.003362015818716313,-0.006637179344595956
2022-08-23,-0.0024192199624063493,-0.0008272224395862171,-0.005503032636031913,0.0069908740848763085
2022-08-24,0.003201202211881915,0.0028974264012633366,-0.007318712848177089,0.0029489200401788818
2022-08-25,0.014117582807678719,0.01768165215182571,0.013936183314993578,0.003062787136294043
2022-08-26,-0.033849195664048426,-0.04098789432121597,0.007537613838666024,-0.012152705301765265
2022-08-29,-0.006612270847099144,-0.009855936039002144,-0.008273054287427306,0.0006182375550920494
2022-08-30,-0.010977870715356386,-0.01113624888036946,0.002484616251889893,-0.008340578885610683
2022-08-31,-0.00760881114595191,-0.005813600995601131,-0.009560899723692895,-0.007725314789180926
2022-09-01,0.0031377488913955087,0.00043441440770486395,-0.01830842539987443,-0.008790162100319021
2022-09-02,-0.010544280907706649,-0.014128387167535728,0.005657215503220847,0.008804709144487166
2022-09-06,-0.003773115123044679,-0.007182080264307333,-0.02476895496566167,-0.0058394619355668365
2022-09-07,0.017964902241974556,0.020201140802728057,0.015815624293522346,0.010168638866495439
2022-09-08,0.006536223468270652,0.005184697791048132,-0.010257240214744057,-0.006002292729855863
2022-09-09,0.015535204117248735,0.021862038965292152,0.0022205699460104977,0.005283756568463582
2022-09-12,0.010747570562955167,0.01188566293183091,-0.008216818763530087,0.005068186218703863
2022-09-13,-0.043482368425805995,-0.05483670914666128,0.0023269062991475575,-0.01301133993119441
2022-09-14,0.0038156817582664093,0.007933219833113458,0.0034364537755271485,-0.003847613448870524
2022-09-15,-0.01135315054855568,-0.01665352402692033,-0.0006475602623416954,-0.018679143196684067
2022-09-16,-0.007629016853130888,-0.006114842510705154,-0.008335779841413316,0.005549107201315628
2022-09-19,0.007755025072844202,0.00778704005160713,0.00233476340129668,0.0007700871329356929
2022-09-20,-0.011478620997043998,-0.007970908684878486,-0.009969953780618268,-0.005706587274526553
2022-09-21,-0.017443764762905656,-0.017906080578120154,0.016752757083761116,0.004642973675810236
2022-09-22,-0.008399775628965434,-0.01230777300784136,-0.02554828764390238,-0.0005776772692025478
2022-09-23,-0.016754788131422393,-0.016281736102634614,0.004084855549961741,-0.01727683040546535
2022-09-26,-0.009892752803825955,-0.004137662894744376,-0.01911121539310401,-0.011633219026207842
2022-09-27,-0.002552688629688049,0.000401009893475468,-0.026330583383455175,0.002049841746687875
2022-09-28,0.01967636501913117,0.01989195402063304,0.03348168218535852,0.02078665233491006
2022-09-29,-0.020888995683493228,-0.028827556506995866,-0.005175795683748485,-0.00019392836526865853
2022-09-30,-0.015463582774395523,-0.016956604044882417,-0.012910832876546263,6.462244018679009e-05
2022-10-03,0.02640117698119515,0.023460506905400136,0.01588975900872258,0.024309785681440932
2022-10-04,0.03098673666564955,0.03144073903643951,-0.0027933147919242396,0.014328122056449066
2022-10-05,-0.0023281125909502265,-0.0005318614586183879,-0.009561025729489692,-0.005538266375543777
2022-10-06,-0.010315860965463997,-0.007872790650126027,-0.005558583930384775,-0.00112629171222689
2022-10-07,-0.027893940086861413,-0.03810407489392731,-0.00970754230608184,-0.010962851258976669
2022-10-10,-0.007635220409965893,-0.009996536101015363,-0.015546436192459323,-0.015201476317757034
2022-10-11,-0.006333087399748694,-0.013737925184350797,0.004425717679768626,-0.002058091550185215
2022-10-12,-0.0032984963054540906,-0.00034263062301931324,0.004906834232864643,0.00534932850905423
2022-10-13,0.026391013311929168,0.023452247438639384,-0.009566444915093952,-0.006923532232980256
2022-10-14,-0.022788662080495792,-0.03005729233808696,-0.008250417255678988,-0.012458897998479546
2022-10-17,0.025696854481976228,0.033021531920610414,-0.00486987035138875,0.0028762090057179446
2022-10-18,0.011749836625274845,0.00790794742683687,0.0023450844090457945,0.0021509701146735782
2022-10-19,-0.007086558117830988,-0.003646933469247382,-0.018205967465729334,-0.013398358104674823
2022-10-20,-0.008385316890139882,-0.00510156751900348,-0.017093228725495457,-0.0015822103586343728
2022-10-21,0.024301432337709317,0.02344785527826687,-0.018022685255072668,0.017827646105301076
2022-10-24,0.012236513746026079,0.011001100983714984,-0.008264267534556224,-0.003243594030472474
2022-10-25,0.015968441320633575,0.020686016079858982,0.029112774975072808,0.002277944142005106
2022-10-26,-0.007533941901728514,-0.022096197677244023,0.01440727626923044,0.006363608620383543
2022-10-27,-0.00534020388523182,-0.018206123949603414,0.010470312616220001,-0.001548523944967184
2022-10-28,0.0237907047326964,0.030600194907888234,-0.006873620840942785,-0.010210687443231947
2022-10-31,-0.007223194333614069,-0.011627370773687251,-0.0071284528400283875,-0.008161399648159207
2022-11-01,-0.004375868813318862,-0.010217990084205542,0.009345735458162974,0.010203429757038585
2022-11-02,-0.025096020326517587,-0.03427744078495121,-0.004339776924349059,-0.006972548399621914
2022-11-03,-0.010297040195780371,-0.019534515226764526,-0.005397083039393458,-0.003806036048150885
2022-11-04,0.014393335119732509,0.016085250906114235,-0.016800703847120513,0.030696289684813083
2022-11-07,0.009565534355369554,0.010994264031635392,-0.009976700869110178,-0.003962389674382338
2022-11-08,0.005395352677466381,0.007287444097578977,0.010934871722922068,0.023099074133724695
2022-11-09,-0.020602384983977706,-0.023076564580250536,0.0032876410623823293,-0.0050172660211307285
2022-11-10,0.05495436835509504,0.07378869407055721,0.038473361093833036,0.030444387121793204
2022-11-11,0.009678489325989803,0.018425912694768343,-0.003664033220085239,0.006606324071935177
2022-11-14,-0.008506699200038659,-0.00875083584421188,-0.00245173237044205,0.002187655661719301
2022-11-15,0.008528922887620416,0.01383838338500687,0.01618019553535488,0.0035168677995043307
2022-11-16,-0.007628498203137601,-0.013649496420527374,0.02186859650081674,-0.0022961020109516506
2022-11-17,-0.003059867776908587,-0.0022072138298881994,-0.010552335855890105,-0.007267423593311895
2022-11-18,0.004540377481553781,3.499944209361949e-05,-0.006877417340105718,-0.006893636502166456
2022-11-21,-0.003636255913592623,-0.010287062179434425,0.004215399207906145,-0.005589952950737276
2022-11-22,0.01345721668761346,0.014402749322524278,0.01419126486205613,0.00117372396636517
2022-11-23,0.006301443874590751,0.010036812720217059,0.017441888480587586,0.006231840940288613
2022-11-25,-0.00022380204206184917,-0.006578663362314163,-0.0033897239654733236,0.000858470616118101
2022-11-28,-0.015956934746781393,-0.014673020579279772,0.0028182059717418717,-0.007903495498554403
2022-11-29,-0.0017174814115415993,-0.007569501682670232,-0.011726139580151895,0.004940425418036076
2022-11-30,0.03150053268056241,0.04558555183219393,0.007354452125704958,0.012781920270785507
2022-12-01,-0.0007358297775716949,0.0012273055785310127,0.031945937843371075,0.01838479961277617
2022-12-02,-0.0011535147444353688,-0.003983268590989297,0.012575655169342559,-0.0034556830535615868
2022-12-05,-0.017989386309472,-0.01678347418097126,-0.014007065485987957,-0.017158885635801036
2022-12-06,-0.014414717179859315,-0.020720376117450146,0.01287999795035577,0.0027373742314797944
2022-12-07,-0.0017012515727089506,-0.0040826396736017845,0.02356268766324976,0.009039101712364994
2022-12-08,0.007833779530063145,0.011834745313375805,-0.002740571789709101,0.0008416965556858891
2022-12-09,-0.007470237199560192,-0.006376579613395883,-0.02601427707191173,0.003544160110315664
2022-12-12,0.014417484020029958,0.012551149279281582,0.0031972968831424087,-0.008260534556326027
2022-12-13,0.007569748623855954,0.010749998550180884,0.009655946466518017,0.017081132038632596
2022-12-14,-0.006393494702899627,-0.0074135170865650135,0.00427098678160065,-0.0024330212847030186
2022-12-15,-0.024461702831055532,-0.033576566706675415,0.003901674009879841,-0.01635930934057528
2022-12-16,-0.01180598303557645,-0.009534388815138573,-0.011170387828422057,0.008708721678036602
2022-12-19,-0.008479783847697764,-0.014053677248987761,-0.016805086457468255,-0.0028178306902848504
2022-12-20,0.001368567585011693,-0.0007786758835018892,-0.017757021752767388,0.016594482836064905
2022-12-21,0.014952280786777017,0.014506246694438563,0.0025132759411206074,-0.0016560135809358112
2022-12-22,-0.014266277672469796,-0.02446487852035606,-0.00019300833698743247,-0.012085358459954287
2022-12-23,0.005752290961983375,0.0022487396049986064,-0.014659944037259343,0.002998321039039853
2022-12-27,-0.003943361915528132,-0.014138316169533871,-0.019773227381851277,0.008430011409881644
2022-12-28,-0.01242781980709895,-0.013202429645861491,-0.005891918146685549,-0.004505807286929064
2022-12-29,0.01800037171790758,0.024375285735662278,0.011351307822474066,0.005598251568726287
2022-12-30,-0.002634201902075861,-0.0006005635680098598,-0.0111244150757277,0.0046786689817972515
2023-01-03,-0.0042100090138584845,-0.006759785568423826,0.01908393825779986,0.008370656531798915
2023-01-04,0.007720217418609732,0.0047639713732678945,0.013700201115470989,0.0094119059589024
2023-01-05,-0.01141336274292215,-0.015654378500785215,0.004180617759960148,-0.012451461859522062
2023-01-06,0.022932133652808107,0.02760136669101798,0.01839673378748774,0.01870749684189077
2023-01-09,-0.0005669744669393184,0.006473397176630202,0.005323982587314591,0.0022451175785793698
2023-01-10,0.007012792910852772,0.00846448801652544,-0.01654994388402853,0.0036760446135073455
2023-01-11,0.012647872045784547,0.017300369106229008,0.01625163922904438,-0.000686793935011365
2023-01-12,0.003641047557128907,0.0054041371328859,0.01968213098484828,0.011568000967502767
2023-01-13,0.0038793126725207294,0.0068802038188326975,-0.009372629540504884,0.012001783992939385
2023-01-17,-0.0018318796027320117,0.002029164989009846,-0.006463810345826659,-0.00654507834469964
2023-01-18,-0.015788096524889328,-0.012999930464484,0.02423142391401467,-0.0028717524486322477
2023-01-19,-0.007279743305564468,-0.009824377500925796,-0.006259333101841236,0.015868520044824974
2023-01-20,0.01862894391006953,0.02736672756369396,-0.016211856011407066,-0.003335405556458948
2023-01-23,0.011998468610763702,0.022216000045875983,-0.0047075391029191005,0.0018964337632443318
2023-01-24,-0.0010730312101461248,-0.0020419926819246204,0.014380193903498428,0.003618515163479552
2023-01-25,0.00037471715330728017,-0.0022193517309267996,0.0024248365052974563,0.004603959599926544
2023-01-26,0.010990436344002541,0.019497679232071352,-0.004651803781063224,-0.009055266877154966
2023-01-27,0.0022977304348850147,0.009954323545643184,-0.002523821386826164,-0.0013929904624704337
2023-01-30,-0.01254691082589554,-0.020218655134134123,-0.0036548450474060967,-0.002566715270248765
2023-01-31,0.01470349446406538,0.014985929614673488,0.007994803510875892,0.0036362115419990015
2023-02-01,0.010627672454092796,0.0213834791688996,0.012021018391133342,0.012596814339808304
2023-02-02,0.014557067663369505,0.03588974866453909,0.0012938236989603613,-0.02075193653580043
2023-02-03,-0.010629262961256214,-0.017772124150455815,-0.014955441984955131,-0.024957770292002968
2023-02-06,-0.00611110796430403,-0.008459067654621899,-0.007403944425089293,0.0020754098721176284
2023-02-07,0.013078530830151536,0.020718710996402434,-0.00802565944404543,0.000920425708082595
2023-02-08,-0.010934829810687052,-0.017781072059255165,0.004758924558655009,0.002471594120761589
2023-02-09,-0.008669069369774074,-0.008837935103740313,-0.009473019748173495,-0.007912418174625069
2023-02-10,0.0023335659223140404,-0.006563426286875118,-0.011189809793744399,0.0019071943211166342
2023-02-13,0.011738837275879543,0.016016084214748316,0.00841453595849595,-0.005076170279846859
2023-02-14,-0.0004600536129863997,0.007389222323176847,-0.002301642673657067,0.0007537389032514774
2023-02-15,0.0032472899705882075,0.007660935125139545,-0.009325382280433114,-0.00996466725346834
2023-02-16,-0.013768677560834885,-0.01876397568397392,-0.014167620601287956,-0.0008192368783922488
2023-02-17,-0.0024983076864967257,-0.007055945890916182,0.007776450905403687,0.002986790669610162
2023-02-21,-0.020060951744074185,-0.023675015136015,-0.019437702036957494,-0.003737004613899475
2023-02-22,-0.0013781318929142472,0.0007481964352262782,0.00916463820751967,-0.005626488586046308
2023-02-23,0.005319592617887059,0.008734015377782844,0.009772146729164266,-0.0005304511136865475
2023-02-24,-0.010682629214231465,-0.016743977559028678,-0.013001382338318046,-0.00719467575637045
2023-02-27,0.00340584400017252,0.00716111849016543,0.002773298817440928,0.003920334893926292
2023-02-28,-0.0036958707736366447,-0.0012929085277026964,0.00454304755255186,0.00455596886271592
2023-03-01,-0.0038361053655656674,-0.00803902585309857,-0.010743056412435115,0.005772150633673867
2023-03-02,0.007777622063948941,0.008275780266290278,-0.008867278267826517,-0.0005855636445488699
2023-03-03,0.016037845793303696,0.020673798699161416,0.02422608130023729,0.010723085619275707
2023-03-06,0.0006925617804054429,0.0011345790505756792,-0.0077536781691728285,-0.005043830646819902
2023-03-07,-0.015328807994141824,-0.012265792644431284,0.006132634683452265,-0.017480480627863337
2023-03-08,0.0016323396538997503,0.004994363628636478,0.000983044175709935,-0.00047445044105887124
2023-03-09,-0.018449970228012313,-0.017326256205387858,0.002455542735557037,0.009849316056938173
2023-03-10,-0.014429574622121466,-0.014043469021571497,0.03448608088746408,0.021562856843419187
2023-03-13,-0.001425116507357771,0.0074165231956357935,0.002273067798570283,0.022948211912439564
2023-03-14,0.016530085938712302,0.022979723155478915,-0.016441493434891097,-0.005791064746217711
2023-03-15,-0.006254403402199404,0.005245956770179694,0.01931006962129911,0.007804133170404848
2023-03-16,0.01754537080788454,0.026360807233305694,-0.007822735445666917,0.002020092008242713
2023-03-17,-0.011692959846594575,-0.004725981375489852,0.015008610757626162,0.02912021467749004
2023-03-20,0.00961602901980041,0.00354868334976266,-0.008796947677915612,0.0003808677357699519
2023-03-21,0.0131300763812352,0.01428258254516046,-0.00859205752765757,-0.018875115806276654
2023-03-22,-0.017046249477542075,-0.013597942596583201,0.013333115330856238,0.01702060989813825
2023-03-23,0.002703295222257429,0.011857900817139111,0.0,0.01253817608562513
2023-03-24,0.006561991828478275,0.003680488167361773,0.00422895659893574,-0.011252350246951037
2023-03-27,0.0018698117777040668,-0.006851218666327097,-0.023490771217893225,-0.009256722051406263
2023-03-28,-0.002244554597679249,-0.005311766370990623,0.0018211199968136693,0.008189093257242153
2023-03-29,0.014535047203734441,0.018233998556019815,-0.002009166786615668,-0.00496077000653139
2023-03-30,0.005855103907902892,0.009465228240216783,0.004601735168187293,0.009039576549164652
2023-03-31,0.014094503028546423,0.016630632364535103,0.014980485566190804,-0.005212246135594234
2023-04-03,0.003810758240922363,-0.0024302533862600173,0.004703330395924521,0.007204410308019105
2023-04-04,-0.005548312668418598,-0.0033732910057272525,0.00497161893459408,0.018640958960437493
2023-04-05,-0.00261824328276683,-0.009872400084907973,0.010454492582455899,-0.0007979247786650268
2023-04-06,0.00390099971817337,0.006741937679983323,0.002586804837268808,-0.00713409106547247
2023-04-10,0.0010263368824630081,-0.0005659436947188512,-0.016124541486115418,-0.007399886547073464
2023-04-11,0.00026838240500803856,-0.00641759529551289,0.0020601347155395633,0.006320556237305208
2023-04-12,-0.004075766374693979,-0.008833934101559748,-0.001028113786679885,0.004885138866613126
2023-04-13,0.013282718811559846,0.01958235602349312,-0.007858495971301838,0.013515672558895409
2023-04-14,-0.0024429220400289386,-0.0018801837313981995,-0.009146616392861073,-0.017710313033589165
2023-04-17,0.003588429486386824,0.0008475787630273235,-0.011895640680298358,-0.0044537552497120325
2023-04-18,0.0006522718711663433,6.277021454725862e-05,0.0035637588995651726,0.003880780603893852
2023-04-19,-0.00016905999028749008,-0.00047030779390211386,-0.0009600014563099224,-0.004778520212877502
2023-04-20,-0.0054570894445473694,-0.007624465832781313,0.008549532082088085,0.003938259199047112
2023-04-21,0.0007769523733611727,0.0010433533901506031,-0.005619642870884345,-0.009887669268098143
2023-04-24,0.0010431998886510918,-0.0020846301853271187,0.009674658729727614,0.003039335460481629
2023-04-25,-0.015873931778421668,-0.018863519288951136,0.014704341122186104,0.005086318131183543
2023-04-26,-0.004235609559104292,0.006064532919813681,-0.010658301187465025,-0.0054373863086724095
2023-04-27,0.01990816587778732,0.027190813851120987,-0.00992242457497583,5.410039265307809e-05
2023-04-28,0.008535028519395027,0.006898701320909417,0.01613040445117475,0.0002706525128974846
2023-05-01,-0.001009705619008705,-0.0011469397089517441,-0.028834219242054537,-0.004491351825477108
2023-05-02,-0.01123911221791185,-0.008721572773545128,0.024919902074175493,0.019296640909943763
2023-05-03,-0.006864030594452619,-0.0065440581990328095,0.005581930509622524,0.008479075840785333
2023-05-04,-0.0070829396847884585,-0.0035297527986057897,-0.00987881391599843,0.00703295344911492
2023-05-05,0.0185125508712789,0.021254324083452847,-0.0033256263921978,-0.015647950479605433
2023-05-08,0.00026657261311302527,0.002477483491396093,-0.014014654523683667,0.0012269055761324754
2023-05-09,-0.004385499194664799,-0.006333072231890391,-0.0035776881341789135,0.007086162362163861
2023-05-10,0.004672491975553417,0.010881803594907646,0.009703962006302636,-0.001428442843921296
2023-05-11,-0.0017441127028319237,0.0032600614850180065,0.01057151759235464,-0.008582755587748347
2023-05-12,-0.001310195947804682,-0.003586676064726735,-0.008368793735421542,-0.0017100802429794726
2023-05-15,0.0034501168030880436,0.005414653915293721,-0.01035767424163958,0.0021412620336231925
2023-05-16,-0.006682879372927775,0.001132284186186494,-0.0030043510119651673,-0.0124993937971285
2023-05-17,0.012139092852903488,0.01210424983533942,-0.002915744560852862,-0.0034618889303413836
2023-05-18,0.009633244180126121,0.018572984816013438,-0.007409263274136602,-0.012972911279784172
2023-05-19,-0.0014548901560212935,-0.0022529882571996618,-0.00707106874455643,0.0098988291245512
2023-05-22,0.00040582478100126274,0.0033577464121727907,-0.0035607557358995345,-0.002341497915543389
2023-05-23,-0.011222782239574403,-0.012676119958848542,0.0028787308854860694,0.001200731149241463
2023-05-24,-0.007244823971144343,-0.005129403122048126,-0.004948992345101821,-0.008068450017086337
2023-05-25,0.008659896671431744,0.024332640468440303,-0.0024869776111892117,-0.009618027091793824
2023-05-26,0.012950692007011266,0.025550487803112754,0.008077453265139978,0.003995567330169925
2023-05-30,0.0003810234391261602,0.004534986137836983,0.009991326206554074,0.006190554546333882
2023-05-31,-0.005545151337875809,-0.005685963255127269,0.008716764979540326,0.0015382006614657051
2023-06-01,0.009500985080538094,0.011552070361236177,0.003923481145857277,0.007898130346476018
2023-06-02,0.014461232167525484,0.007499512352642457,-0.01095814766172809,-0.014747450675273499
2023-06-05,-0.0019162752977091024,0.0007050067591305442,-0.001862825558682779,0.006020416015011243
2023-06-06,0.0021772717900130356,-0.0001690894341028759,0.005893865789987185,0.0010980396887692034
2023-06-07,-0.003457598988217403,-0.016965134844436847,-0.014843617493600414,-0.012010543410059138
2023-06-08,0.006048552815833164,0.012413051443064482,0.011696827649563257,0.013211240429905624
2023-06-09,0.0017942605499245978,0.003822836295280796,-0.001371657921320213,-0.0026845203333208945
2023-06-12,0.009072008287289712,0.016897027060249092,0.0029436348065337015,-0.0008788640365902101
2023-06-13,0.00659279844338001,0.007684007568050211,-0.009880919924140197,-0.007367558613950331
2023-06-14,0.0011907533944099935,0.0072675133465092134,0.00800333675214615,0.0005539277015322863
2023-06-15,0.012397817650469545,0.011915962183322693,0.009605796926706711,0.007030581691497062
2023-06-16,-0.00340614191523414,-0.006292840966598101,-0.0038830993784547685,-0.0015392159510750902
2023-06-20,-0.0051883856353379665,-0.0014316190619279023,0.006919942629564524,-0.010350739592973501
2023-06-21,-0.005123558935491546,-0.013627631204073176,0.0024196434490941776,-0.0014464228474878604
2023-06-22,0.003609619626447902,0.011798662881763677,-0.012070448659594057,-0.009916979914319946
2023-06-23,-0.007560074657919746,-0.0099133549148116,0.009970346244547956,0.0027572461643308177
2023-06-26,-0.004085845041803315,-0.013405536910795268,0.001064122287654845,0.0017396047357047806
2023-06-27,0.01096352139300949,0.01719417101968923,-0.0026101812355122656,-0.004593535884055422
2023-06-28,0.0005042522163873908,0.0019515276515398305,0.004264785568014462,-0.002307409851291853
2023-06-29,0.003941387192481827,-0.0020024672511125274,-0.018048113293219314,-0.001071764681377263
2023-06-30,0.011800718150162037,0.015420161070736071,0.011794422763846457,0.006663323502016594
2023-07-03,0.0011506484844816534,0.0023549787367018737,-0.005669127455604883,0.0011218766110339118
2023-07-05,-0.00148742621455078,-2.7029245811882596e-05,-0.009502273913863934,-0.00353003237800964
2023-07-06,-0.007830527519714248,-0.0076157378260176545,-0.01414301117993022,-0.002980200124891419
2023-07-07,-0.0025246495327946317,-0.003320341709372454,-0.006019132069527977,0.007500997402107412
2023-07-10,0.00253103952053757,0.0003277680379993875,0.0013121027297029464,0.0007836956455820054
2023-07-11,0.006368611543875913,0.004940616811400345,0.005140363215331734,0.0037476125602418087
2023-07-12,0.008045853433911843,0.012629995665615068,0.011131142665323335,0.013541420874312982
2023-07-13,0.007936993324988428,0.016978564528933315,0.010512781184989661,0.0007146999149640898
2023-07-14,-0.0006228788091020565,-0.00021093507774105902,-0.00588857717103386,-0.0031866482531698326
2023-07-17,0.0034721444237921784,0.009338531865829447,0.0004933992793239028,0.0007165567329587841
2023-07-18,0.007430644721515556,0.008180833788474118,0.00453942492134729,0.011456278139590825
2023-07-19,0.002223644336604158,-0.0002332780718129479,0.011296551662751453,0.00016335645500209495
2023-07-20,-0.006634436156641166,-0.023052042336429657,-0.012141675391420637,-0.005063389149303488
2023-07-21,0.0,-0.0029992964379034204,0.00029505169016053046,-0.0030645332195953223
2023-07-24,0.004467338747906391,0.0015974584977302975,-0.003637212309892779,-0.004281473326684049
2023-07-25,0.0027300638846696756,0.006777688864111342,-0.001874671154622587,0.005567859975790901
2023-07-26,0.00015360468999792154,-0.0033264774706790456,0.000988399801648221,0.0048791150253857385
2023-07-27,-0.006629781640860921,-0.0023842326131042757,-0.019453118446551843,-0.01571197400361901
2023-07-28,0.009790222746480781,0.018214907083786702,0.005136408767588252,0.007981390400291666
2023-07-31,0.001904144220681081,0.0005215048616913354,0.0024043245893190512,0.0026944104889448095
2023-08-01,-0.0028616786859391175,-0.002319624731657033,-0.016386704311386335,-0.010364679607279492
2023-08-02,-0.013910910512592745,-0.021944066726137912,-0.010699089329950118,-0.004765602229612864
2023-08-03,-0.0028657912065601643,-0.001602666151041654,-0.023071228607067007,-0.0003341470787491252
2023-08-04,-0.004522797656629773,-0.004681835663427059,0.017712083352532382,0.003620414278603157
2023-08-07,0.008728632036710815,0.008466811364352012,-0.009841594054340375,-0.0022753962847783527
2023-08-08,-0.004348745090910544,-0.008502514153114205,0.011613451830201349,-0.006341080194621318
2023-08-09,-0.006685283445913015,-0.010994370503960793,0.00517096406133688,-0.00475820704444585
2023-08-10,0.0003591257478698928,0.0018481043265241581,-0.016462443550401495,-0.0010686044760203073
2023-08-11,-0.0005831828967391983,-0.00637568803966293,-0.0023016863429247136,0.0
2023-08-14,0.0055200624666964515,0.011222278585349077,-0.002201677323534379,-0.003040588549344525
2023-08-15,-0.011648915381663572,-0.010611540860592683,-0.006095045010455102,-0.002654474343068869
2023-08-16,-0.007338096431404928,-0.010588949448768648,-0.007823792509098038,-0.005776029417432049
2023-08-17,-0.007620086645476087,-0.01092296021635697,-0.004262833267932642,-0.0015378724223797935
2023-08-18,0.00048147728147829305,-0.0012549966254303824,0.0035314121045504354,0.00017112823031739666
2023-08-21,0.006506236440642299,0.016111447092331366,-0.013330297760421717,0.002737670236275802
2023-08-22,-0.0027086349683950184,-0.0014288348751875235,0.007674181791408108,0.0016495566176504273
2023-08-23,0.011137783339478124,0.01576849932078561,0.024777427758558845,0.01016464068195777
2023-08-24,-0.013859081644012061,-0.021375979805740686,-0.006594186515403333,-0.00022482031744353037
2023-08-25,0.007049787241651506,0.007751941986798849,0.0032659729651591807,-0.0012932863561120334
2023-08-28,0.006341316385046758,0.007526915875465168,0.0010502866479549233,0.0028713533365909427
2023-08-29,0.014454793938911692,0.021839824113895512,0.01038629048305606,0.009768091768254772
2023-08-30,0.004118847172444484,0.005576938899003903,-0.0010384898007238519,0.0025018747942815445
2023-08-31,-0.0014634036089543612,0.002998335421959819,0.00446948907661926,-0.0016637258183913595
2023-09-01,0.001865288159978773,-0.0010582409123388592,-0.015578550708375882,0.0004999240959600026
2023-09-05,-0.004321948151543187,0.0012713331497076208,-0.0140221903697062,-0.008161685723844458
2023-09-06,-0.006722524415292308,-0.008807873375382358,0.0024591627804952942,-0.004534245193468567
2023-09-07,-0.0030701695393151596,-0.0071517624682228,0.002773493331973187,0.0010684498647577367
2023-09-08,0.0015060114104796796,0.001397581246262547,0.003829671049133676,0.0003370270596214642
2023-09-11,0.006576798250387705,0.011782897621070765,-0.0072058380341532,0.001853109993606994
2023-09-12,-0.0054856668295107935,-0.011088699121276302,0.0057637564424559695,-0.005156651253074851
2023-09-13,0.0011658006646766417,0.003809496016575542,-0.00021236487595266418,-0.0023100098564432514
2023-09-14,0.008622412469050378,0.008176913648060724,-0.007217893564207323,0.0005082241752882855
2023-09-15,-0.012048129055658885,-0.01712285033378147,-0.006094270109780808,0.006603816566220333
2023-09-18,0.0005863893298267975,0.0010424357522269556,0.005701385186574814,0.005887647601878543
2023-09-19,-0.0020737714243528327,-0.002131435211034982,-0.007380596255662231,-0.0009476457412548323
2023-09-20,-0.009193361806369982,-0.014410492002254971,0.003125154610111869,0.0007253927124595272
2023-09-21,-0.01652835504809147,-0.018324551162502423,-0.02567433110352335,-0.007248413758109917
2023-09-22,-0.002248656765926116,0.00013981178835420494,0.008048795350225957,0.0032013033173832195
2023-09-25,0.004205286191780955,0.004749814376366235,-0.024609056890163572,-0.005150588926742139
2023-09-26,-0.014691274582096181,-0.015016351391357152,-0.0034761097955288145,-0.007990985893820302
2023-09-27,0.00039907989459098125,0.002343371840702213,-0.0051756697124186735,-0.012366647894697436
2023-09-28,0.005797607797900506,0.008365379597097045,0.003053203840648333,-0.004997187509914736
2023-09-29,-0.0024270620482950145,0.0007259882465155965,0.0001130232367765327,-0.01027534966921384
2023-10-02,-0.00039773425459432854,0.008345840196080756,-0.016739809278969786,-0.010498705650611395
2023-10-03,-0.013386013422892362,-0.017549804404582647,-0.021512012785240064,-0.0028882419805683623
2023-10-04,0.007281980249475906,0.013608843815828164,0.014108043051536345,-0.00011825651470720455
2023-10-05,-0.00037675381284396625,-0.0029465047872074823,-0.0049847732810626155,-0.0018327868021307259
2023-10-06,0.011872739817849531,0.016755375532274908,-0.012117340714725588,0.005153083621109555
2023-10-09,0.006402257118859778,0.005100013923210023,0.02346959248542846,0.01838544744893622
2023-10-10,0.005204807487344976,0.005538061098602887,-0.001382294549245655,-0.0016780958953311886
2023-10-11,0.004096306420702467,0.007135449932823779,0.020885885104862334,0.007303045938392039
2023-10-12,-0.006096511134232152,-0.0034752670349538217,-0.027127638339281446,-0.0030496507265770356
2023-10-13,-0.004980912219120448,-0.012569862049170433,0.017892212093928217,0.03214825984540237
2023-10-16,0.010521589928818909,0.011306201429519325,-0.016094072653974445,-0.004864928190345896
2023-10-17,-4.5937706148357904e-05,-0.0032752720739323005,-0.011020860402702004,0.001854273768354009
2023-10-18,-0.013325232055947489,-0.013118007102798424,-0.008797860709706007,0.014470816805260078
2023-10-19,-0.008786278188990582,-0.00935688738798457,-0.02047315099958036,0.012274016037125302
2023-10-20,-0.012288066983292767,-0.014917784180542348,0.005678218759728848,0.0027308974274993236
2023-10-23,-0.001733176081042953,0.003017482650612635,0.012013635434202197,-0.0033770637265357895
2023-10-24,0.007539449500823192,0.009727966864088389,0.013176492296337328,-0.0001093308866343401
2023-10-25,-0.014352274963949196,-0.024475779520416352,-0.022261033841992184,0.004208823642007475
2023-10-26,-0.011974718716237787,-0.019067106256105193,0.015338665083822534,0.0015784524505004782
2023-10-27,-0.004532719316338252,0.0048012686093075185,-0.004248946044296487,0.011629799758344106
2023-10-30,0.011955744259585455,0.011265169395951347,-0.004504227415020545,-0.005640547017974562
2023-10-31,0.006280382746848501,0.0047823380669043125,-0.00488148031471447,-0.005456562573315615
2023-11-01,0.01066484419584568,0.017356861972202875,0.02168231792178066,-0.003150642851826535
2023-11-02,0.01916431166915311,0.018153448589183885,0.022796825330691384,0.0033240729584833595
2023-11-03,0.009123336091057421,0.011748681783249282,0.006778358570580734,0.003638921283475316
2023-11-06,0.0023005245664822205,0.0040793808396473175,-0.009699770459323909,-0.007792560392528958
2023-11-07,0.0028460680704587293,0.009452758066726297,0.014749585496097062,-0.0041451308444235835
2023-11-08,0.000732347382665699,0.0006438253435339103,0.017034007031731857,-0.00996764391222027
2023-11-09,-0.007798799907394627,-0.0076956328440433985,-0.02300127263285867,0.003982968433291267
2023-11-10,0.01560488125277848,0.022482344891605166,0.005600151779171059,-0.010909752197912237
2023-11-13,-0.0009533215723012134,-0.0031185509528605104,-0.0022727134910002222,0.005570720464602719
2023-11-14,0.01940071343775296,0.021526476110857784,0.022667054206382486,0.00891917710567891
2023-11-15,0.0021172661062323073,0.0007525673315378345,-0.014034059875767002,-0.002635601473798599
2023-11-16,0.0012231032171463596,0.000855750709966463,0.012426688661769436,0.011286077178189302
2023-11-17,0.0012436782908240573,0.00023321625073347008,0.004686113911362977,-0.00010890234740634774
2023-11-20,0.007697717710478891,0.012174828632052881,0.0061086469775137875,-0.0016333808174913145
2023-11-21,-0.00217940260433247,-0.005809531994962591,-0.0004417440320381161,0.010797900632885549
2023-11-22,0.0038608564185593774,0.004093160427200315,0.0035341834787330217,-0.004262252597286853
2023-11-24,0.0006151191916006216,-0.001410175399815583,-0.01177517479411394,0.005201596914642614
2023-11-27,-0.0018007847000995891,-0.0008726237815359639,0.01670394627136873,0.006737817869841178
2023-11-28,0.0009900251088583722,0.0026207160344915437,0.001971635296956542,0.01333185296040651
2023-11-29,-0.0007033710126977955,-0.00097387581894115,0.012570794563286025,0.0014794398574644596
2023-11-30,0.003937459771498286,-0.00251401863577827,-0.011551165080736281,-0.004167950375202456
2023-12-01,0.005915855135181891,0.002854816337142241,0.01883389045688899,0.017271494075951743
2023-12-04,-0.005249285579387308,-0.009283579677896836,-0.003978763323086554,-0.021613426463259477
2023-12-05,-0.00019712998148146976,0.002510859878721572,0.02148563862042807,-0.0037794459254784085
2023-12-06,-0.004029867927364483,-0.005783786868135299,0.013317810969489807,0.0036868953454944897
2023-12-07,0.007630378421038975,0.013972239145291221,-0.005737314638590618,0.0016503277504122948
2023-12-08,0.00429928913981481,0.0044565010786501436,-0.008182773569641366,-0.013340391114851191
2023-12-11,0.0038894939518421268,0.008542398583007094,-0.002115564407157877,-0.011042895165362165
2023-12-12,0.0045673206668572774,0.007964203499214895,0.0029680147510486865,-0.0005446421195114404
2023-12-13,0.01379001026096005,0.012717217166327899,0.02346233101761519,0.022562533466176315
2023-12-14,0.0032093987584640438,-0.000866852368030635,0.02601261426512025,0.0058625529824696265
2023-12-15,-0.0016463939025904706,0.004833917147929689,0.0011110372415055192,-0.009166511771857122
2023-12-18,0.005625020900935418,0.006298847944845809,-0.007967856040765775,0.00454548718457537
2023-12-19,0.006080888152631747,0.005109501437056796,0.005388503251306798,0.006813940578695332
2023-12-20,-0.013857424693233478,-0.014859861189456591,0.006775170040762113,-0.005445982936103211
2023-12-21,0.009482070774630813,0.011635518529038213,-0.006327867973845436,0.007070635455129759
2023-12-22,0.002009719969327861,0.0014959664814782059,-0.004548664504011146,0.004434417088942322
2023-12-26,0.004222373783581368,0.006121774990105244,0.0028433152265370243,0.00762073325107937
2023-12-27,0.001808151716975459,0.002035664307933782,0.017719448160661067,0.004537842226414401
2023-12-28,0.0003778565105609921,-0.00048595083703317776,-0.0072627950760417725,-0.005815437657636924
2023-12-29,-0.00289510049084285,-0.004327735118583642,-0.009019831236393383,-0.001566841018672216
2024-01-02,-0.005596223697768465,-0.016922150532431846,-0.005764549331793267,-0.002353909884146743
2024-01-03,-0.00816682193083551,-0.010581699314739956,0.0041703612353072295,-0.008336809604204354
2024-01-04,-0.0032211409789195677,-0.005146479781403479,-0.015194267841165954,0.0010046128932528209
2024-01-05,0.0013697650781061554,0.0011861066303766599,-0.009565983003111955,0.0001584554095515056
2024-01-08,0.014276006656995133,0.02066789787595713,0.009866094252744428,-0.007816271130823171
2024-01-09,-0.0015172428997773935,0.001975549818679756,-0.006375951624234655,0.0003193567900841021
2024-01-10,0.0056555426872197945,0.006777486785754849,-0.004657679125761427,-0.00228804710551489
2024-01-11,-0.0004406430412424722,0.0020808564616026093,0.005614889384536248,0.0019733072916665595
2024-01-12,0.0006927821246200949,0.0005130077296036095,-0.00196436710922987,0.009794068475553752
2024-01-16,-0.0036712991848999454,-9.759006217180399e-05,-0.01761292513456958,-0.009488181898979708
2024-01-17,-0.005558629120554048,-0.005640893244120315,-0.0015818222827174155,-0.011015950635288596
2024-01-18,0.008892804945121346,0.014194208121402818,-0.009295599821406264,0.008232882099906247
2024-01-19,0.012466149899377443,0.019830961884524934,0.003198478924101744,0.00298872590696031
2024-01-22,0.00211434569673008,0.0013060002652134362,0.00595177343999298,-0.003777957126316789
2024-01-23,0.0029164844868880824,0.00414942145731656,-0.007923769909369716,0.0038991332271092194
2024-01-24,0.001093117532592558,0.005549251222107587,-0.005857357645873917,-0.008246890539639784
2024-01-25,0.005438842130797594,0.0012212883989162204,0.006534744289209415,0.003969986681303217
2024-01-26,-0.0012702598207648963,-0.005957610580108574,-0.001915924305154304,-0.0006946931881828267
2024-01-29,0.007919186573909665,0.010240496769615248,0.01151642731517577,0.007058485444586982
2024-01-30,-0.0007733600276729202,-0.00665675290769252,0.009065951030162278,0.0013805262268791196
2024-01-31,-0.016317332389816475,-0.019586150226898358,0.009820502111674179,-0.0007423479101067443
2024-02-01,0.013088242531106742,0.011775635373178162,0.019615428746795338,0.01040067256889099
2024-02-02,0.010527280794338623,0.016900442247979486,-0.022088297486789754,-0.009453300862028113
2024-02-05,-0.003641248733787239,-0.001305256922797815,-0.020193769689701768,-0.005513988032274764
2024-02-06,0.0029034251535566824,-0.002007232482510446,0.009773885348299816,0.005224693124019186
2024-02-07,0.008340343964781116,0.010290143989900358,-0.004839595743501679,-0.0002651978305409086
2024-02-08,0.0004417085496768447,0.0018519638657419346,-0.005814544986285197,-0.0009018470501077624
2024-02-09,0.0057793937584749155,0.009843096895037151,-0.002020276912718888,-0.003876152075833028
2024-02-12,-0.0004389136296578666,-0.003912590269633864,0.0011719874296536315,-0.002611969494785926
2024-02-13,-0.01377303020064069,-0.01559698245607044,-0.01713494763482426,-0.013788690196348319
2024-02-14,0.00908758864746062,0.010897123539383324,0.005089263084599782,-0.0005961123453055439
2024-02-15,0.006899859742297121,0.0029777692814814127,0.005171395572457493,0.0067238125229134305
2024-02-16,-0.004980034659660015,-0.00906767251695495,-0.0057881397949594016,0.0036625695484679976
2024-02-20,-0.00550536084322828,-0.0075481949182418795,0.0008625795143109016,0.0060642100730936566
2024-02-21,0.0009057847460316459,-0.004001679411380188,-0.007108977326374499,5.331256612173263e-05
2024-02-22,0.020695536976350626,0.02927566020247596,0.004881902258019544,0.00042672195902415666
2024-02-23,0.0006895074576787064,-0.002944730697462372,0.013386579667471699,0.005651511902278639
2024-02-26,-0.0036624896936818807,-0.0005265801409043425,-0.0029830099824729173,-0.0022266895335479875
2024-02-27,0.0018578146153025443,0.0024052902769637896,-0.007052281492708756,-0.0010626830578386315
2024-02-28,-0.001321689813283622,-0.0053245600958958805,0.006349141997674224,0.001808491158992842
2024-02-29,0.003594930678976649,0.008569523774434318,0.007057377662535114,0.005150266749304189
2024-03-01,0.00938825893854034,0.015056783200686041,0.006230750642361782,0.018910791174389097
2024-03-04,-0.0010722965976444065,-0.0035682070652278686,-0.004022247338844265,0.016174996770490502
2024-03-05,-0.009994155065539134,-0.017949478676587693,0.014241779359976947,0.006020141664404788
2024-03-06,0.005067159562645029,0.006283673694850167,0.005867919543737221,0.008215401882095241
2024-03-07,0.009926432787449091,0.015178080931419924,-0.0009372566511982594,0.005683843351386164
2024-03-08,-0.006002176587923902,-0.014434889605656198,-0.0017729599420035491,0.008452547868211147
2024-03-11,-0.0008597807793050416,-0.003712809669369599,-0.0005221813457793045,0.00183502012710135
2024-03-12,0.010757309324560982,0.01433501251476077,-0.008361220349194398,-0.01094062729637224
2024-03-13,-0.00156751894372531,-0.007686124961776675,-0.004848306061667751,0.00700740378557585
2024-03-14,-0.0019768443385344003,-0.0025212210270902924,-0.015356778612298672,-0.004175139558116436
2024-03-15,-0.006866561198316967,-0.01188671202874303,-0.0003226282300980987,-0.0031944066391379478
2024-03-18,0.005943246772398547,0.00953734678364282,-0.0030126562280579083,0.0016022835845583838
2024-03-19,0.005557042851900729,0.0024914995854921074,0.0028058018667564966,-0.0011498061737871268
2024-03-20,0.009249220489163434,0.011856621878305384,-0.00032289329953882895,0.011911859798154678
2024-03-21,0.0033047288904151095,0.004732196157055446,0.002153042864186494,-0.0010386361790747367
2024-03-22,-0.001895647741515627,0.0011438446939753266,0.00956094501149063,-0.008020968992406341
2024-03-25,-0.0027630632151754986,-0.0036291073610812408,-0.005001332700195205,0.003194406639138503
2024-03-26,-0.001846783241131189,-0.003237800548010372,0.0027805704640171403,0.003233961285236342
2024-03-27,0.00840377966000716,0.003406078452022232,0.009917868964407273,0.007240660177973091
2024-03-28,-0.00019109300031516785,-0.0018433273253743998,-0.0008446848515274441,0.012900024807740218
2024-04-01,-0.0017397471804491138,0.0021171258089982548,-0.018641073726708757,0.010208079384865787
2024-04-02,-0.006358039191712406,-0.008630239505354464,-0.005510527460122594,0.014772360490971526
2024-04-03,0.0010983564317403882,0.0022443151411259965,-0.00021761588137703125,0.008772374739768996
2024-04-04,-0.01220609629756475,-0.015290586605861245,0.0071724872181513355,-0.005734705223284009
2024-04-05,0.010446957715479321,0.011783797496835335,-0.013918785306862413,0.017114197447370083
2024-04-08,0.000559248560956016,0.00029517030484260687,-0.00010925749201506907,0.006228485366236658
2024-04-09,0.0011567576165172344,0.003699522351166662,0.009301710877535507,0.0054970549930351
2024-04-10,-0.01001316531469254,-0.008728626854750177,-0.02179324965999274,-0.009463856185613961
2024-04-11,0.007547148595251185,0.015968439194780304,-0.004544595195625112,0.019433247203493043
2024-04-12,-0.01380327528992642,-0.015941899798771142,0.00534444890692698,-0.013239324939518515
2024-04-15,-0.012528034459213688,-0.01645088674250672,-0.015505195693967355,0.01871915519396472
2024-04-16,-0.0018238942983372919,9.267182482464165e-05,-0.006637872382306398,0.0012220152803359419
2024-04-17,-0.005918146296836069,-0.012201352911956564,0.01109880979225042,-0.007368252752093074
2024-04-18,-0.0020577312143444937,-0.005706230937572165,-0.005040276967649304,0.0034154561341945833
2024-04-19,-0.008728434984663358,-0.020689270414848582,0.0036024322066305903,0.003131535140574737
2024-04-22,0.009209160188321297,0.010056652323136017,-0.0016826054392842238,-0.02470249054532203
2024-04-23,0.011866680632743876,0.014922862028085015,0.00033714536931839234,-0.002458663172418052
2024-04-24,-0.000474650471096294,0.0033877815104594866,-0.007076429913997484,-0.0018600907225296837
2024-04-25,-0.003798820475225284,-0.004829964964322753,-0.007013813888961051,0.005963468053189924
2024-04-26,0.00947382871976643,0.01543165832634208,0.005240640813494624,0.003241927353549112
2024-04-29,0.003541443356069207,0.004060266029600079,0.008386248268921204,-0.002031218037689575
2024-04-30,-0.015841202983064795,-0.018855948339585593,-0.00854141329075886,-0.019937078844561418
2024-05-01,-0.0032472021430118847,-0.007230703535547889,0.007371227674590086,0.00906215232545482
2024-05-02,0.009353443441858067,0.01276340546332877,0.004290845896822715,-0.0030870874411647042
2024-05-03,0.012395318365177932,0.02009846802251758,0.010119250050860895,-0.0007976266365629092
2024-05-06,0.01032669206958392,0.010953363043273212,0.003895475600671494,0.010518361024399514
2024-05-07,0.0011036699183957221,0.0001590712989165688,0.006098456783134143,-0.004600326433150892
2024-05-08,9.653907712281473e-05,-0.0005906118762912804,-0.006061491041973399,-0.002941061869504713
2024-05-09,0.0057621401054415156,0.002181587931835205,0.004878896431225632,0.015778607960932778
2024-05-10,0.0012878639210678333,0.0023582772671688623,-0.005626990857525049,0.008112513438038427
2024-05-13,0.00013439969153217213,0.00230733613849754,0.002551986027803821,-0.011202103844459965
2024-05-14,0.004588276216013432,0.0064322568431134375,0.005644615374699624,0.008462045119477235
2024-05-15,0.012382833788202152,0.015630115667029987,0.013647277594433627,0.012838750510223651
2024-05-16,-0.002057411580288049,-0.0020311942224597868,-0.000977003758009909,-0.0038933433506626036
2024-05-17,0.0014374284791973668,-0.0004867877753059746,-0.006738581188639681,0.016497772589880277
2024-05-20,0.0011520663491471073,0.006972613543999584,-0.0029542437137016764,0.004023937591649318
2024-05-21,0.0024526293065789684,0.001956495468442121,0.005157899007098177,-0.001469548604571047
2024-05-22,-0.0028793326873322034,-0.00019746533469255922,0.0012011027477747405,-0.018373969565577908
2024-05-23,-0.007304331304737843,-0.004498363075116085,-0.0064341816833772825,-0.019944570339717638
2024-05-24,0.006616516866195132,0.009456323262327482,0.0029635081756533843,0.0009271136061119734
2024-05-28,0.0006988250410566721,0.0037777747020615315,-0.014335805647101019,0.010513172896031486
2024-05-29,-0.007002465409604697,-0.007048479957953435,-0.012101377934772284,-0.009303812074717088
2024-05-30,-0.006633746666733553,-0.010713409702823862,0.009664933175381085,0.0018967600627464165
2024-05-31,0.009108045657760355,-0.0018602651124286496,0.006789652020587678,-0.00586417430627717
2024-06-03,0.0008154775834219308,0.005369343170246177,0.01617446766939934,0.008917780500373507
2024-06-04,0.0011176893023752132,0.0027365205296696615,0.011681607111178938,-0.008977059834655354
2024-06-05,0.011885320959083678,0.020159807267179808,0.007337708106848195,0.011845603201318777
2024-06-06,-1.8686531899514414e-05,-0.0003451211482622396,-0.0014999731954573603,0.007391356612921562
2024-06-07,-0.0012158225465564998,-0.0008848534193367508,-0.018345426731853354,-0.0356833014337965
2024-06-10,0.003089795156630215,0.004039162242488459,-0.006666753072389842,0.009168181127878539
2024-06-11,0.002408101958623954,0.006862765052964903,0.010342314384222284,0.0028566106093963484
2024-06-12,0.008213143369918852,0.013097725211560274,0.007513822174004758,0.0026617200115086614
2024-06-13,0.002013634866294245,0.005420168360393163,0.014699393155495066,-0.008150148984962247
2024-06-14,0.0006082746199471689,0.005181329339672969,0.008414981779947706,0.012959545903254766
2024-06-17,0.007958911142973424,0.01224983990205386,-0.00992936533637534,-0.005191652247571565
2024-06-18,0.0025408272998925785,0.0003091500051279894,0.009175216676319042,0.004007271832187298
2024-06-20,-0.002716544837253032,-0.007708009423548434,-0.006659884578835817,0.012484347826456244
2024-06-21,-0.001340720179602073,-0.0026792207712977856,0.0,-0.01549323810998593
2024-06-24,-0.0032506448605784666,-0.011384551430412615,0.004043721677656542,0.003957566385821121
2024-06-25,0.0038508530722058953,0.011435540134137279,0.00169624107770594,-0.004962237629221655
2024-06-26,0.0012481518282372317,0.0020652176292863533,-0.01428558459580942,-0.009228168111804491
2024-06-27,0.0015764724631710525,0.0025812944194159027,0.003971797959112733,0.011336925587312363
2024-06-28,-0.003934977773824011,-0.005190895943448015,-0.01860532798012926,9.297647872497095e-05
2024-07-01,0.0020578397999337916,0.005864938254041441,-0.017258941117184512,0.002604589701364013
2024-07-02,0.006729719960815839,0.01049976702913269,0.007785625072152191,-4.643394389247657e-05
2024-07-03,0.004462763867459474,0.00833701524724395,0.01313318204134628,0.011273000380832787
2024-07-05,0.005766264784089259,0.01042684245866976,0.008278525380588597,0.013486798057396943
2024-07-08,0.0011540267107663649,0.0023783204388911905,0.002161153637018076,-0.012402074526820739
2024-07-09,0.0009725559202733436,0.0008645692519102521,-0.0044201827293272045,0.0016957473442755777
2024-07-10,0.009895173746174546,0.01042645875227799,0.0031401124949750336,0.0036603361122538036
2024-07-11,-0.008622552942059936,-0.02193013709534919,0.009715298819491958,0.017733403441032136
2024-07-12,0.006307644202944163,0.005874874338433367,0.004276035780417464,-0.0006270969301161999
2024-07-15,0.0027498468206132998,0.0026878312687781403,-0.011496504629910587,0.0032271131671974818
2024-07-16,0.005930452623807314,0.00038295548806632773,0.014106979742992909,0.019925798233449088
2024-07-17,-0.014021345604745883,-0.02935500464937113,0.00021260744332596282,-0.004643206403117328
2024-07-18,-0.007684831488600441,-0.004732504987974839,-0.007644229896221932,-0.006381186355259083
2024-07-19,-0.006640584713270448,-0.008863572509978268,-0.005884121581439139,-0.017937829186175036
2024-07-22,0.010310013477656366,0.014897628132664709,-0.002905833403035407,0.00031573231212611574
2024-07-23,-0.0015686751905057417,-0.003524498619142502,-0.0014030818391710387,0.003516676143213937
2024-07-24,-0.022662371094375633,-0.03587044026821529,-0.01080853406051141,-0.0035043524704835294
2024-07-25,-0.0052105164850400065,-0.011027523174140241,0.00819502202980149,-0.01564473026582147
2024-07-26,0.011199677243803441,0.010255924562653673,0.0078030223661198495,0.010534525866662925
2024-07-29,0.000587881090177822,0.002008798118356303,0.005377043078916621,-0.0014050562105476505
2024-07-30,-0.0050667192191087285,-0.013731486462422726,0.0038506433223470804,0.009985461488319247
2024-07-31,0.016254882398887727,0.02959369286095015,0.010229053542308408,0.018110725786084192
2024-08-01,-0.014161009832344695,-0.0242214947827043,0.00862490078087741,-0.003442943141866328
2024-08-02,-0.01861835023491809,-0.023734916269982254,0.031161325556379627,-0.0019046282784819235
2024-08-05,-0.0291236688695361,-0.029816097389267826,0.0052911856877893015,-0.012691935106198926
2024-08-06,0.009219559793274046,0.00955504066169377,-0.02236843963740298,-0.00800071383261225
2024-08-07,-0.00668402794959011,-0.01082966567766075,-0.00704004562326066,-0.0006796279952806517
2024-08-08,0.02311703979581292,0.030590932554009687,-0.006151874427147042,0.01568801363501282
2024-08-09,0.004409902704994417,0.005222374625495796,0.009861637090317288,0.0024552612171107047
2024-08-12,0.0005254170960922178,0.002153570213263123,0.003636174865921049,0.017144665770273848
2024-08-13,0.01644557530091073,0.024812822419140623,0.006934880780112396,-0.001532358906807585
2024-08-14,0.003154756395283176,0.00032439339569489967,0.0062707086241764465,-0.008155751250824572
2024-08-15,0.017140336759196684,0.025262991324807027,-0.008070535643250998,0.0031388449312386157
2024-08-16,0.002242011538596156,0.0012856868547286293,0.0035017936677526063,0.022387738526589374
2024-08-19,0.00956133089350808,0.013136041010129995,0.004618233360226931,-0.0016380226467287429
2024-08-20,-0.001626292891656167,-0.0020985433413951426,0.00796801389856805,0.0036699887797402297
2024-08-21,0.003436921938586801,0.00466414498720602,0.0006080659353504547,-0.0013336178629831386
2024-08-22,-0.007848673551824725,-0.01585496370356232,-0.009925764550647642,-0.011975011209935715
2024-08-23,0.010625420945469477,0.010845534315652827,0.006547108371155241,0.011553425520716143
2024-08-26,-0.002384044684012654,-0.009708410684589608,-0.0025410162349356336,0.0031893380775305236
2024-08-27,0.0013732415917853125,0.0029874842839181515,-0.0017320441970133382,0.002706671669018279
2024-08-28,-0.00580521267877987,-0.01134746528835795,-0.0012248210149262695,-0.007026862307456638
2024-08-29,8.94147719037175e-05,-0.0014639476130344775,-0.0032703371073226073,0.005177980359189593
2024-08-30,0.009545996421709724,0.011919416191217502,-0.010663490155984112,-0.0071260085162319076
2024-09-03,-0.020578906903775618,-0.03036082820689967,0.016355349003485564,-0.0043235765879541255
2024-09-04,-0.002046921726743367,-0.002598538270417894,0.012889931614982642,0.000607926500195255
2024-09-05,-0.0024321951977047673,0.0009336458666684422,0.005656093846992727,0.008332306942507417
2024-09-06,-0.01683006116965957,-0.026787401357589058,-0.00010054863416975035,-0.00740263040895639
2024-09-09,0.011196236972005114,0.012859705746210315,0.0043190064729046185,0.004205876079289794
2024-09-10,0.004355727613304827,0.009241704728569777,0.007000927459412498,0.004404097525006145
2024-09-11,0.01025898674273118,0.021715442270263452,-0.000794779798927614,-0.001590555949419148
2024-09-12,0.008423138494075166,0.00981611208867772,-0.0046712240593910215,0.017567284525531468
2024-09-13,0.005222869311307221,0.0044798398075980295,0.0026959497955976186,0.009943683944142245
2024-09-16,0.0014768050991735837,-0.004417842558630092,0.00916247119619018,-8.374817448175698e-05
2024-09-17,0.00040852441670646833,0.0005283031618672496,-0.004835719121903059,-0.005530911354914458
2024-09-18,-0.0029656261019592733,-0.004329615931661812,-0.012395752533950088,-0.00771046540528908
2024-09-19,0.017064356728375918,0.025284340792368853,-0.0033138423568483955,0.01554075728197235
2024-09-20,-0.0017287267010225316,-0.0019033668511447832,-0.003827999078977462,0.012710660066880486
2024-09-23,0.0024989563415040994,0.0026506503611412047,-0.0021240656145566916,0.0019404068737312041
2024-09-24,0.0028613582902003998,0.004823651303330401,-0.00020250951410649698,0.01396907347432852
2024-09-25,-0.002205585632772178,0.0009271367555294674,-0.008312086213071557,-0.001381767735032069
2024-09-26,0.003964567336684155,0.0075129531706144,0.0023509409127402403,0.005086884066794806
2024-09-27,-0.001450291034742035,-0.005556972238315194,0.005200829040858723,-0.007935830791900522
2024-09-30,0.004007095898987734,0.00271190352182038,-0.004767983513758733,-0.007999374253898517
2024-10-01,-0.008958215635586297,-0.013932499905102369,0.007219861355907575,0.010491249392624136
2024-10-02,0.00042213345413122383,0.0014129933643116654,-0.008427574833334228,0.00020358719772617384
2024-10-03,-0.001828216978564945,-0.0007469471302403718,-0.009420142130578069,-0.0006920058878574498
2024-10-04,0.009087226065216614,0.011897998211312544,-0.012300963159073142,-0.001996030315693398
2024-10-07,-0.009040265816705362,-0.010711511891130066,-0.007535422323910246,-0.0033877625757333663
2024-10-08,0.00945728106716004,0.01493461323050771,0.0016873400034318475,-0.007371925565205384
2024-10-09,0.006926579822679857,0.007868333743050515,-0.005685059502807066,-0.005446185963701722
2024-10-10,-0.0017500547466894334,-0.0011356682208553126,-0.0039171621683865565,0.007342892553628744
2024-10-11,0.005988255648767593,0.0015631940549689638,-0.0040391694688877156,0.010913408354139564
2024-10-14,0.008178293433608763,0.008391545821562874,0.0007470307940429244,-0.001629502157067031
2024-10-15,-0.007769661100431091,-0.013366840279940062,0.012157392417245783,0.003468359323146597
2024-10-16,0.0043464371945425295,0.00012221300495851573,0.004214575608506799,0.005001609209081437
2024-10-17,8.589626262245353e-05,0.000692623186298924,-0.015843206791396724,0.005988310835030708
2024-10-18,0.0038464495454269,0.00655465818105494,0.0007465000397854915,0.010618185005035086
2024-10-21,-0.001642085586487707,0.0019212677948561296,-0.017471026156567926,-0.0001990012771425631
2024-10-22,-0.0005312147796041611,0.0010899575565537223,0.0009756993344558484,0.01078732362833379
2024-10-23,-0.009137468491534073,-0.015323842042764602,-0.002707873904858271,-0.012050555849465017
2024-10-24,0.0021626634489242402,0.00810888963134837,0.006408028074382344,0.007693259346016168
2024-10-25,-0.000345292364963834,0.006093531494475002,-0.005611811253477095,0.0020569789010425055
2024-10-28,0.003091558131063099,0.00016137640820046428,-0.0027133439069016996,3.945407605776552e-05
2024-10-29,0.0016183129423537057,0.009608591879204154,0.0015234006574447179,0.010894858433216914
2024-10-30,-0.0030253152532839778,-0.007557642563808531,0.0029340915565749803,0.005505891218995584
2024-10-31,-0.019602996340970624,-0.025242867372027078,0.00162502228491479,-0.01549516696374409
2024-11-01,0.004220417054029646,0.007399111324273067,-0.014098394928198643,-0.0041023758773531815
2024-11-04,-0.0021538830639530326,-0.0029131533970082613,0.015521940235697862,0.0014259144001700363
2024-11-05,0.012091813620813241,0.01275680876051588,0.005311660817193253,0.002254447895035039
2024-11-06,0.024865513828021824,0.027163230776013902,-0.027388262367008975,-0.030386729020158265
2024-11-07,0.00773203391635513,0.015744301135520056,0.012527708172264118,0.01607650385553039
2024-11-08,0.004331879937762739,0.0011684322208767028,0.012701126921395245,-0.006769426092267272
2024-11-11,0.0009527466076082458,-0.0005835043115284266,-0.004865415808535278,-0.02347155656813127
2024-11-12,-0.0031062284233926984,-0.0018100874399656908,-0.014993588342073982,-0.008631355179477884
2024-11-13,0.0004857195522467439,-0.0012867040303062849,-0.009485970556664558,-0.010081225320474285
2024-11-14,-0.006430071676556404,-0.006949655318543857,0.005790594329264431,-0.0026091417886489054
2024-11-15,-0.012808663965106049,-0.023825907360210397,-0.002657019081653278,-0.0017720694429750328
2024-11-18,0.004097457137459903,0.006947666503565042,0.00177594261870051,0.019020246289590537
2024-11-19,0.0036554208946959488,0.006879693099302697,0.005097769134583263,0.008959325127211315
2024-11-20,0.000338928617444223,-0.000575982867586422,-0.0031972688516570535,0.005632045702723465
2024-11-21,0.005368146978349975,0.003597081753016429,-0.0007744477277985551,0.00833950039098208
2024-11-22,0.003099412387509881,0.0016041984227224138,0.0005534879264892378,0.012892210445830887
2024-11-25,0.003392035003947358,0.0015815774928176207,0.025887953737418812,-0.029458856541119016
2024-11-26,0.005221597596096306,0.005369298144249246,-0.0038823476188152295,0.0019383092584317474
2024-11-27,-0.003030127243096703,-0.007873449568862045,0.0069287320943407504,0.002222714763140843
2024-11-29,0.006212042831218234,0.008786908456267062,0.010321404735889717,0.008624546377060671
2024-12-02,0.0017923219600943785,0.010887827958784069,0.0024028026357567622,-0.00875440338997513
2024-12-03,0.0004639596457520767,0.0030663124159331367,-0.008628933208690848,0.002012776164397767
2024-12-04,0.006209419772410518,0.012362901157624062,0.010745632961225438,0.003033679807253664
2024-12-05,-0.0016456131830735465,-0.002771233605449175,0.002019975862331602,-0.007397709454119217
2024-12-06,0.0018957701105462021,0.008949540241089071,0.0014853751613392863,0.0003705687954560499
2024-12-09,-0.005149515637939861,-0.007787296117617304,-0.009217017394905769,0.009919751769426055
2024-12-10,-0.003109172026497964,-0.0034075611695705277,-0.004704900437584536,0.01316431251835759
2024-12-11,0.007730668434315913,0.017902309910528658,-0.009454282332251207,0.009533812345188464
2024-12-12,-0.005152790460075218,-0.006453821182894948,-0.012147480086743268,-0.014663722649505995
2024-12-13,-0.00019849142384786855,0.007654443118097376,-0.010210879938553297,-0.012091578404740733
2024-12-16,0.004270014744608863,0.014400624372974624,0.002995275811512821,0.002415209844427002
2024-12-17,-0.00412003380329462,-0.004403924742170773,0.002432965547807031,-0.0038386247250202787
2024-12-18,-0.029803479461340654,-0.036076779597242536,-0.012504106280127325,-0.019185077837713282
2024-12-19,-0.00030716989274937045,-0.004453291885227251,-0.015141604774266959,0.0014210967336203417
2024-12-20,0.012010900850058848,0.008732509680139389,0.005694120948505743,0.010434056495473909
2024-12-23,0.005988340412128146,0.009742667620634471,-0.009172316875249331,-0.004708795377563857
2024-12-24,0.011115176177002306,0.013559880318472661,0.004228670171611881,0.001992014086009908
2024-12-26,6.644664753374663e-05,-0.0006793477471822573,-0.0005690887055802563,0.006751179863859091
2024-12-27,-0.010526540204950474,-0.013292956201155781,-0.00819849608814005,-0.0068705038771270655
2024-12-30,-0.011411682852174976,-0.01329988577666863,0.008036543735461255,-0.0031896811646237033
2024-12-31,-0.0036377540532079866,-0.008494914911474472,-0.005352745427873007,0.006233636577161361
2025-01-02,-0.002457278752529435,-0.0019560671131130247,0.002748102344003911,0.013587714119632333
2025-01-03,0.012503689781776739,0.016365039065916687,-0.003197364069349229,-0.007864039973028758
2025-01-06,0.005760305074335781,0.011492907646523776,-0.004467877409596532,-0.0012320959587240887
2025-01-07,-0.011303997234498597,-0.017844029236509074,-0.011277432573076451,0.005633435188264313
2025-01-08,0.0014610447966336704,0.0001747392621378463,0.0012803524453794957,0.005315681488123669
2025-01-10,-0.01526754467506164,-0.01568113917978642,-0.006625679290618081,0.009558310004399662
2025-01-13,0.0015506829641329656,-0.003213849352669995,-0.00035110152456685473,-0.009951255605703535
2025-01-14,0.0013758344468568495,-0.000949432665889538,-0.001638728764141395,0.005249423200524239
2025-01-15,0.018189981207548556,0.023006319642075335,0.017235376866109764,0.007488993695735191
2025-01-16,-0.001923047849739179,-0.007006057796075327,0.003227404288386193,0.006910965874952435
2025-01-17,0.010039796281914537,0.016878419712516246,0.0017231685389058615,-0.005307269747253152
2025-01-21,0.009153611205534817,0.005865255906370992,0.008946004613463732,0.015485219016293739
2025-01-22,0.005621461947495243,0.012785745459629405,-0.005228954675919106,0.005135652699768123
2025-01-23,0.005457962961176621,0.002125904945632806,-0.007770712498186172,-0.0014148699521492336
2025-01-24,-0.0029191655193692156,-0.005651159769927361,0.004491453137390744,0.006218705580031125
2025-01-27,-0.01414557508182468,-0.02911469257413124,0.011809389670212056,-0.0104048052682425
2025-01-28,0.008592471315943984,0.014779945566438357,-0.0006798169296939882,0.008656417783572623
2025-01-29,-0.00448298091773347,-0.0018779513296827144,-0.0020411175992023356,-0.0038404097330004827
2025-01-30,0.0053671737979417156,0.0042624136919138245,0.0037496558514584777,0.01514551884715587
2025-01-31,-0.005321857757179305,-0.0014531385757335924,-0.0065655809139297805,0.0019763991077348386
2025-02-03,-0.006729614419163421,-0.008003185811964242,0.00814204691057463,0.005337271410283728
2025-02-04,0.006708265813236913,0.012275440813960703,0.0030623668755622724,0.00984841707528572
2025-02-05,0.004054459755776785,0.00453797635783082,0.01651022875602548,0.006209542410714253
2025-02-06,0.0034756083241560543,0.005219644256638789,-0.00044478736523445583,-0.0026502562908058414
2025-02-07,-0.009153457596513759,-0.012613379080135934,-0.006455247187278523,0.0017841598670260694
2025-02-10,0.006791099895684161,0.012105084236611052,-0.0030245641662539624,0.016938239196991
2025-02-11,0.0007606806800792842,-0.002380849092361581,-0.006404613116545388,-0.0036516022155236305
2025-02-12,-0.0032215678694511585,0.0005872188443505344,-0.013569758153003098,0.0010471549570203464
2025-02-13,0.010557519113488123,0.014385816961655307,0.016622504874373556,0.009862831092105617
2025-02-14,-4.899288490622933e-05,0.0041987179523994556,0.005300168279673834,-0.014871773334245608
2025-02-18,0.002935838326174167,0.0022670124299080108,-0.01177824909666092,0.01656090548123368
2025-02-19,0.0023547616268200233,0.00027811367488483896,0.0012488767030844894,0.000554096378723612
2025-02-20,-0.004160320690117292,-0.004244703476002032,0.0037409362231519694,0.0005168326664386491
2025-02-21,-0.0171040640568626,-0.020754400059762812,0.012084951571636138,-0.0009225433005247696
2025-02-24,-0.004550399360666035,-0.011804329041810946,0.002901384263346962,0.005429568123388684
2025-02-25,-0.004973339876223504,-0.012599328874079219,0.017247200062147527,-0.013188334192659745
2025-02-26,0.0005050038529845757,0.00241540289101283,0.005906687127950283,0.0015263333689308212
2025-02-27,-0.015961979068096488,-0.027771090473475257,-0.007068191367703425,-0.015239958822878874
2025-02-28,0.015605628259372173,0.015791487667927706,0.012266013927769714,-0.006265820058134697
2025-03-03,-0.017520015752847895,-0.02188250255564972,0.004666559698846662,0.013180390342641513
2025-03-04,-0.011836731125791644,-0.0030178057224873323,-0.012314759907969597,0.008697635934455272
2025-03-05,0.010747771889564772,0.013036127836530076,-0.007984315678209009,0.0020813110966888537
2025-03-06,-0.017751046025104578,-0.02750938352150445,-0.0033074795562896275,-0.005081207410422395
2025-03-07,0.005604676297534139,0.0073534635856822295,-0.0032078040017494702,0.0005219558189655249
2025-03-10,-0.02663552073460429,-0.038756416294694285,0.01043143294032256,-0.008755937163287819
2025-03-11,-0.008312772881163277,-0.0023903739207314922,-0.007138837512724594,0.011727541035094546
2025-03-12,0.0053064547293955044,0.011280785296880147,-0.005973454162843672,0.004346793335703092
2025-03-13,-0.013330464770631378,-0.017990547546147484,0.008791439074480989,0.017756144523255468
2025-03-14,0.02065584412799515,0.02417051804002801,-0.0052950836123862866,0.00039975774946587883
2025-03-17,0.007711244543959328,0.006483817341284004,0.004990470213354303,0.0054135329342379634
2025-03-18,-0.010808333844499307,-0.01704744819637183,0.0009933539014823634,0.011671955843306048
2025-03-19,0.01089071073712744,0.013381304361163915,0.005181397482426853,0.004107707999658539
2025-03-20,-0.0028916370774351163,-0.0033894239476881527,0.0006577807652770051,-0.0012805854303336028
2025-03-21,0.00032983069351377736,0.003296598008465601,-0.005918460365094358,-0.008049901213267985
2025-03-24,0.01790851112775793,0.021944450293913897,-0.010253384526342613,-0.004452548665506595
2025-03-25,0.0024038461538462563,0.005706520428625295,-0.00011170047476793954,0.004400365088198743
2025-03-26,-0.011938329377862766,-0.018400664764782526,-0.006573157440728061,-0.0008259812019960622
2025-03-27,-0.002655564982771863,-0.005698028834264068,-0.002915428686874,0.013405732882559862
2025-03-28,-0.02013865182111818,-0.026327755065839842,0.01383397051343227,0.007412123023167849
2025-03-31,0.006712944972543822,-4.266189797086373e-05,0.00987356517953275,0.014363222998346137
2025-04-01,0.002824357736747052,0.00806101789864222,0.008665538293752384,-0.0019782303576065807
2025-04-02,0.006328418075771669,0.007298527896707263,-0.0006556925469287656,0.0020516615880092903
2025-04-03,-0.049280520860273236,-0.05353355018099104,0.004593481755136741,-0.006038278082531101
2025-04-04,-0.05854315282544742,-0.062108966865825344,0.010887383828208641,-0.02339226273628292
2025-04-07,-0.0017811294100512631,0.0024132844064979064,-0.030156193347416704,-0.02148580630415131
2025-04-08,-0.015662835573318157,-0.018008405271550787,-0.01887831867874523,0.005443793790763651
2025-04-09,0.10501934487618847,0.1200306910985105,0.005885706703483429,0.03699125081478161
2025-04-10,-0.0438190778591766,-0.042532212140348524,-0.02756846124270307,0.0244235794430141
2025-04-11,0.017842847815596086,0.018423094979122423,0.005438606344071895,0.019086664805096243
2025-04-14,0.009701659389782957,0.006778197691267085,0.007135622009359022,-0.005705977012200658
2025-04-15,-0.0028011865365346056,0.0011147606263994803,0.0035424863791435612,0.005232379352138938
2025-04-16,-0.022227995474396134,-0.0301535260986584,0.005579540622882684,0.0325408102664011
2025-04-17,0.0014268371206644925,-0.00018002167593811347,-0.008832603995638233,-0.004390692094044635
2025-04-21,-0.023802586359008893,-0.024746711573623625,-0.017479531702061513,0.03093558529908469
2025-04-22,0.026017707609816698,0.026251999756201405,0.005581250341496036,-0.014195668551963636
2025-04-23,0.015495359112173146,0.02267820590451386,0.009713001040188463,-0.023978630729734163
2025-04-24,0.021048919573391833,0.028137144995810548,0.01053616312427641,0.014556277018207942
2025-04-25,0.007225435002126357,0.011147913183115143,0.007366143159967864,-0.010841679678267213
2025-04-28,0.00038131807369912174,-0.00031748067315262585,0.0063001100427146906,0.01424210344049559
2025-04-29,0.006299374906016286,0.006604420172422909,0.00838439523827561,-0.009738925467677184
2025-04-30,0.0003969200081936908,-0.00012608280311976472,-0.008092961623596295,-0.007482221012837353
2025-05-01,0.007086787382727833,0.013060684370166165,-0.005070747398453479,-0.02077228754256477
2025-05-02,0.014844223315300997,0.014843867730180316,-0.010824079618056648,0.0017481999132260562
2025-05-05,-0.005734332018031862,-0.0059324515523163646,-0.0055852861769014606,0.029867754776654154
2025-05-06,-0.008358381317041252,-0.009301699048467116,0.003324090772691024,0.02802400275899264
2025-05-07,0.0042055333826633845,0.003925811050641936,0.004227362161915993,-0.014993060801348546
2025-05-08,0.0069678158690302805,0.01032498861656328,-0.01114924251387861,-0.0196942722998793
2025-05-09,-0.0012742010630860667,-0.0006554147301280899,0.0014955795648048387,0.007254674259445482
2025-05-12,0.03304758435667554,0.040740266778984235,-0.009305010158177973,-0.028190568373488878
2025-05-13,0.006603868769380794,0.015240716153847256,-0.004058324383242051,0.004258992599597278
2025-05-14,0.0012780843114834628,0.005993015658443124,-0.0066365856151890945,-0.021037827999516923
2025-05-15,0.004884164117122447,0.0010990587909358585,0.008790589725676146,0.015963953531585195
2025-05-16,0.006334010280944824,0.004352466066010363,0.0026722145586428603,-0.012087047232674286
2025-05-19,0.001093925331137946,0.0009586232783760362,-0.0028967339636637446,0.012880671121226372
2025-05-20,-0.0033621577891223,-0.00333301190043489,-0.007205312725030666,0.0186222454642182
2025-05-21,-0.016850859230970072,-0.01389689743932343,-0.017089876897742662,0.007378683875855163
2025-05-22,0.0003947301607376552,0.0018713292661378667,0.005240018648069,-0.008861493387459118
2025-05-23,-0.00682577549886576,-0.009260787725973607,0.0016585614599025078,0.021906288045034472
2025-05-27,0.020790453816979637,0.02352528049628222,0.013956211333137292,-0.016949152542372836
2025-05-28,-0.005785334582506851,-0.004432002109342914,-0.004316120030880444,-0.0022660178699712707
2025-05-29,0.003947532195898162,0.001965939895870905,0.00925504449885528,0.0059247154716217665
2025-05-30,-0.0011186544515516816,-0.001577420753934744,0.0015089469676925482,-0.006576942326457891
2025-06-02,0.005633013408462562,0.007898380719473685,-0.00930656500884397,0.026581051258171673
2025-06-03,0.005702585572020968,0.007816985003074706,-0.0017613318158860025,-0.008855551213511115
2025-06-04,-0.00026834647256068767,0.0027877601512200645,0.01623318587426903,0.006441974072654677
2025-06-05,-0.004832886576524031,-0.007526845224907985,0.0006946139488681613,-0.00504987891618125
2025-06-06,0.010269106845499198,0.00977530936231874,-0.012724100440758779,-0.013416073696802311
2025-06-09,0.000901188259490926,0.001471946436041982,0.0010543330905905535,0.004718534884218695
2025-06-10,0.005669725381956647,0.006613733941367217,0.005149844085079458,0.000293510988597534
2025-06-11,-0.0028522664267675024,-0.0033694155871424325,0.0030276181356017062,0.005412290790508978
2025-06-12,0.0039745495111596085,0.0023479557523646832,0.011957094124373624,0.0124202002480438
2025-06-13,-0.01118007341294125,-0.012554752125128799,-0.009636006021913612,0.013100564311248064
2025-06-16,0.009514168567761327,0.013910003058168918,-0.010077590755852017,-0.01425909653729851
2025-06-17,-0.008545182675272933,-0.009751272831682534,0.012169231180359397,0.0005131941200071655
2025-06-18,-0.00015056814553315867,-0.0001701855580187317,0.0017342330932796912,-0.005385627565021256
2025-06-20,-0.0023485936531058016,-0.004083405814899965,-0.0018465281508232012,-0.00041901914110908933
2025-06-23,0.009877445925917883,0.010282511831748442,0.0032371922836234024,0.0030631724583116693
2025-06-24,0.011047302183246677,0.015292076160373202,0.007260575303032368,-0.015719378751237634
2025-06-25,0.0005602465941441093,0.002556582791233719,0.0012587734654652127,0.003037305817845004
2025-06-26,0.007823877617316954,0.009350194442613535,0.00502774940319628,-0.0011070472235482631
2025-06-27,0.004968425624821915,0.0034235866914866797,-0.0063670925403022105,-0.018123728993798327
2025-06-30,0.004780978544703496,0.006477132278666975,0.009840849869417134,0.01198454729743359
2025-07-01,-0.00032351675428288207,-0.008429464418171384,0.002479307706840128,0.008923010663382636
2025-07-02,0.004533304513562708,0.0069652606809811335,-0.006353105818417082,0.005527596405484614
2025-07-03,0.007881428001803137,0.009840383704186273,-0.00696536796099656,-0.006822911403597365
2025-07-07,-0.007452075252634249,-0.007533012185005128,-0.009543413035262738,0.000748780548875283
2025-07-08,-0.0005477000385931685,0.0005616266219470312,-0.001276919041970026,-0.010443411868664265
2025-07-09,0.005996687665528189,0.0070788589128854,0.010461395375439109,0.004471282664348264
2025-07-10,0.002820322180916879,-0.001438335027872717,0.0006903229923616028,0.0022257895319868215
2025-07-11,-0.0035155373444906157,-0.0022502487995504916,-0.013794809771794148,0.009601575193336043
2025-07-14,0.001908260069777068,0.003626862935266484,-0.0020981137125526406,-0.0036553174266280575
2025-07-15,-0.004273228812600283,0.0009167947504504781,-0.007008448134976364,-0.004155705135267751
2025-07-16,0.0033431230556661973,0.0010240257887761395,0.0014116393761700596,0.004988096125243757
2025-07-17,0.006119670944298328,0.00809272064949762,-0.00023525638507171376,-0.0021735334020257513
2025-07-18,-0.0007322815495487411,-0.0009613285195146926,0.0015276842707749871,0.002600924347578637
2025-07-21,0.0018961202137257605,0.005184705757912189,0.008915850769218192,0.015370115792427752
2025-07-22,0.00014315745726389828,-0.005175483270000059,0.006046562589280269,0.009484882235462067
2025-07-23,0.008507352960706926,0.004561076885380766,-0.0055477322792880646,-0.01240118112003663
2025-07-24,0.0003312664298054102,0.002128355309242602,-0.0017434722345646136,-0.006118276977772341
2025-07-25,0.004224198566099124,0.0024071072086846446,0.006287012746917453,-0.0092499926477293
2025-07-28,-0.0002511098453120697,0.0031252046000376232,-0.006479172036752301,-0.00647361832754334
2025-07-29,-0.002637607015591792,-0.0015489271998813114,0.01688593413390227,0.002750389076383808
2025-07-30,-0.0012592832087132688,0.001339637501321711,-0.005153378142034537,-0.017273497289540862
2025-07-31,-0.0037511180467195704,-0.0052990691610236285,0.000575481401112965,0.0066454015709211944
2025-08-01,-0.01639049835771056,-0.019698770955159706,0.014216519433525976,0.020299689958884537
2025-08-04,0.015199795018246753,0.01845171379066346,0.002732931920847337,0.005823229257701401
2025-08-05,-0.005070067634880604,-0.00678958258079454,0.003066100566024854,0.0008040912066364925
2025-08-06,0.007659766552083447,0.012583339213995792,-0.005773880627735983,-0.00212110700071233
2025-08-07,-0.0008375655634337287,0.003384234098574357,-0.0017079228486186482,0.008437987494967825
2025-08-08,0.007797445098702616,0.009328128019823856,-0.004334164622246561,-0.00022357985855403495
2025-08-11,-0.001977363143624844,-0.0029587901123624416,0.0011452834544436463,-0.014374701087597641
2025-08-12,0.01064585806164664,0.012568716833862625,-0.005034967162779513,-0.0009074665058316222
2025-08-13,0.003423258482342151,0.0004999924852950866,0.008280738754975703,0.0030492830145867345
2025-08-14,9.305267750447932e-05,-0.0007753204160515503,-0.007414087304886352,-0.006338706734070332
2025-08-15,-0.002341256111529244,-0.004397314837684685,-0.007124870649971027,0.0005858183101099534
2025-08-18,-0.00021767629592628346,-0.00039855372212804774,-0.0028936301018365196,-0.0015612675411803556
2025-08-19,-0.005425108869057227,-0.013567505729100482,0.005804054991910279,-0.005473279447945512
2025-08-20,-0.0026570069796351126,-0.0059373111394762645,0.0021925918476548567,0.010122175284489776
2025-08-21,-0.004011979513716901,-0.004629916418058766,-0.0049514757954494115,-0.0034698951143765644
2025-08-22,0.01535690781484722,0.015427492843584245,0.007406519650398513,0.01070642694476942
2025-08-25,-0.004401019577044973,-0.0028847647262698617,-0.0028720231454795186,-0.0024148368614391735
2025-08-26,0.004186869919697411,0.004015326726342305,-0.0005759668113196614,0.007262047243691283
2025-08-27,0.0022785491312995454,0.00153672859612497,-0.0011526898065106206,0.0020187288833615202
2025-08-28,0.003541412018451817,0.006260056829416216,0.00657823770557342,0.007419038046796889
2025-08-29,-0.005963766656904346,-0.011575607307671265,-0.007108624151746179,0.00964990177666114
2025-09-02,-0.007410143948452741,-0.008379975455706457,-0.007441785443995652,0.023642559312442524
2025-09-03,0.005419476296687709,0.007867493026234351,0.01097782844662154,0.007831992196408066
2025-09-04,0.008357508586952056,0.009051450075730383,0.007623820843297713,-0.004418882618094533
2025-09-05,-0.002896333007960439,0.0014427460971786488,0.015247070987985722,0.01334594055214322
2025-09-08,0.002456751876376062,0.004878105966546364,0.013324275635709482,0.011388067271604019
2025-09-09,0.002311808923262104,0.0028331976868618547,-0.005683062946692741,-0.002269905468609168
2025-09-10,0.0028908489301462392,0.00032710650029255106,0.005715544747266099,0.0035922056391106683
2025-09-11,0.008310057760350764,0.005820655185279078,0.006685898876724217,-0.0014913797811720864
2025-09-12,-0.00033452068106376576,0.004417274512720226,-0.004316967019336482,0.0019715725978484144
2025-09-15,0.005323914685996245,0.008556888427040832,0.0023346059133946273,0.01040483601055886
2025-09-16,-0.001376746979403265,-0.0008450255863039491,0.002107304750851746,0.0020064107533963593
2025-09-17,-0.0012425427283411228,-0.0019960674739554207,-0.002545490576545184,-0.007715171664187115
2025-09-18,0.004672558631052093,0.009017073815117405,-0.010319857136912525,-0.0040063094596702875
2025-09-19,0.00495283642365596,0.006769298419933234,-0.001905857577760961,0.010607227252210416
2025-09-22,0.004731178118008383,0.0059200963686592,-0.003594647457449085,0.01730643093326134
2025-09-23,-0.005443849718218208,-0.00664235988597095,0.00698971579941321,0.004086375052867464
2025-09-24,-0.0031814726866927767,-0.0035105829529757937,-0.003806613697627692,-0.009063049726670935
2025-09-25,-0.0046134455757694814,-0.004311257815562852,0.0,0.004165188877066628
2025-09-26,0.005729103921045642,0.004110892537597222,-0.0008987745621780174,0.00577227044053652
2025-09-29,0.002810340950996748,0.004631067768362973,0.00821121991831153,0.016496514338703028
2025-09-30,0.003766800103219392,0.0027392231872349626,-0.0029005682738738603,0.008540004081594166
2025-10-01,0.0034076068646293756,0.004797015707736829,0.0025824202755302395,0.0015753722020723782
2025-10-02,0.0011517315659728133,0.004110932665624789,0.0029118429074153074,-0.003482825151325697
2025-10-03,-1.4657797132167083e-05,-0.004209714080001925,-0.00189835928660409,0.008032937892485048
2025-10-06,0.0035861425551588777,0.007510254125414173,-0.007943615577186924,0.01884573861512795
2025-10-07,-0.0037074427188158454,-0.005265708175389294,0.005751508539114658,0.005159462258136571
2025-10-08,0.005963018112918661,0.011463714552300441,0.00078505168858789,0.016490956878444818
2025-10-09,-0.002896927773588187,-0.0012100110891775095,-0.0007844358658867234,-0.018452848086064733
2025-10-10,-0.02702787419005037,-0.03471431334207187,0.016147278371571927,0.01009770001194199
2025-10-13,0.01534405245669701,0.02122133928126546,-0.0005519031577546629,0.02430104394061705
2025-10-14,-0.0012216093756775015,-0.006661162045494384,0.00320201583107238,0.007141189222626965
2025-10-15,0.004439561180749063,0.007056842359143056,-0.0022010814632921205,0.017332403569977117
2025-10-16,-0.006810350456471936,-0.0037029196398723485,0.0075004661480071455,0.02338727694573106
2025-10-17,0.0056763870144511674,0.006566768844340265,-0.0015326253508385346,-0.01881705572696668
2025-10-20,0.010400419493367341,0.01260078296067979,0.003837619112052826,0.03640197438905224
2025-10-21,-1.4888084340025642e-05,-0.00026151618823311296,0.004915281014086448,-0.06426889260666147
2025-10-22,-0.005198959693403782,-0.009633996208226914,0.0006521767500975439,0.00010605594835544352
2025-10-23,0.005929999418908372,0.008406459215177797,-0.006843133662905787,0.004002358382396931
2025-10-24,0.008172552647061071,0.010678359659976433,0.00043717609117255307,-0.0033528327110016187
2025-10-27,0.01179771954420028,0.01780909691110777,0.003389220247246527,-0.027839530498784404
2025-10-28,0.0026559489971360595,0.007689917951688052,0.002614873408263163,-0.007166030388359279
2025-10-29,0.0004803961984587435,0.004502935977040101,-0.010106629241619203,-0.0037872684129753864
2025-10-30,-0.010998034372851295,-0.015288478436288222,-0.005818156615107761,0.01964188672951095
2025-10-31,0.0032801089636860237,0.004823769851511894,-0.0029813736145977154,-0.005430550723012573
2025-11-03,0.001876696652084675,0.00478501595070302,-0.002501007227822871,0.0017929035935666526
2025-11-04,-0.011853640515318009,-0.020298190582085818,0.002228563987454857,-0.017517195825319964
2025-11-05,0.0034654938502332033,0.006507898720820027,-0.01089623676960405,0.011564369498527016
2025-11-06,-0.010729329446956037,-0.018627295009879363,0.008993041055713968,-0.0012005195756800147
2025-11-07,0.0009845249103577203,-0.003155272110514473,-0.002116765449642788,0.006119021470095909
2025-11-10,0.015604317681877422,0.02212413010178449,-0.00022325282551038939,0.02734111859838051
2025-11-11,0.002289158000881031,-0.0026634204600163303,0.004578324210717133,0.003937814406542062
2025-11-12,0.000556507456396016,-0.0007882655572938324,0.001778632160005067,0.016110762091908537
2025-11-13,-0.016593945359895557,-0.020416090222653893,-0.008211436512158388,-0.008083098515826892
2025-11-14,-0.0001638639805948694,0.0007561425240969477,-0.005705847689473353,-0.018047911171504505
2025-11-17,-0.009316252939476244,-0.008540613513343676,0.002475659506510297,-0.011463979297139493
2025-11-18,-0.008397645619354854,-0.01217580497095061,-0.0003369502648425948,0.007264932736103624
2025-11-19,0.0038632365293529425,0.00597012438898914,-0.00202113761225009,0.0016294519610446923
2025-11-20,-0.015242276237766972,-0.02367181650792427,0.003938057885591206,-0.0002933255655774847
2025-11-21,0.00996129221104658,0.007512818636204566,0.0030257524581465134,-0.0015473311468576778
2025-11-24,0.014718458129947765,0.02557309454844159,0.005698551200342905,0.01584423909859045
2025-11-25,0.009405944613086525,0.006163809093776784,0.0025551209538929864,-0.0003156907704157108
2025-11-26,0.006903451122352244,0.008835779721254156,0.004432695486050076,0.007998338908444147
2025-11-28,0.005458555118998731,0.008107008640694247,-0.004744059414941049,0.012424331348639184
2025-12-01,-0.004565522464928917,-0.00335886755293735,-0.01244885432547338,0.004821066034977672
2025-12-02,0.0018521605335179991,0.007826080476529995,0.00045061621567388244,-0.006440050713598433
2025-12-03,0.0034628390228845785,0.0024437085374522383,0.0028149272658599678,-0.0009296182229129313
2025-12-04,0.000731151162097321,-0.000930273544088478,-0.005389432599117727,0.0006461951944911615
2025-12-05,0.0018993336917458858,0.004077563282360641,-0.004628745008259827,-0.0017823532991587676
2025-12-08,-0.0030041115903878257,-0.0019185406972982433,-0.003288953251880611,-0.002639449868615862
2025-12-09,-0.0008630954932499213,0.0012334521011070354,0.001023997234605556,0.005137202012788666
2025-12-10,0.006632084722901999,0.00409558470343363,0.003865025196834182,0.004259147967165866
2025-12-11,0.002327071699470329,-0.0032343971092777535,-0.0013588008368067284,0.010769830543307934
2025-12-12,-0.010752008599530072,-0.019118427936246296,-0.00963841271620236,0.005594579039939429
2025-12-15,-0.001510940359255808,-0.005019320877670652,0.0006871266878305526,0.0009103412637565533
2025-12-16,-0.0027322728752857683,0.001981959776852893,0.005491974393789123,0.00022745542760316262
2025-12-17,-0.011003473408355946,-0.018537114927365983,-0.0009103595030698353,0.008588228474273762
2025-12-18,0.007551176130278225,0.014490078911355564,0.004783607445315141,-0.0018032036998044676
2025-12-19,0.009063486264369258,0.013035454491181708,-0.0037324605228094,0.0011289903434383852
2025-12-22,0.006229818660208997,0.004793555616773082,-0.0021701710124578666,0.02308160549906857
2025-12-23,0.004570524308344925,0.004683254962587702,0.0016024753842875938,0.013252341857567629
2025-12-24,0.0035176469336466454,0.002925560348468359,0.00605714188138351,-0.004134082564786645
2025-12-26,-0.00010139418790333643,-6.399829128489465e-05,-0.0032941876829396533,0.011676735474757116
2025-12-29,-0.0035636809822511273,-0.004840720439142743,0.003760916759534938,-0.0435283019531133
2025-12-30,-0.0012212056239845337,-0.0023192392595361433,-0.002384335230943835,0.0007275678386380324
2025-12-31,-0.0074088956888227475,-0.008265726874685742,-0.007967316602290664,-0.006467991163222386
2026-01-02,0.0018330346379591411,-0.0019371542923305451,-0.0014913887861096597,0.004970859258759619
2026-01-05,0.006660178462529753,0.00794295464447936,0.004940770837958519,0.026313174195160993
2026-01-06,0.0059471682236194034,0.008786534957006875,-0.0020581239745907087,0.010813149047262716
2026-01-07,-0.0032234143669693793,0.0009626262495279203,0.005843287557880883,-0.009559953917112063
2026-01-08,-0.00010151182144413351,-0.00568913706346974,-0.005011939096054019,0.005522515913727544
2026-01-09,0.006613390447410161,0.009960345563613693,0.00663984405180118,0.007242001159325273
2026-01-12,0.0015703445496706436,0.0008297347213976902,-0.0029567470327221956,0.018722729613168898
2026-01-13,-0.00199942838080458,-0.0014828122674713784,0.001710905267478413,-0.0014210408732292512
2026-01-14,-0.004915311552799784,-0.010682812199433789,0.005807267801967164,0.010222226854541994
2026-01-15,0.0027232884465351326,0.0035994548970399443,-0.0002263984108131778,-0.006127660830587689
2026-01-16,-0.0008377644449499844,-0.0008363319707028749,-0.0057749565711725515,-0.004818883830700504
2026-01-20,-0.020356834003122604,-0.02124716684726291,-0.013097966003810524,0.03783617488689295
2026-01-21,0.01154108059120329,0.013518466424559117,0.007616816276434291,0.014568979615140476
2026-01-22,0.005223214802554832,0.007269304425451262,0.004352182643779123,0.01846258414950319
2026-01-23,0.00036274314526618667,0.003157455136937104,0.0027368782029564276,0.013745304981574558
2026-01-26,0.005078168996109245,0.004400072187147552,0.00477679962831612,0.014628847613605389
2026-01-27,0.0039842915730679,0.009065330559677509,-0.006225301974898567,0.02453194232197564
2026-01-28,-0.00010064921396324422,0.0033113909811974818,-0.0022779188135512163,0.038773348494905324
2026-01-29,-0.001984439728138443,-0.0059851276594469205,0.00022828502646832227,0.0027094717415592218
2026-01-30,-0.0029825340247910948,-0.012010999866797434,-0.005592379766662159,-0.10274245274560034
2026-02-02,0.004971300173138626,0.006866463760822672,-0.0028572679236972265,-0.04004945911975233
2026-02-03,-0.008455418456572827,-0.015363965344589059,0.0024264680525449833,0.06358720612372104
2026-02-04,-0.004843928082311488,-0.017469043474581114,-0.0025357190745072256,-0.0007044119795716064
2026-02-05,-0.01248919245872293,-0.014395321285518126,0.010861978972890318,-0.026631707613677613
2026-02-06,0.0191847683064843,0.021137936669279433,0.0006857783732294731,0.03073229479090611
2026-02-09,0.00482176499257525,0.007660174895975258,-0.00022846596425385446,0.02540290594406658
2026-02-10,-0.002637135289800363,-0.00463928455963436,0.011540301994866109,-0.009913720520981939
2026-02-11,-0.0002310739544192364,0.0026820051158211733,-0.005309043363425858,0.011310577541873812
2026-02-12,-0.015448908452140975,-0.02033892582622543,0.013286469982098481,-0.03472828959819363
2026-02-13,0.0007046233276368774,0.002131025653470342,0.0054914457184080945,0.024878663914389865
2026-02-17,0.0016134293041962788,-0.001030077782878669,0.0016719914152072413,-0.03117025433910059
2026-02-18,0.005037695790158558,0.007467209057409274,-0.0037833119870808174,0.022489929267582198
2026-02-19,-0.002637440014283343,-0.0038297237800856143,0.001005201269066669,0.0027930496262249527
2026-02-20,0.0072319245695726675,0.008848966575272899,-0.00234326001340035,0.019714504323102178
2026-02-23,-0.01021138412746736,-0.012155050937099343,0.003690889474135206,0.027015500392687075
2026-02-24,0.007268496179203332,0.010741486606593798,0.0017830076620006796,-0.01385890426498504
2026-02-25,0.008438229885944226,0.014493219410373515,0.00011119062150677372,-0.0025072627221415233
2026-02-26,-0.005554395000458845,-0.012064483343630195,0.0040039856883258285,0.008575889154321725
2026-02-27,-0.004801996508287942,-0.0032007731474020806,0.00609284824513856,0.01313141674919538
2026-03-02,0.0005686794289856412,0.0013172559930003658,-0.010042157377075145,0.012919896640826822
2026-03-03,-0.008814360718000014,-0.010705570377263718,-0.002008572943428044,-0.04461221500318879
2026-03-04,0.007055426061514547,0.015243260269211634,-0.003131026136149462,0.007818116439543665
2026-03-05,-0.0055756895160732345,-0.0030127655222101923,-0.004038048707944442,-0.012017768242597482
2026-03-06,-0.013107084633170007,-0.015043369286659725,-0.0037166548611321515,0.01583250339069653
2026-03-09,0.008759940630667318,0.01335562691981207,0.008704428784273244,-0.0020696732193965506
2026-03-10,-0.0016071064194473905,1.6526024154916996e-05,-0.010646704707862664,0.01127967872100144
2026-03-11,-0.0012551629681688548,-0.00013160140775214657,-0.01291340839068622,-0.003390104145245987
2026-03-12,-0.015184930829711507,-0.01716334428476407,-0.0019509948514666586,-0.019653925633074443
2026-03-13,-0.005660061445393549,-0.005927220208166384,-0.004944119979681583,-0.012936961278600778
2026-03-16,0.01017678036768932,0.011217504869518224,0.007742058886022196,-0.0008896876689684641
2026-03-17,0.002630641382033616,0.004880223770939329,0.0027519769370401015,-0.00251939204778584
2026-03-18,-0.013953630828001051,-0.013939789958076654,-0.005603222024536558,-0.03163716142328721
2026-03-19,-0.002464455575723834,-0.00316015663966962,0.0060946866801838695,-0.041215062676522196
2026-03-20,-0.014335681872974515,-0.01848165384048972,-0.018973457613974065,-0.0305574415876555
2026-03-23,0.010499959707213291,0.011478937044348214,0.006524522404996347,-0.02259421410703788
2026-03-24,-0.0033568197458091475,-0.0068368493321682156,-0.004398610173670492,0.00022274115430986896
2026-03-25,0.005572720875308912,0.006575664604969944,0.00964992261978681,0.030089336389747867
2026-03-26,-0.01785871391108962,-0.02386793610202098,-0.00840610402572839,-0.0375939695290467
2026-03-27,-0.017051920414101196,-0.019536759877538112,-0.005458290777096253,0.03509384246336822
2026-03-30,-0.003343373094761515,-0.007643182879722654,0.01331166856774324,-0.00028942761329309175
2026-03-31,0.029067828330166412,0.03385378976432163,-0.001037127304025054,0.037893826237359374
2026-04-01,0.007534524709556623,0.012353248936580297,-0.0009844339644308198,0.017499822514495333
2026-04-02,0.0009004486514896382,0.0011465661844940467,0.006144215006684606,-0.019208815315471583
2026-04-06,0.004726890756302504,0.006017362300125839,-0.001613075499316885,-0.004098669687746526
2026-04-07,0.00043997599961653755,0.0001529927014582988,-0.00011550840841978438,0.009727589667910319
2026-04-08,0.0254696046172882,0.029732056399946583,0.0032317367245804363,0.00629906958171822
2026-04-09,0.005769005826991691,0.006764589558553746,-0.0025309653609010274,0.007778530578574028
2026-04-10,-0.0006617045143784139,0.0014421636444248431,-0.002422214697525904,-0.0017811851128632927
2026-04-13,0.009772427509418202,0.010342659981562141,0.003006077163713261,-0.004049183335572026
2026-04-14,0.01218482451098879,0.018156875523408278,0.005302601017687092,0.022349346089928224
2026-04-15,0.00789104262604634,0.013999461125057566,-0.0043572114381839055,-0.010402401583740839
2026-04-16,0.0024573146961406334,0.0048164068171479,-0.0063341504860955355,-0.0008627455164704756
2026-04-17,0.012085709684531931,0.013084099653997816,0.009156274175897927,0.013293051904224695
2026-04-20,-0.0019997769579219726,-0.0031748578483062895,-0.0002299024486576151,-0.008611208936292858
2026-04-21,-0.006546877598048839,-0.003803257976491281,-0.005513924669890424,-0.02832000071791463
2026-04-22,0.010126679110719516,0.01673046242606646,0.0019636609092956725,0.013245809401008168
2026-04-23,-0.0038807172806204493,-0.0056326671539821405,-0.002190410322462144,-0.00969535708776803
2026-04-24,0.007749329558953688,0.019127514037256654,0.0018485627027382545,0.005127114447075254
2026-04-27,0.0017227696705925943,0.0005271905772745722,-0.0049589408202508345,-0.007755303754327758
2026-04-28,-0.0048659811570929135,-0.01005674119631117,0.0010429521232606653,-0.0185629131043068
2026-04-29,-0.00015454822141547364,0.006113613321933942,-0.0077574004775780026,-0.010665781709228828
2026-04-30,0.009949685183250345,0.009326281061176722,-0.0009334034852992446,0.014973287523456946
2026-05-01,0.00276905737155686,0.009599640629495587,0.003575515913384786,-0.0011330099187528697
2026-05-04,-0.0036633809509297732,-0.0018839258859709718,-0.007592656868765535,-0.02001512681908013
2026-05-05,0.008022242913074518,0.012974028218234235,0.005532110408009938,0.008584306218673232
2026-05-06,0.013899418730159985,0.020774385215872604,0.007608473050410902,0.030339261182306565
2026-05-07,-0.0030660889376450395,-0.0011929535040877681,-0.004995309021737282,0.001670691560653248
2026-05-08,0.008256054754597786,0.023440885181338134,0.005020387408250393,0.004841540894530816
2026-05-11,0.0022775635209937306,0.002896399723285814,-0.006040889056271315,0.0020287362083613036
2026-05-12,-0.0015148976832113359,-0.008481881888388387,-0.00666198113816685,-0.003957209812161411
2026-05-13,0.005594852718878274,0.010562283683906104,-0.0022354928176325783,-0.005612899814961825
2026-05-14,0.007894249484761584,0.0071077082416364235,0.0014150583516265858,-0.007642296271595517
2026-05-15,-0.012029288059682064,-0.01508774216760933,-0.014837436650951163,-0.02322039069444226
2026-05-18,-0.0007035134425675826,-0.004302225286858863,-0.0011954846098027883,0.00273187497307803
2026-05-19,-0.006660801173054454,-0.006162428965955091,-0.006462305182482808,-0.016561892782745558
2026-05-20,0.0102489448693448,0.016563696127924077,0.010720323816963528,0.014337773746013083
2026-05-21,0.0019831294549137457,0.0019070655685766713,0.0036944252582746806,-0.0009822799906678004
2026-05-22,0.003931565762728351,0.004240633637315083,0.005461854099274799,-0.007602059964016306
2026-05-26,0.006638589859918387,0.01775510896470789,0.004959768731396252,0.0004349540200947466
2026-05-27,-0.0001731819956434233,-0.0011365795004276702,0.002350329259150019,-0.013309202332427494
2026-05-28,0.005516544483684438,0.008431075515342279,0.005158163953057793,0.010477609933210896
2026-05-29,0.002491413132097442,0.0036840064561787234,0.00023342311794372073,0.010538571648365469
2026-06-01,0.002723144858072235,0.0060001918709355895,0.0005384735269338137,-0.014048680044494555
2026-06-02,0.0013579151752256546,0.004604530661185269,0.0021058695888718226,0.001677776649860796
2026-06-03,-0.00701716271996522,-0.0026132570557489965,-0.003969594883797445,-0.009904155768766798
2026-06-04,0.003778634283035931,-0.004837399690344579,0.0022271571864720396,0.008335974543818736
2026-06-05,-0.025809369612244448,-0.04800103929422472,-0.005146246614174843,-0.036545333189379026
2026-06-08,0.002264222440912178,0.015615844872174156,-0.005172776731306006,0.002599431669397134
2026-06-09,-0.002935520049857532,-0.011507289561625167,0.005908802779969191,-0.01633647245916592
2026-06-10,-0.0157655110158077,-0.01997658546297376,-0.0028195832145171407,-0.04145558180468856
2026-06-11,0.016996857394830034,0.033775932065986725,0.012959547140083405,0.0313418259725633
2026-06-12,0.005408207317551872,0.005884675943221618,-0.0024425591082518627,0.0005694792310317887
2026-06-15,0.017634009390668393,0.03141368315380433,-0.0005829128256479299,0.02589636008372853
2026-06-16,-0.005961575485861181,-0.019005412853389303,0.00548300859771178,0.002723533282284807
2026-06-17,-0.01248789492983049,-0.010070341710618935,0.001624345627797119,-0.02270955075927472
2026-06-18,0.010396979807429707,0.02506539581068923,0.004865044824139186,-0.003808571701190089
2026-06-22,-0.0031469282666526377,-0.0025101621760993398,-0.007608095028768802,-0.0065354381359996605
2026-06-23,-0.014522012225013592,-0.03292899719133657,0.0012776772165283834,-0.018903219228002754
2026-06-24,-0.0004635003677893046,-0.004245791899862628,0.013689121073942268,-0.030213064971899795
2026-06-25,0.0014456368287247834,0.008105545686541538,-0.0003433211494219268,0.009674185334065832
2026-06-26,-0.007231332133985857,-0.013763553147168484,0.00011450913837696142,0.011286779419095394
2026-06-29,0.01647481275894025,0.024854164910073306,0.0010301992107195623,-0.013516094115971211
2026-06-30,0.007786815227913024,0.017014713891123634,-0.011778218208355562,-0.0005425733809176769
2026-07-01,-0.0013525036475483532,-0.015249963514154086,-0.006759352683941788,0.006026389031102086
2026-07-02,-0.0013140507435593918,-0.01733382526666305,-0.00011688874178894526,0.020318398961908235
2026-07-06,0.008727392224116226,0.014341917254311332,-0.0007017741378964049,0.01057837238078907
2026-07-07,-0.004751890339538711,-0.018524717261255708,-0.010532384774988857,-0.012142502784779907
2026-07-08,-0.0030894091522385425,0.002833298395807704,-0.0022471836538101586,-0.008053135463158223
2026-07-09,0.008465256756416295,0.016642333885830585,0.0015409040991603007,0.009961224054354512
2026-07-10,0.004310118179872147,0.003083152100227471,-0.00023662743292818256,-0.003093719744077905
2026-07-13,-0.007656140611366324,-0.01897984931090735,-0.005919270738271143,-0.02620621369961662
2026-07-14,0.0035506379166867497,0.011169877197279243,0.001310059703594657,0.013673600487310367
2026-07-15,0.003963630921285599,-0.0027095386610569427,0.0019028903136051323,0.0005374505181017231
2026-07-16,-0.005418616825605738,-0.016440498089291156,-0.00035617704281043494,-0.01984695723728025
2026-07-17,-0.009897199757215702,-0.015029581322824392,0.0036811987299434357,0.009453124418586922
2026-07-20,-0.0016143534967409945,0.0010498726409937653,-0.007453757119730509,-0.0021986307389650905
2026-07-21,0.008341327043244195,0.01854722842715173,-0.002741594665815583,0.019613686984128575
2026-07-22,-0.001162766737217713,-0.005106055642898566,-0.0026298279959032778,0.011499153135369422
2026-07-23,-0.012349253784127878,-0.01898336374339682,-0.003235867191303532,-0.020046439653404247
2026-07-24,0.0010159657563921787,-0.011171210722356162,0.0009619017029653953,0.0010228383237773642
2026-07-27,0.00021661654234961247,-0.0030837356474000543,0.006006015991534719,0.007340712640850455
2026-07-28,0.0023947666975516757,-0.009719710851298968,0.005850800009034485,-0.01404054586409964
2026-07-29,-0.015387445003102407,-0.02037047288151972,-0.016500526780552027,0.004629481218515252
2026-07-30,0.01676574369337569,0.03297419933967949,-0.000603464173932089,0.016384653740035837
2026-07-31,0.007199869193782904,0.006495569881900698,-0.006642578531842247,-0.014900824749758845
2026-08-03,0.014242990614400597,0.017558420982753953,0.0032959594930270786,0.00045750903333918735
2026-08-04,0.01802895214665101,0.03396794626081601,0.007665152303669043,0.00659119276681408
2026-08-05,-0.0019965624761277834,-0.009048794851582387,0.0021733974049249483,0.04137270374924307
2026-08-06,-0.0015978064697251826,-0.0036943750473806825,-0.0057831880715829564,7.699101265035146e-05
2026-08-07,0.0061153280785064545,0.011726019049234537,0.0029084603452897984,0.022583179330530445
2026-08-10,-0.0002974431285415191,-0.0029874614166396363,-0.00845826958468221,0.01021408716277361
2026-08-11,-0.003195199981383512,-0.0033570539834080204,0.001584270596217685,-0.003925118140567174
2026-08-12,0.0025046088948632583,0.007307443460370822,-0.0009733792969137678,0.009876351898066904
2026-08-13,0.006977515074108265,0.011565537129121894,0.005845779578274479,-0.014719010607066263
2026-08-14,-0.0019797506799419384,-0.0013659941160515388,-0.006659363813487751,0.006316471789712619
2026-08-17,-0.004727362317670902,-0.0016414852746460262,-0.008410489858243442,0.009987992274373525
2026-08-18,-0.00675574496080833,-0.01693448594486635,0.0038107683059835917,-0.017115101749848316
2026-08-19,0.0020977847370853286,-0.0019930264086855942,0.016654282121715935,0.038364092367917824
2026-08-20,-0.008399827926766523,-0.0071919537489711916,-0.008190822577626156,0.003431310265562093
2026-08-21,0.004091229991858514,0.003530669955839505,-0.0035219095046445936,0.019505792504578512
2026-08-24,-0.0029384361156037375,-0.009979845564302758,0.00621567092815023,0.007865686897826407
2026-08-25,0.003195939766817757,0.006229422572993526,0.01102236030514292,0.0032342095547504
2026-08-26,0.00022200767959623668,0.0009146072815255923,-0.00203664305951734,-0.015768448815633995
2026-08-27,0.006552844629756693,0.013691886096947492,-0.0020408913798588557,0.0030380678748824774
2026-08-28,-0.0022694869107554583,-0.006489968792703249,-0.003007345761939284,-0.03244200486764748
2026-08-31,-0.002989548034258882,0.00046060937059055895,-0.004343648119223276,-0.0011494563424524484
2026-09-01,-0.006870413937474118,-0.01272396313002655,-0.004075074249824118,-0.028573559189207676
2026-09-02,0.004436916429827686,0.0022610270072151994,0.000977088053945252,0.015198484635909004
2026-09-03,0.010468417941536634,0.01188593267524074,0.0014643410744459295,0.01847162834290339
2026-09-04,-0.0038542322600894074,0.0017975381542669755,0.0017058534198735043,-0.008410151130527455
2026-09-08,-0.005492178930014524,-0.0008345245704174387,-0.00012166568959803836,-0.017331632085403892
2026-09-09,-0.004647717444469568,-0.002853702094152255,-0.005717683804836726,0.009081369137713402
2026-09-10,-0.005994275703456675,-0.010637841445189311,-0.011623694342551727,-0.017329913589140267
2026-09-11,0.008524301461116268,0.008734391341528314,0.0011141862917212197,0.006080340476276369
2026-09-14,-0.004461653484890693,-0.007973401255785939,0.0007419012805249814,-0.01487070952969316
2026-09-15,-0.004586752409134642,-0.006542800059618603,-0.002718413689281274,0.0033346847846598138
2026-09-16,-0.0044098804847823025,0.00025548151370968775,0.00210628386660483,-0.006114432828691951
2026-09-17,0.011338753705953053,0.01731186438003518,0.011127615683009573,0.01689895155515475
2026-09-18,0.0012869590529585029,0.006318759752816483,-0.0064807873221813805,0.007053991815196836
2026-09-21,0.015504992215651825,0.02882053954743813,0.006769268329327005,-0.006954678693661731
